[3943694336, 3943694384]
[3943694400, 3943694640]
[3943694656, 3943694896]
[3943694912, 3943695152]
[3943695168, 3943695408]
[3943695424, 3943695664]
[3943695680, 3943695920]
[3943695936, 3943696176]
[3943696192, 3943696432]
[3943696448, 3943696688]
[3943696704, 3943696944]
[3943696960, 3943697200]
[3943697216, 3943697456]
[3943697472, 3943697712]
[3943697728, 3943697968]
[3943697984, 3943698224]
[3943698240, 3943698432]
[3943698480, 3943698496]
[3943698736, 3943698752]
[3943698992, 3943699008]
[3943699248, 3943699264]
[3943699504, 3943699520]
[3943699760, 3943699776]
[3943700016, 3943700032]
[3943700272, 3943700288]
[3943700528, 3943700544]
[3943700784, 3943700800]
[3943701040, 3943701056]
[3943701296, 3943701312]
[3943701552, 3943701568]
[3943701808, 3943701824]
[3943702064, 3943702080]
[3943702320, 3943702336]
[3943702576, 3943702592]
[3943702832, 3943702848]
[3943703088, 3943703104]
[3943703344, 3943703360]
[3943703600, 3943703616]
[3943703856, 3943703872]
[3943704112, 3943704128]
[3943704368, 3943704384]
[3943704624, 3943704640]
[3943704880, 3943704896]
[3943705136, 3943705152]
[3943705392, 3943705408]
[3943705648, 3943705664]
[3943705904, 3943705920]
[3943706160, 3943706176]
[3943706416, 3943706432]
[3943706672, 3943706688]
[3943706928, 3943706944]
[3943707184, 3943707200]
[3943707440, 3943707456]
[3943707696, 3943707712]
[3943707952, 3943707968]
[3943708208, 3943708224]
[3943708464, 3943708480]
[3943708720, 3943708736]
[3943708976, 3943708992]
[3943709232, 3943709248]
[3943709488, 3943709504]
[3943709744, 3943709760]
[3943710000, 3943710016]
[3943710256, 3943710272]
[3943710512, 3943710528]
[3943710768, 3943710784]
[3943711024, 3943711040]
[3943711280, 3943711296]
[3943711536, 3943711552]
[3943711792, 3943711808]
[3943712048, 3943712064]
[3943712304, 3943712320]
[3943712560, 3943712576]
[3943712816, 3943712832]
[3943713072, 3943713088]
[3943713328, 3943713344]
[3943713584, 3943713600]
[3943713840, 3943713856]
[3943714096, 3943714112]
[3943714352, 3943714368]
[3943714608, 3943714624]
[3943714864, 3943714880]
[3943715120, 3943715136]
[3943715376, 3943715392]
[3943715632, 3943715648]
[3943715888, 3943715904]
[3943716144, 3943716160]
[3943716400, 3943716416]
[3943716656, 3943716672]
[3943716912, 3943716928]
[3943717168, 3943717184]
[3943717424, 3943717440]
[3943717680, 3943717696]
[3943717936, 3943717952]
[3943718192, 3943718208]
[3943718448, 3943718464]
[3943718704, 3943718720]
[3943718960, 3943718976]
[3943719216, 3943719232]
[3943719472, 3943719488]
[3943719728, 3943719744]
[3943719984, 3943720000]
[3943720240, 3943720256]
[3943720496, 3943720512]
[3943720752, 3943720768]
[3943721008, 3943721024]
[3943721264, 3943721280]
[3943721520, 3943721536]
[3943721776, 3943721792]
[3943722032, 3943722048]
[3943722288, 3943722304]
[3943722544, 3943722560]
[3943722800, 3943722816]
[3943723056, 3943723072]
[3943723312, 3943723328]
[3943723568, 3943723584]
[3943723824, 3943723840]
[3943724080, 3943724096]
[3943724336, 3943724352]
[3943724592, 3943724608]
[3943724848, 3943724864]
[3943725104, 3943725120]
[3943725360, 3943725376]
[3943725616, 3943725632]
[3943725872, 3943725888]
[3943726128, 3943726144]
[3943726384, 3943726400]
[3943726640, 3943726656]
[3943726896, 3943726912]
[3943727104, 3943727152]
[3943727168, 3943727408]
[3943727424, 3943727664]
[3943727680, 3943727920]
[3943727936, 3943728176]
[3943728192, 3943728432]
[3943728448, 3943728688]
[3943728704, 3943728944]
[3943728960, 3943729200]
[3943729216, 3943729456]
[3943729472, 3943729712]
[3943729728, 3943729968]
[3943729984, 3943730224]
[3943730240, 3943730480]
[3943730496, 3943730736]
[3943730752, 3943730992]
[3943731008, 3943731200]
[3943731248, 3943731264]
[3943731504, 3943731520]
[3943731760, 3943731776]
[3943732016, 3943732032]
[3943732272, 3943732288]
[3943732528, 3943732544]
[3943732784, 3943732800]
[3943733040, 3943733056]
[3943733296, 3943733312]
[3943733552, 3943733568]
[3943733808, 3943733824]
[3943734064, 3943734080]
[3943734320, 3943734336]
[3943734576, 3943734592]
[3943734832, 3943734848]
[3943735088, 3943735104]
[3943735344, 3943735360]
[3943735600, 3943735616]
[3943735856, 3943735872]
[3943736112, 3943736128]
[3943736368, 3943736384]
[3943736624, 3943736640]
[3943736880, 3943736896]
[3943737136, 3943737152]
[3943737392, 3943737408]
[3943737648, 3943737664]
[3943737904, 3943737920]
[3943738160, 3943738176]
[3943738416, 3943738432]
[3943738672, 3943738688]
[3943738928, 3943738944]
[3943739184, 3943739200]
[3943739440, 3943739456]
[3943739696, 3943739712]
[3943739952, 3943739968]
[3943740208, 3943740224]
[3943740464, 3943740480]
[3943740720, 3943740736]
[3943740976, 3943740992]
[3943741232, 3943741248]
[3943741488, 3943741504]
[3943741744, 3943741760]
[3943742000, 3943742016]
[3943742256, 3943742272]
[3943742512, 3943742528]
[3943742768, 3943742784]
[3943743024, 3943743040]
[3943743280, 3943743296]
[3943743536, 3943743552]
[3943743792, 3943743808]
[3943744048, 3943744064]
[3943744304, 3943744320]
[3943744560, 3943744576]
[3943744816, 3943744832]
[3943745072, 3943745088]
[3943745328, 3943745344]
[3943745584, 3943745600]
[3943745840, 3943745856]
[3943746096, 3943746112]
[3943746352, 3943746368]
[3943746608, 3943746624]
[3943746864, 3943746880]
[3943747120, 3943747136]
[3943747376, 3943747392]
[3943747632, 3943747648]
[3943747888, 3943747904]
[3943748144, 3943748160]
[3943748400, 3943748416]
[3943748656, 3943748672]
[3943748912, 3943748928]
[3943749168, 3943749184]
[3943749424, 3943749440]
[3943749680, 3943749696]
[3943749936, 3943749952]
[3943750192, 3943750208]
[3943750448, 3943750464]
[3943750704, 3943750720]
[3943750960, 3943750976]
[3943751216, 3943751232]
[3943751472, 3943751488]
[3943751728, 3943751744]
[3943751984, 3943752000]
[3943752240, 3943752256]
[3943752496, 3943752512]
[3943752752, 3943752768]
[3943753008, 3943753024]
[3943753264, 3943753280]
[3943753520, 3943753536]
[3943753776, 3943753792]
[3943754032, 3943754048]
[3943754288, 3943754304]
[3943754544, 3943754560]
[3943754800, 3943754816]
[3943755056, 3943755072]
[3943755312, 3943755328]
[3943755568, 3943755584]
[3943755824, 3943755840]
[3943756080, 3943756096]
[3943756336, 3943756352]
[3943756592, 3943756608]
[3943756848, 3943756864]
[3943757104, 3943757120]
[3943757360, 3943757376]
[3943757616, 3943757632]
[3943757872, 3943757888]
[3943758128, 3943758144]
[3943758384, 3943758400]
[3943758640, 3943758656]
[3943758896, 3943758912]
[3943759152, 3943759168]
[3943759408, 3943759424]
[3943759664, 3943759680]
[3943759872, 3943759920]
[3943759936, 3943760176]
[3943760192, 3943760432]
[3943760448, 3943760688]
[3943760704, 3943760944]
[3943760960, 3943761200]
[3943761216, 3943761456]
[3943761472, 3943761712]
[3943761728, 3943761968]
[3943761984, 3943762224]
[3943762240, 3943762480]
[3943762496, 3943762736]
[3943762752, 3943762992]
[3943763008, 3943763248]
[3943763264, 3943763504]
[3943763520, 3943763760]
[3943763776, 3943763968]
[3943764016, 3943764032]
[3943764272, 3943764288]
[3943764528, 3943764544]
[3943764784, 3943764800]
[3943765040, 3943765056]
[3943765296, 3943765312]
[3943765552, 3943765568]
[3943765808, 3943765824]
[3943766064, 3943766080]
[3943766320, 3943766336]
[3943766576, 3943766592]
[3943766832, 3943766848]
[3943767088, 3943767104]
[3943767344, 3943767360]
[3943767600, 3943767616]
[3943767856, 3943767872]
[3943768112, 3943768128]
[3943768368, 3943768384]
[3943768624, 3943768640]
[3943768880, 3943768896]
[3943769136, 3943769152]
[3943769392, 3943769408]
[3943769648, 3943769664]
[3943769904, 3943769920]
[3943770160, 3943770176]
[3943770416, 3943770432]
[3943770672, 3943770688]
[3943770928, 3943770944]
[3943771184, 3943771200]
[3943771440, 3943771456]
[3943771696, 3943771712]
[3943771952, 3943771968]
[3943772208, 3943772224]
[3943772464, 3943772480]
[3943772720, 3943772736]
[3943772976, 3943772992]
[3943773232, 3943773248]
[3943773488, 3943773504]
[3943773744, 3943773760]
[3943774000, 3943774016]
[3943774256, 3943774272]
[3943774512, 3943774528]
[3943774768, 3943774784]
[3943775024, 3943775040]
[3943775280, 3943775296]
[3943775536, 3943775552]
[3943775792, 3943775808]
[3943776048, 3943776064]
[3943776304, 3943776320]
[3943776560, 3943776576]
[3943776816, 3943776832]
[3943777072, 3943777088]
[3943777328, 3943777344]
[3943777584, 3943777600]
[3943777840, 3943777856]
[3943778096, 3943778112]
[3943778352, 3943778368]
[3943778608, 3943778624]
[3943778864, 3943778880]
[3943779120, 3943779136]
[3943779376, 3943779392]
[3943779632, 3943779648]
[3943779888, 3943779904]
[3943780144, 3943780160]
[3943780400, 3943780416]
[3943780656, 3943780672]
[3943780912, 3943780928]
[3943781168, 3943781184]
[3943781424, 3943781440]
[3943781680, 3943781696]
[3943781936, 3943781952]
[3943782192, 3943782208]
[3943782448, 3943782464]
[3943782704, 3943782720]
[3943782960, 3943782976]
[3943783216, 3943783232]
[3943783472, 3943783488]
[3943783728, 3943783744]
[3943783984, 3943784000]
[3943784240, 3943784256]
[3943784496, 3943784512]
[3943784752, 3943784768]
[3943785008, 3943785024]
[3943785264, 3943785280]
[3943785520, 3943785536]
[3943785776, 3943785792]
[3943786032, 3943786048]
[3943786288, 3943786304]
[3943786544, 3943786560]
[3943786800, 3943786816]
[3943787056, 3943787072]
[3943787312, 3943787328]
[3943787568, 3943787584]
[3943787824, 3943787840]
[3943788080, 3943788096]
[3943788336, 3943788352]
[3943788592, 3943788608]
[3943788848, 3943788864]
[3943789104, 3943789120]
[3943789360, 3943789376]
[3943789616, 3943789632]
[3943789872, 3943789888]
[3943790128, 3943790144]
[3943790384, 3943790400]
[3943790640, 3943790656]
[3943790896, 3943790912]
[3943791152, 3943791168]
[3943791408, 3943791424]
[3943791664, 3943791680]
[3943791920, 3943791936]
[3943792176, 3943792192]
[3943792432, 3943792448]
[3943792640, 3943792688]
[3943792704, 3943792944]
[3943792960, 3943793200]
[3943793216, 3943793456]
[3943793472, 3943793712]
[3943793728, 3943793968]
[3943793984, 3943794224]
[3943794240, 3943794480]
[3943794496, 3943794736]
[3943794752, 3943794992]
[3943795008, 3943795248]
[3943795264, 3943795504]
[3943795520, 3943795760]
[3943795776, 3943796016]
[3943796032, 3943796272]
[3943796288, 3943796528]
[3943796544, 3943796736]
[3943796784, 3943796800]
[3943797040, 3943797056]
[3943797296, 3943797312]
[3943797552, 3943797568]
[3943797808, 3943797824]
[3943798064, 3943798080]
[3943798320, 3943798336]
[3943798576, 3943798592]
[3943798832, 3943798848]
[3943799088, 3943799104]
[3943799344, 3943799360]
[3943799600, 3943799616]
[3943799856, 3943799872]
[3943800112, 3943800128]
[3943800368, 3943800384]
[3943800624, 3943800640]
[3943800880, 3943800896]
[3943801136, 3943801152]
[3943801392, 3943801408]
[3943801648, 3943801664]
[3943801904, 3943801920]
[3943802160, 3943802176]
[3943802416, 3943802432]
[3943802672, 3943802688]
[3943802928, 3943802944]
[3943803184, 3943803200]
[3943803440, 3943803456]
[3943803696, 3943803712]
[3943803952, 3943803968]
[3943804208, 3943804224]
[3943804464, 3943804480]
[3943804720, 3943804736]
[3943804976, 3943804992]
[3943805232, 3943805248]
[3943805488, 3943805504]
[3943805744, 3943805760]
[3943806000, 3943806016]
[3943806256, 3943806272]
[3943806512, 3943806528]
[3943806768, 3943806784]
[3943807024, 3943807040]
[3943807280, 3943807296]
[3943807536, 3943807552]
[3943807792, 3943807808]
[3943808048, 3943808064]
[3943808304, 3943808320]
[3943808560, 3943808576]
[3943808816, 3943808832]
[3943809072, 3943809088]
[3943809328, 3943809344]
[3943809584, 3943809600]
[3943809840, 3943809856]
[3943810096, 3943810112]
[3943810352, 3943810368]
[3943810608, 3943810624]
[3943810864, 3943810880]
[3943811120, 3943811136]
[3943811376, 3943811392]
[3943811632, 3943811648]
[3943811888, 3943811904]
[3943812144, 3943812160]
[3943812400, 3943812416]
[3943812656, 3943812672]
[3943812912, 3943812928]
[3943813168, 3943813184]
[3943813424, 3943813440]
[3943813680, 3943813696]
[3943813936, 3943813952]
[3943814192, 3943814208]
[3943814448, 3943814464]
[3943814704, 3943814720]
[3943814960, 3943814976]
[3943815216, 3943815232]
[3943815472, 3943815488]
[3943815728, 3943815744]
[3943815984, 3943816000]
[3943816240, 3943816256]
[3943816496, 3943816512]
[3943816752, 3943816768]
[3943817008, 3943817024]
[3943817264, 3943817280]
[3943817520, 3943817536]
[3943817776, 3943817792]
[3943818032, 3943818048]
[3943818288, 3943818304]
[3943818544, 3943818560]
[3943818800, 3943818816]
[3943819056, 3943819072]
[3943819312, 3943819328]
[3943819568, 3943819584]
[3943819824, 3943819840]
[3943820080, 3943820096]
[3943820336, 3943820352]
[3943820592, 3943820608]
[3943820848, 3943820864]
[3943821104, 3943821120]
[3943821360, 3943821376]
[3943821616, 3943821632]
[3943821872, 3943821888]
[3943822128, 3943822144]
[3943822384, 3943822400]
[3943822640, 3943822656]
[3943822896, 3943822912]
[3943823152, 3943823168]
[3943823408, 3943823424]
[3943823664, 3943823680]
[3943823920, 3943823936]
[3943824176, 3943824192]
[3943824432, 3943824448]
[3943824688, 3943824704]
[3943824944, 3943824960]
[3943825200, 3943825216]
[3943825408, 3943825456]
[3943825472, 3943825712]
[3943825728, 3943825968]
[3943825984, 3943826224]
[3943826240, 3943826480]
[3943826496, 3943826736]
[3943826752, 3943826992]
[3943827008, 3943827248]
[3943827264, 3943827504]
[3943827520, 3943827760]
[3943827776, 3943828016]
[3943828032, 3943828272]
[3943828288, 3943828528]
[3943828544, 3943828784]
[3943828800, 3943829040]
[3943829056, 3943829296]
[3943829312, 3943829504]
[3943829552, 3943829568]
[3943829808, 3943829824]
[3943830064, 3943830080]
[3943830320, 3943830336]
[3943830576, 3943830592]
[3943830832, 3943830848]
[3943831088, 3943831104]
[3943831344, 3943831360]
[3943831600, 3943831616]
[3943831856, 3943831872]
[3943832112, 3943832128]
[3943832368, 3943832384]
[3943832624, 3943832640]
[3943832880, 3943832896]
[3943833136, 3943833152]
[3943833392, 3943833408]
[3943833648, 3943833664]
[3943833904, 3943833920]
[3943834160, 3943834176]
[3943834416, 3943834432]
[3943834672, 3943834688]
[3943834928, 3943834944]
[3943835184, 3943835200]
[3943835440, 3943835456]
[3943835696, 3943835712]
[3943835952, 3943835968]
[3943836208, 3943836224]
[3943836464, 3943836480]
[3943836720, 3943836736]
[3943836976, 3943836992]
[3943837232, 3943837248]
[3943837488, 3943837504]
[3943837744, 3943837760]
[3943838000, 3943838016]
[3943838256, 3943838272]
[3943838512, 3943838528]
[3943838768, 3943838784]
[3943839024, 3943839040]
[3943839280, 3943839296]
[3943839536, 3943839552]
[3943839792, 3943839808]
[3943840048, 3943840064]
[3943840304, 3943840320]
[3943840560, 3943840576]
[3943840816, 3943840832]
[3943841072, 3943841088]
[3943841328, 3943841344]
[3943841584, 3943841600]
[3943841840, 3943841856]
[3943842096, 3943842112]
[3943842352, 3943842368]
[3943842608, 3943842624]
[3943842864, 3943842880]
[3943843120, 3943843136]
[3943843376, 3943843392]
[3943843632, 3943843648]
[3943843888, 3943843904]
[3943844144, 3943844160]
[3943844400, 3943844416]
[3943844656, 3943844672]
[3943844912, 3943844928]
[3943845168, 3943845184]
[3943845424, 3943845440]
[3943845680, 3943845696]
[3943845936, 3943845952]
[3943846192, 3943846208]
[3943846448, 3943846464]
[3943846704, 3943846720]
[3943846960, 3943846976]
[3943847216, 3943847232]
[3943847472, 3943847488]
[3943847728, 3943847744]
[3943847984, 3943848000]
[3943848240, 3943848256]
[3943848496, 3943848512]
[3943848752, 3943848768]
[3943849008, 3943849024]
[3943849264, 3943849280]
[3943849520, 3943849536]
[3943849776, 3943849792]
[3943850032, 3943850048]
[3943850288, 3943850304]
[3943850544, 3943850560]
[3943850800, 3943850816]
[3943851056, 3943851072]
[3943851312, 3943851328]
[3943851568, 3943851584]
[3943851824, 3943851840]
[3943852080, 3943852096]
[3943852336, 3943852352]
[3943852592, 3943852608]
[3943852848, 3943852864]
[3943853104, 3943853120]
[3943853360, 3943853376]
[3943853616, 3943853632]
[3943853872, 3943853888]
[3943854128, 3943854144]
[3943854384, 3943854400]
[3943854640, 3943854656]
[3943854896, 3943854912]
[3943855152, 3943855168]
[3943855408, 3943855424]
[3943855664, 3943855680]
[3943855920, 3943855936]
[3943856176, 3943856192]
[3943856432, 3943856448]
[3943856688, 3943856704]
[3943856944, 3943856960]
[3943857200, 3943857216]
[3943857456, 3943857472]
[3943857712, 3943857728]
[3943857968, 3943857984]
[3943858176, 3943858224]
[3943858240, 3943858480]
[3943858496, 3943858736]
[3943858752, 3943858992]
[3943859008, 3943859248]
[3943859264, 3943859504]
[3943859520, 3943859760]
[3943859776, 3943860016]
[3943860032, 3943860272]
[3943860288, 3943860528]
[3943860544, 3943860784]
[3943860800, 3943861040]
[3943861056, 3943861296]
[3943861312, 3943861552]
[3943861568, 3943861808]
[3943861824, 3943862064]
[3943862080, 3943862272]
[3943862320, 3943862336]
[3943862576, 3943862592]
[3943862832, 3943862848]
[3943863088, 3943863104]
[3943863344, 3943863360]
[3943863600, 3943863616]
[3943863856, 3943863872]
[3943864112, 3943864128]
[3943864368, 3943864384]
[3943864624, 3943864640]
[3943864880, 3943864896]
[3943865136, 3943865152]
[3943865392, 3943865408]
[3943865648, 3943865664]
[3943865904, 3943865920]
[3943866160, 3943866176]
[3943866416, 3943866432]
[3943866672, 3943866688]
[3943866928, 3943866944]
[3943867184, 3943867200]
[3943867440, 3943867456]
[3943867696, 3943867712]
[3943867952, 3943867968]
[3943868208, 3943868224]
[3943868464, 3943868480]
[3943868720, 3943868736]
[3943868976, 3943868992]
[3943869232, 3943869248]
[3943869488, 3943869504]
[3943869744, 3943869760]
[3943870000, 3943870016]
[3943870256, 3943870272]
[3943870512, 3943870528]
[3943870768, 3943870784]
[3943871024, 3943871040]
[3943871280, 3943871296]
[3943871536, 3943871552]
[3943871792, 3943871808]
[3943872048, 3943872064]
[3943872304, 3943872320]
[3943872560, 3943872576]
[3943872816, 3943872832]
[3943873072, 3943873088]
[3943873328, 3943873344]
[3943873584, 3943873600]
[3943873840, 3943873856]
[3943874096, 3943874112]
[3943874352, 3943874368]
[3943874608, 3943874624]
[3943874864, 3943874880]
[3943875120, 3943875136]
[3943875376, 3943875392]
[3943875632, 3943875648]
[3943875888, 3943875904]
[3943876144, 3943876160]
[3943876400, 3943876416]
[3943876656, 3943876672]
[3943876912, 3943876928]
[3943877168, 3943877184]
[3943877424, 3943877440]
[3943877680, 3943877696]
[3943877936, 3943877952]
[3943878192, 3943878208]
[3943878448, 3943878464]
[3943878704, 3943878720]
[3943878960, 3943878976]
[3943879216, 3943879232]
[3943879472, 3943879488]
[3943879728, 3943879744]
[3943879984, 3943880000]
[3943880240, 3943880256]
[3943880496, 3943880512]
[3943880752, 3943880768]
[3943881008, 3943881024]
[3943881264, 3943881280]
[3943881520, 3943881536]
[3943881776, 3943881792]
[3943882032, 3943882048]
[3943882288, 3943882304]
[3943882544, 3943882560]
[3943882800, 3943882816]
[3943883056, 3943883072]
[3943883312, 3943883328]
[3943883568, 3943883584]
[3943883824, 3943883840]
[3943884080, 3943884096]
[3943884336, 3943884352]
[3943884592, 3943884608]
[3943884848, 3943884864]
[3943885104, 3943885120]
[3943885360, 3943885376]
[3943885616, 3943885632]
[3943885872, 3943885888]
[3943886128, 3943886144]
[3943886384, 3943886400]
[3943886640, 3943886656]
[3943886896, 3943886912]
[3943887152, 3943887168]
[3943887408, 3943887424]
[3943887664, 3943887680]
[3943887920, 3943887936]
[3943888176, 3943888192]
[3943888432, 3943888448]
[3943888688, 3943888704]
[3943888944, 3943888960]
[3943889200, 3943889216]
[3943889456, 3943889472]
[3943889712, 3943889728]
[3943889968, 3943889984]
[3943890224, 3943890240]
[3943890480, 3943890496]
[3943890736, 3943890752]
[3943890944, 3943890992]
[3943891008, 3943891248]
[3943891264, 3943891504]
[3943891520, 3943891760]
[3943891776, 3943892016]
[3943892032, 3943892272]
[3943892288, 3943892528]
[3943892544, 3943892784]
[3943892800, 3943893040]
[3943893056, 3943893296]
[3943893312, 3943893552]
[3943893568, 3943893808]
[3943893824, 3943894064]
[3943894080, 3943894320]
[3943894336, 3943894576]
[3943894592, 3943894832]
[3943894848, 3943895040]
[3943895088, 3943895104]
[3943895344, 3943895360]
[3943895600, 3943895616]
[3943895856, 3943895872]
[3943896112, 3943896128]
[3943896368, 3943896384]
[3943896624, 3943896640]
[3943896880, 3943896896]
[3943897136, 3943897152]
[3943897392, 3943897408]
[3943897648, 3943897664]
[3943897904, 3943897920]
[3943898160, 3943898176]
[3943898416, 3943898432]
[3943898672, 3943898688]
[3943898928, 3943898944]
[3943899184, 3943899200]
[3943899440, 3943899456]
[3943899696, 3943899712]
[3943899952, 3943899968]
[3943900208, 3943900224]
[3943900464, 3943900480]
[3943900720, 3943900736]
[3943900976, 3943900992]
[3943901232, 3943901248]
[3943901488, 3943901504]
[3943901744, 3943901760]
[3943902000, 3943902016]
[3943902256, 3943902272]
[3943902512, 3943902528]
[3943902768, 3943902784]
[3943903024, 3943903040]
[3943903280, 3943903296]
[3943903536, 3943903552]
[3943903792, 3943903808]
[3943904048, 3943904064]
[3943904304, 3943904320]
[3943904560, 3943904576]
[3943904816, 3943904832]
[3943905072, 3943905088]
[3943905328, 3943905344]
[3943905584, 3943905600]
[3943905840, 3943905856]
[3943906096, 3943906112]
[3943906352, 3943906368]
[3943906608, 3943906624]
[3943906864, 3943906880]
[3943907120, 3943907136]
[3943907376, 3943907392]
[3943907632, 3943907648]
[3943907888, 3943907904]
[3943908144, 3943908160]
[3943908400, 3943908416]
[3943908656, 3943908672]
[3943908912, 3943908928]
[3943909168, 3943909184]
[3943909424, 3943909440]
[3943909680, 3943909696]
[3943909936, 3943909952]
[3943910192, 3943910208]
[3943910448, 3943910464]
[3943910704, 3943910720]
[3943910960, 3943910976]
[3943911216, 3943911232]
[3943911472, 3943911488]
[3943911728, 3943911744]
[3943911984, 3943912000]
[3943912240, 3943912256]
[3943912496, 3943912512]
[3943912752, 3943912768]
[3943913008, 3943913024]
[3943913264, 3943913280]
[3943913520, 3943913536]
[3943913776, 3943913792]
[3943914032, 3943914048]
[3943914288, 3943914304]
[3943914544, 3943914560]
[3943914800, 3943914816]
[3943915056, 3943915072]
[3943915312, 3943915328]
[3943915568, 3943915584]
[3943915824, 3943915840]
[3943916080, 3943916096]
[3943916336, 3943916352]
[3943916592, 3943916608]
[3943916848, 3943916864]
[3943917104, 3943917120]
[3943917360, 3943917376]
[3943917616, 3943917632]
[3943917872, 3943917888]
[3943918128, 3943918144]
[3943918384, 3943918400]
[3943918640, 3943918656]
[3943918896, 3943918912]
[3943919152, 3943919168]
[3943919408, 3943919424]
[3943919664, 3943919680]
[3943919920, 3943919936]
[3943920176, 3943920192]
[3943920432, 3943920448]
[3943920688, 3943920704]
[3943920944, 3943920960]
[3943921200, 3943921216]
[3943921456, 3943921472]
[3943921712, 3943921728]
[3943921968, 3943921984]
[3943922224, 3943922240]
[3943922480, 3943922496]
[3943922736, 3943922752]
[3943922992, 3943923008]
[3943923248, 3943923264]
[3943923504, 3943923520]
[3943923712, 3943923760]
[3943923776, 3943924016]
[3943924032, 3943924272]
[3943924288, 3943924528]
[3943924544, 3943924784]
[3943924800, 3943925040]
[3943925056, 3943925296]
[3943925312, 3943925552]
[3943925568, 3943925808]
[3943925824, 3943926064]
[3943926080, 3943926320]
[3943926336, 3943926576]
[3943926592, 3943926832]
[3943926848, 3943927088]
[3943927104, 3943927344]
[3943927360, 3943927600]
[3943927616, 3943927808]
[3943927856, 3943927872]
[3943928112, 3943928128]
[3943928368, 3943928384]
[3943928624, 3943928640]
[3943928880, 3943928896]
[3943929136, 3943929152]
[3943929392, 3943929408]
[3943929648, 3943929664]
[3943929904, 3943929920]
[3943930160, 3943930176]
[3943930416, 3943930432]
[3943930672, 3943930688]
[3943930928, 3943930944]
[3943931184, 3943931200]
[3943931440, 3943931456]
[3943931696, 3943931712]
[3943931952, 3943931968]
[3943932208, 3943932224]
[3943932464, 3943932480]
[3943932720, 3943932736]
[3943932976, 3943932992]
[3943933232, 3943933248]
[3943933488, 3943933504]
[3943933744, 3943933760]
[3943934000, 3943934016]
[3943934256, 3943934272]
[3943934512, 3943934528]
[3943934768, 3943934784]
[3943935024, 3943935040]
[3943935280, 3943935296]
[3943935536, 3943935552]
[3943935792, 3943935808]
[3943936048, 3943936064]
[3943936304, 3943936320]
[3943936560, 3943936576]
[3943936816, 3943936832]
[3943937072, 3943937088]
[3943937328, 3943937344]
[3943937584, 3943937600]
[3943937840, 3943937856]
[3943938096, 3943938112]
[3943938352, 3943938368]
[3943938608, 3943938624]
[3943938864, 3943938880]
[3943939120, 3943939136]
[3943939376, 3943939392]
[3943939632, 3943939648]
[3943939888, 3943939904]
[3943940144, 3943940160]
[3943940400, 3943940416]
[3943940656, 3943940672]
[3943940912, 3943940928]
[3943941168, 3943941184]
[3943941424, 3943941440]
[3943941680, 3943941696]
[3943941936, 3943941952]
[3943942192, 3943942208]
[3943942448, 3943942464]
[3943942704, 3943942720]
[3943942960, 3943942976]
[3943943216, 3943943232]
[3943943472, 3943943488]
[3943943728, 3943943744]
[3943943984, 3943944000]
[3943944240, 3943944256]
[3943944496, 3943944512]
[3943944752, 3943944768]
[3943945008, 3943945024]
[3943945264, 3943945280]
[3943945520, 3943945536]
[3943945776, 3943945792]
[3943946032, 3943946048]
[3943946288, 3943946304]
[3943946544, 3943946560]
[3943946800, 3943946816]
[3943947056, 3943947072]
[3943947312, 3943947328]
[3943947568, 3943947584]
[3943947824, 3943947840]
[3943948080, 3943948096]
[3943948336, 3943948352]
[3943948592, 3943948608]
[3943948848, 3943948864]
[3943949104, 3943949120]
[3943949360, 3943949376]
[3943949616, 3943949632]
[3943949872, 3943949888]
[3943950128, 3943950144]
[3943950384, 3943950400]
[3943950640, 3943950656]
[3943950896, 3943950912]
[3943951152, 3943951168]
[3943951408, 3943951424]
[3943951664, 3943951680]
[3943951920, 3943951936]
[3943952176, 3943952192]
[3943952432, 3943952448]
[3943952688, 3943952704]
[3943952944, 3943952960]
[3943953200, 3943953216]
[3943953456, 3943953472]
[3943953712, 3943953728]
[3943953968, 3943953984]
[3943954224, 3943954240]
[3943954480, 3943954496]
[3943954736, 3943954752]
[3943954992, 3943955008]
[3943955248, 3943955264]
[3943955504, 3943955520]
[3943955760, 3943955776]
[3943956016, 3943956032]
[3943956272, 3943956288]
[3943956480, 3943956528]
[3943956544, 3943956784]
[3943956800, 3943957040]
[3943957056, 3943957296]
[3943957312, 3943957552]
[3943957568, 3943957808]
[3943957824, 3943958064]
[3943958080, 3943958320]
[3943958336, 3943958576]
[3943958592, 3943958832]
[3943958848, 3943959088]
[3943959104, 3943959344]
[3943959360, 3943959600]
[3943959616, 3943959856]
[3943959872, 3943960112]
[3943960128, 3943960368]
[3943960384, 3943960576]
[3943960624, 3943960640]
[3943960880, 3943960896]
[3943961136, 3943961152]
[3943961392, 3943961408]
[3943961648, 3943961664]
[3943961904, 3943961920]
[3943962160, 3943962176]
[3943962416, 3943962432]
[3943962672, 3943962688]
[3943962928, 3943962944]
[3943963184, 3943963200]
[3943963440, 3943963456]
[3943963696, 3943963712]
[3943963952, 3943963968]
[3943964208, 3943964224]
[3943964464, 3943964480]
[3943964720, 3943964736]
[3943964976, 3943964992]
[3943965232, 3943965248]
[3943965488, 3943965504]
[3943965744, 3943965760]
[3943966000, 3943966016]
[3943966256, 3943966272]
[3943966512, 3943966528]
[3943966768, 3943966784]
[3943967024, 3943967040]
[3943967280, 3943967296]
[3943967536, 3943967552]
[3943967792, 3943967808]
[3943968048, 3943968064]
[3943968304, 3943968320]
[3943968560, 3943968576]
[3943968816, 3943968832]
[3943969072, 3943969088]
[3943969328, 3943969344]
[3943969584, 3943969600]
[3943969840, 3943969856]
[3943970096, 3943970112]
[3943970352, 3943970368]
[3943970608, 3943970624]
[3943970864, 3943970880]
[3943971120, 3943971136]
[3943971376, 3943971392]
[3943971632, 3943971648]
[3943971888, 3943971904]
[3943972144, 3943972160]
[3943972400, 3943972416]
[3943972656, 3943972672]
[3943972912, 3943972928]
[3943973168, 3943973184]
[3943973424, 3943973440]
[3943973680, 3943973696]
[3943973936, 3943973952]
[3943974192, 3943974208]
[3943974448, 3943974464]
[3943974704, 3943974720]
[3943974960, 3943974976]
[3943975216, 3943975232]
[3943975472, 3943975488]
[3943975728, 3943975744]
[3943975984, 3943976000]
[3943976240, 3943976256]
[3943976496, 3943976512]
[3943976752, 3943976768]
[3943977008, 3943977024]
[3943977264, 3943977280]
[3943977520, 3943977536]
[3943977776, 3943977792]
[3943978032, 3943978048]
[3943978288, 3943978304]
[3943978544, 3943978560]
[3943978800, 3943978816]
[3943979056, 3943979072]
[3943979312, 3943979328]
[3943979568, 3943979584]
[3943979824, 3943979840]
[3943980080, 3943980096]
[3943980336, 3943980352]
[3943980592, 3943980608]
[3943980848, 3943980864]
[3943981104, 3943981120]
[3943981360, 3943981376]
[3943981616, 3943981632]
[3943981872, 3943981888]
[3943982128, 3943982144]
[3943982384, 3943982400]
[3943982640, 3943982656]
[3943982896, 3943982912]
[3943983152, 3943983168]
[3943983408, 3943983424]
[3943983664, 3943983680]
[3943983920, 3943983936]
[3943984176, 3943984192]
[3943984432, 3943984448]
[3943984688, 3943984704]
[3943984944, 3943984960]
[3943985200, 3943985216]
[3943985456, 3943985472]
[3943985712, 3943985728]
[3943985968, 3943985984]
[3943986224, 3943986240]
[3943986480, 3943986496]
[3943986736, 3943986752]
[3943986992, 3943987008]
[3943987248, 3943987264]
[3943987504, 3943987520]
[3943987760, 3943987776]
[3943988016, 3943988032]
[3943988272, 3943988288]
[3943988528, 3943988544]
[3943988784, 3943988800]
[3943989040, 3943989056]
[3943989248, 3943989296]
[3943989312, 3943989552]
[3943989568, 3943989808]
[3943989824, 3943990064]
[3943990080, 3943990320]
[3943990336, 3943990576]
[3943990592, 3943990832]
[3943990848, 3943991088]
[3943991104, 3943991344]
[3943991360, 3943991600]
[3943991616, 3943991856]
[3943991872, 3943992112]
[3943992128, 3943992368]
[3943992384, 3943992624]
[3943992640, 3943992880]
[3943992896, 3943993136]
[3943993152, 3943993344]
[3943993392, 3943993408]
[3943993648, 3943993664]
[3943993904, 3943993920]
[3943994160, 3943994176]
[3943994416, 3943994432]
[3943994672, 3943994688]
[3943994928, 3943994944]
[3943995184, 3943995200]
[3943995440, 3943995456]
[3943995696, 3943995712]
[3943995952, 3943995968]
[3943996208, 3943996224]
[3943996464, 3943996480]
[3943996720, 3943996736]
[3943996976, 3943996992]
[3943997232, 3943997248]
[3943997488, 3943997504]
[3943997744, 3943997760]
[3943998000, 3943998016]
[3943998256, 3943998272]
[3943998512, 3943998528]
[3943998768, 3943998784]
[3943999024, 3943999040]
[3943999280, 3943999296]
[3943999536, 3943999552]
[3943999792, 3943999808]
[3944000048, 3944000064]
[3944000304, 3944000320]
[3944000560, 3944000576]
[3944000816, 3944000832]
[3944001072, 3944001088]
[3944001328, 3944001344]
[3944001584, 3944001600]
[3944001840, 3944001856]
[3944002096, 3944002112]
[3944002352, 3944002368]
[3944002608, 3944002624]
[3944002864, 3944002880]
[3944003120, 3944003136]
[3944003376, 3944003392]
[3944003632, 3944003648]
[3944003888, 3944003904]
[3944004144, 3944004160]
[3944004400, 3944004416]
[3944004656, 3944004672]
[3944004912, 3944004928]
[3944005168, 3944005184]
[3944005424, 3944005440]
[3944005680, 3944005696]
[3944005936, 3944005952]
[3944006192, 3944006208]
[3944006448, 3944006464]
[3944006704, 3944006720]
[3944006960, 3944006976]
[3944007216, 3944007232]
[3944007472, 3944007488]
[3944007728, 3944007744]
[3944007984, 3944008000]
[3944008240, 3944008256]
[3944008496, 3944008512]
[3944008752, 3944008768]
[3944009008, 3944009024]
[3944009264, 3944009280]
[3944009520, 3944009536]
[3944009776, 3944009792]
[3944010032, 3944010048]
[3944010288, 3944010304]
[3944010544, 3944010560]
[3944010800, 3944010816]
[3944011056, 3944011072]
[3944011312, 3944011328]
[3944011568, 3944011584]
[3944011824, 3944011840]
[3944012080, 3944012096]
[3944012336, 3944012352]
[3944012592, 3944012608]
[3944012848, 3944012864]
[3944013104, 3944013120]
[3944013360, 3944013376]
[3944013616, 3944013632]
[3944013872, 3944013888]
[3944014128, 3944014144]
[3944014384, 3944014400]
[3944014640, 3944014656]
[3944014896, 3944014912]
[3944015152, 3944015168]
[3944015408, 3944015424]
[3944015664, 3944015680]
[3944015920, 3944015936]
[3944016176, 3944016192]
[3944016432, 3944016448]
[3944016688, 3944016704]
[3944016944, 3944016960]
[3944017200, 3944017216]
[3944017456, 3944017472]
[3944017712, 3944017728]
[3944017968, 3944017984]
[3944018224, 3944018240]
[3944018480, 3944018496]
[3944018736, 3944018752]
[3944018992, 3944019008]
[3944019248, 3944019264]
[3944019504, 3944019520]
[3944019760, 3944019776]
[3944020016, 3944020032]
[3944020272, 3944020288]
[3944020528, 3944020544]
[3944020784, 3944020800]
[3944021040, 3944021056]
[3944021296, 3944021312]
[3944021552, 3944021568]
[3944021808, 3944021824]
[3944022016, 3944022064]
[3944022080, 3944022320]
[3944022336, 3944022576]
[3944022592, 3944022832]
[3944022848, 3944023088]
[3944023104, 3944023344]
[3944023360, 3944023600]
[3944023616, 3944023856]
[3944023872, 3944024112]
[3944024128, 3944024368]
[3944024384, 3944024624]
[3944024640, 3944024880]
[3944024896, 3944025136]
[3944025152, 3944025392]
[3944025408, 3944025648]
[3944025664, 3944025904]
[3944025920, 3944026112]
[3944026160, 3944026176]
[3944026416, 3944026432]
[3944026672, 3944026688]
[3944026928, 3944026944]
[3944027184, 3944027200]
[3944027440, 3944027456]
[3944027696, 3944027712]
[3944027952, 3944027968]
[3944028208, 3944028224]
[3944028464, 3944028480]
[3944028720, 3944028736]
[3944028976, 3944028992]
[3944029232, 3944029248]
[3944029488, 3944029504]
[3944029744, 3944029760]
[3944030000, 3944030016]
[3944030256, 3944030272]
[3944030512, 3944030528]
[3944030768, 3944030784]
[3944031024, 3944031040]
[3944031280, 3944031296]
[3944031536, 3944031552]
[3944031792, 3944031808]
[3944032048, 3944032064]
[3944032304, 3944032320]
[3944032560, 3944032576]
[3944032816, 3944032832]
[3944033072, 3944033088]
[3944033328, 3944033344]
[3944033584, 3944033600]
[3944033840, 3944033856]
[3944034096, 3944034112]
[3944034352, 3944034368]
[3944034608, 3944034624]
[3944034864, 3944034880]
[3944035120, 3944035136]
[3944035376, 3944035392]
[3944035632, 3944035648]
[3944035888, 3944035904]
[3944036144, 3944036160]
[3944036400, 3944036416]
[3944036656, 3944036672]
[3944036912, 3944036928]
[3944037168, 3944037184]
[3944037424, 3944037440]
[3944037680, 3944037696]
[3944037936, 3944037952]
[3944038192, 3944038208]
[3944038448, 3944038464]
[3944038704, 3944038720]
[3944038960, 3944038976]
[3944039216, 3944039232]
[3944039472, 3944039488]
[3944039728, 3944039744]
[3944039984, 3944040000]
[3944040240, 3944040256]
[3944040496, 3944040512]
[3944040752, 3944040768]
[3944041008, 3944041024]
[3944041264, 3944041280]
[3944041520, 3944041536]
[3944041776, 3944041792]
[3944042032, 3944042048]
[3944042288, 3944042304]
[3944042544, 3944042560]
[3944042800, 3944042816]
[3944043056, 3944043072]
[3944043312, 3944043328]
[3944043568, 3944043584]
[3944043824, 3944043840]
[3944044080, 3944044096]
[3944044336, 3944044352]
[3944044592, 3944044608]
[3944044848, 3944044864]
[3944045104, 3944045120]
[3944045360, 3944045376]
[3944045616, 3944045632]
[3944045872, 3944045888]
[3944046128, 3944046144]
[3944046384, 3944046400]
[3944046640, 3944046656]
[3944046896, 3944046912]
[3944047152, 3944047168]
[3944047408, 3944047424]
[3944047664, 3944047680]
[3944047920, 3944047936]
[3944048176, 3944048192]
[3944048432, 3944048448]
[3944048688, 3944048704]
[3944048944, 3944048960]
[3944049200, 3944049216]
[3944049456, 3944049472]
[3944049712, 3944049728]
[3944049968, 3944049984]
[3944050224, 3944050240]
[3944050480, 3944050496]
[3944050736, 3944050752]
[3944050992, 3944051008]
[3944051248, 3944051264]
[3944051504, 3944051520]
[3944051760, 3944051776]
[3944052016, 3944052032]
[3944052272, 3944052288]
[3944052528, 3944052544]
[3944052784, 3944052800]
[3944053040, 3944053056]
[3944053296, 3944053312]
[3944053552, 3944053568]
[3944053808, 3944053824]
[3944054064, 3944054080]
[3944054320, 3944054336]
[3944054576, 3944054592]
[3944054784, 3944054832]
[3944054848, 3944055088]
[3944055104, 3944055344]
[3944055360, 3944055600]
[3944055616, 3944055856]
[3944055872, 3944056112]
[3944056128, 3944056368]
[3944056384, 3944056624]
[3944056640, 3944056880]
[3944056896, 3944057136]
[3944057152, 3944057392]
[3944057408, 3944057648]
[3944057664, 3944057904]
[3944057920, 3944058160]
[3944058176, 3944058416]
[3944058432, 3944058672]
[3944058688, 3944058880]
[3944058928, 3944058944]
[3944059184, 3944059200]
[3944059440, 3944059456]
[3944059696, 3944059712]
[3944059952, 3944059968]
[3944060208, 3944060224]
[3944060464, 3944060480]
[3944060720, 3944060736]
[3944060976, 3944060992]
[3944061232, 3944061248]
[3944061488, 3944061504]
[3944061744, 3944061760]
[3944062000, 3944062016]
[3944062256, 3944062272]
[3944062512, 3944062528]
[3944062768, 3944062784]
[3944063024, 3944063040]
[3944063280, 3944063296]
[3944063536, 3944063552]
[3944063792, 3944063808]
[3944064048, 3944064064]
[3944064304, 3944064320]
[3944064560, 3944064576]
[3944064816, 3944064832]
[3944065072, 3944065088]
[3944065328, 3944065344]
[3944065584, 3944065600]
[3944065840, 3944065856]
[3944066096, 3944066112]
[3944066352, 3944066368]
[3944066608, 3944066624]
[3944066864, 3944066880]
[3944067120, 3944067136]
[3944067376, 3944067392]
[3944067632, 3944067648]
[3944067888, 3944067904]
[3944068144, 3944068160]
[3944068400, 3944068416]
[3944068656, 3944068672]
[3944068912, 3944068928]
[3944069168, 3944069184]
[3944069424, 3944069440]
[3944069680, 3944069696]
[3944069936, 3944069952]
[3944070192, 3944070208]
[3944070448, 3944070464]
[3944070704, 3944070720]
[3944070960, 3944070976]
[3944071216, 3944071232]
[3944071472, 3944071488]
[3944071728, 3944071744]
[3944071984, 3944072000]
[3944072240, 3944072256]
[3944072496, 3944072512]
[3944072752, 3944072768]
[3944073008, 3944073024]
[3944073264, 3944073280]
[3944073520, 3944073536]
[3944073776, 3944073792]
[3944074032, 3944074048]
[3944074288, 3944074304]
[3944074544, 3944074560]
[3944074800, 3944074816]
[3944075056, 3944075072]
[3944075312, 3944075328]
[3944075568, 3944075584]
[3944075824, 3944075840]
[3944076080, 3944076096]
[3944076336, 3944076352]
[3944076592, 3944076608]
[3944076848, 3944076864]
[3944077104, 3944077120]
[3944077360, 3944077376]
[3944077616, 3944077632]
[3944077872, 3944077888]
[3944078128, 3944078144]
[3944078384, 3944078400]
[3944078640, 3944078656]
[3944078896, 3944078912]
[3944079152, 3944079168]
[3944079408, 3944079424]
[3944079664, 3944079680]
[3944079920, 3944079936]
[3944080176, 3944080192]
[3944080432, 3944080448]
[3944080688, 3944080704]
[3944080944, 3944080960]
[3944081200, 3944081216]
[3944081456, 3944081472]
[3944081712, 3944081728]
[3944081968, 3944081984]
[3944082224, 3944082240]
[3944082480, 3944082496]
[3944082736, 3944082752]
[3944082992, 3944083008]
[3944083248, 3944083264]
[3944083504, 3944083520]
[3944083760, 3944083776]
[3944084016, 3944084032]
[3944084272, 3944084288]
[3944084528, 3944084544]
[3944084784, 3944084800]
[3944085040, 3944085056]
[3944085296, 3944085312]
[3944085552, 3944085568]
[3944085808, 3944085824]
[3944086064, 3944086080]
[3944086320, 3944086336]
[3944086576, 3944086592]
[3944086832, 3944086848]
[3944087088, 3944087104]
[3944087344, 3944087360]
[3944087552, 3944087600]
[3944087616, 3944087856]
[3944087872, 3944088112]
[3944088128, 3944088368]
[3944088384, 3944088624]
[3944088640, 3944088880]
[3944088896, 3944089136]
[3944089152, 3944089392]
[3944089408, 3944089648]
[3944089664, 3944089904]
[3944089920, 3944090160]
[3944090176, 3944090416]
[3944090432, 3944090672]
[3944090688, 3944090928]
[3944090944, 3944091184]
[3944091200, 3944091440]
[3944091456, 3944091648]
[3944091696, 3944091712]
[3944091952, 3944091968]
[3944092208, 3944092224]
[3944092464, 3944092480]
[3944092720, 3944092736]
[3944092976, 3944092992]
[3944093232, 3944093248]
[3944093488, 3944093504]
[3944093744, 3944093760]
[3944094000, 3944094016]
[3944094256, 3944094272]
[3944094512, 3944094528]
[3944094768, 3944094784]
[3944095024, 3944095040]
[3944095280, 3944095296]
[3944095536, 3944095552]
[3944095792, 3944095808]
[3944096048, 3944096064]
[3944096304, 3944096320]
[3944096560, 3944096576]
[3944096816, 3944096832]
[3944097072, 3944097088]
[3944097328, 3944097344]
[3944097584, 3944097600]
[3944097840, 3944097856]
[3944098096, 3944098112]
[3944098352, 3944098368]
[3944098608, 3944098624]
[3944098864, 3944098880]
[3944099120, 3944099136]
[3944099376, 3944099392]
[3944099632, 3944099648]
[3944099888, 3944099904]
[3944100144, 3944100160]
[3944100400, 3944100416]
[3944100656, 3944100672]
[3944100912, 3944100928]
[3944101168, 3944101184]
[3944101424, 3944101440]
[3944101680, 3944101696]
[3944101936, 3944101952]
[3944102192, 3944102208]
[3944102448, 3944102464]
[3944102704, 3944102720]
[3944102960, 3944102976]
[3944103216, 3944103232]
[3944103472, 3944103488]
[3944103728, 3944103744]
[3944103984, 3944104000]
[3944104240, 3944104256]
[3944104496, 3944104512]
[3944104752, 3944104768]
[3944105008, 3944105024]
[3944105264, 3944105280]
[3944105520, 3944105536]
[3944105776, 3944105792]
[3944106032, 3944106048]
[3944106288, 3944106304]
[3944106544, 3944106560]
[3944106800, 3944106816]
[3944107056, 3944107072]
[3944107312, 3944107328]
[3944107568, 3944107584]
[3944107824, 3944107840]
[3944108080, 3944108096]
[3944108336, 3944108352]
[3944108592, 3944108608]
[3944108848, 3944108864]
[3944109104, 3944109120]
[3944109360, 3944109376]
[3944109616, 3944109632]
[3944109872, 3944109888]
[3944110128, 3944110144]
[3944110384, 3944110400]
[3944110640, 3944110656]
[3944110896, 3944110912]
[3944111152, 3944111168]
[3944111408, 3944111424]
[3944111664, 3944111680]
[3944111920, 3944111936]
[3944112176, 3944112192]
[3944112432, 3944112448]
[3944112688, 3944112704]
[3944112944, 3944112960]
[3944113200, 3944113216]
[3944113456, 3944113472]
[3944113712, 3944113728]
[3944113968, 3944113984]
[3944114224, 3944114240]
[3944114480, 3944114496]
[3944114736, 3944114752]
[3944114992, 3944115008]
[3944115248, 3944115264]
[3944115504, 3944115520]
[3944115760, 3944115776]
[3944116016, 3944116032]
[3944116272, 3944116288]
[3944116528, 3944116544]
[3944116784, 3944116800]
[3944117040, 3944117056]
[3944117296, 3944117312]
[3944117552, 3944117568]
[3944117808, 3944117824]
[3944118064, 3944118080]
[3944118320, 3944118336]
[3944118576, 3944118592]
[3944118832, 3944118848]
[3944119088, 3944119104]
[3944119344, 3944119360]
[3944119600, 3944119616]
[3944119856, 3944119872]
[3944120112, 3944120128]
[3944120320, 3944120368]
[3944120384, 3944120624]
[3944120640, 3944120880]
[3944120896, 3944121136]
[3944121152, 3944121392]
[3944121408, 3944121648]
[3944121664, 3944121904]
[3944121920, 3944122160]
[3944122176, 3944122416]
[3944122432, 3944122672]
[3944122688, 3944122928]
[3944122944, 3944123184]
[3944123200, 3944123440]
[3944123456, 3944123696]
[3944123712, 3944123952]
[3944123968, 3944124208]
[3944124224, 3944124416]
[3944124464, 3944124480]
[3944124720, 3944124736]
[3944124976, 3944124992]
[3944125232, 3944125248]
[3944125488, 3944125504]
[3944125744, 3944125760]
[3944126000, 3944126016]
[3944126256, 3944126272]
[3944126512, 3944126528]
[3944126768, 3944126784]
[3944127024, 3944127040]
[3944127280, 3944127296]
[3944127536, 3944127552]
[3944127792, 3944127808]
[3944128048, 3944128064]
[3944128304, 3944128320]
[3944128560, 3944128576]
[3944128816, 3944128832]
[3944129072, 3944129088]
[3944129328, 3944129344]
[3944129584, 3944129600]
[3944129840, 3944129856]
[3944130096, 3944130112]
[3944130352, 3944130368]
[3944130608, 3944130624]
[3944130864, 3944130880]
[3944131120, 3944131136]
[3944131376, 3944131392]
[3944131632, 3944131648]
[3944131888, 3944131904]
[3944132144, 3944132160]
[3944132400, 3944132416]
[3944132656, 3944132672]
[3944132912, 3944132928]
[3944133168, 3944133184]
[3944133424, 3944133440]
[3944133680, 3944133696]
[3944133936, 3944133952]
[3944134192, 3944134208]
[3944134448, 3944134464]
[3944134704, 3944134720]
[3944134960, 3944134976]
[3944135216, 3944135232]
[3944135472, 3944135488]
[3944135728, 3944135744]
[3944135984, 3944136000]
[3944136240, 3944136256]
[3944136496, 3944136512]
[3944136752, 3944136768]
[3944137008, 3944137024]
[3944137264, 3944137280]
[3944137520, 3944137536]
[3944137776, 3944137792]
[3944138032, 3944138048]
[3944138288, 3944138304]
[3944138544, 3944138560]
[3944138800, 3944138816]
[3944139056, 3944139072]
[3944139312, 3944139328]
[3944139568, 3944139584]
[3944139824, 3944139840]
[3944140080, 3944140096]
[3944140336, 3944140352]
[3944140592, 3944140608]
[3944140848, 3944140864]
[3944141104, 3944141120]
[3944141360, 3944141376]
[3944141616, 3944141632]
[3944141872, 3944141888]
[3944142128, 3944142144]
[3944142384, 3944142400]
[3944142640, 3944142656]
[3944142896, 3944142912]
[3944143152, 3944143168]
[3944143408, 3944143424]
[3944143664, 3944143680]
[3944143920, 3944143936]
[3944144176, 3944144192]
[3944144432, 3944144448]
[3944144688, 3944144704]
[3944144944, 3944144960]
[3944145200, 3944145216]
[3944145456, 3944145472]
[3944145712, 3944145728]
[3944145968, 3944145984]
[3944146224, 3944146240]
[3944146480, 3944146496]
[3944146736, 3944146752]
[3944146992, 3944147008]
[3944147248, 3944147264]
[3944147504, 3944147520]
[3944147760, 3944147776]
[3944148016, 3944148032]
[3944148272, 3944148288]
[3944148528, 3944148544]
[3944148784, 3944148800]
[3944149040, 3944149056]
[3944149296, 3944149312]
[3944149552, 3944149568]
[3944149808, 3944149824]
[3944150064, 3944150080]
[3944150320, 3944150336]
[3944150576, 3944150592]
[3944150832, 3944150848]
[3944151088, 3944151104]
[3944151344, 3944151360]
[3944151600, 3944151616]
[3944151856, 3944151872]
[3944152112, 3944152128]
[3944152368, 3944152384]
[3944152624, 3944152640]
[3944152880, 3944152896]
[3944153088, 3944153136]
[3944153152, 3944153392]
[3944153408, 3944153648]
[3944153664, 3944153904]
[3944153920, 3944154160]
[3944154176, 3944154416]
[3944154432, 3944154672]
[3944154688, 3944154928]
[3944154944, 3944155184]
[3944155200, 3944155440]
[3944155456, 3944155696]
[3944155712, 3944155952]
[3944155968, 3944156208]
[3944156224, 3944156464]
[3944156480, 3944156720]
[3944156736, 3944156976]
[3944156992, 3944157184]
[3944157232, 3944157248]
[3944157488, 3944157504]
[3944157744, 3944157760]
[3944158000, 3944158016]
[3944158256, 3944158272]
[3944158512, 3944158528]
[3944158768, 3944158784]
[3944159024, 3944159040]
[3944159280, 3944159296]
[3944159536, 3944159552]
[3944159792, 3944159808]
[3944160048, 3944160064]
[3944160304, 3944160320]
[3944160560, 3944160576]
[3944160816, 3944160832]
[3944161072, 3944161088]
[3944161328, 3944161344]
[3944161584, 3944161600]
[3944161840, 3944161856]
[3944162096, 3944162112]
[3944162352, 3944162368]
[3944162608, 3944162624]
[3944162864, 3944162880]
[3944163120, 3944163136]
[3944163376, 3944163392]
[3944163632, 3944163648]
[3944163888, 3944163904]
[3944164144, 3944164160]
[3944164400, 3944164416]
[3944164656, 3944164672]
[3944164912, 3944164928]
[3944165168, 3944165184]
[3944165424, 3944165440]
[3944165680, 3944165696]
[3944165936, 3944165952]
[3944166192, 3944166208]
[3944166448, 3944166464]
[3944166704, 3944166720]
[3944166960, 3944166976]
[3944167216, 3944167232]
[3944167472, 3944167488]
[3944167728, 3944167744]
[3944167984, 3944168000]
[3944168240, 3944168256]
[3944168496, 3944168512]
[3944168752, 3944168768]
[3944169008, 3944169024]
[3944169264, 3944169280]
[3944169520, 3944169536]
[3944169776, 3944169792]
[3944170032, 3944170048]
[3944170288, 3944170304]
[3944170544, 3944170560]
[3944170800, 3944170816]
[3944171056, 3944171072]
[3944171312, 3944171328]
[3944171568, 3944171584]
[3944171824, 3944171840]
[3944172080, 3944172096]
[3944172336, 3944172352]
[3944172592, 3944172608]
[3944172848, 3944172864]
[3944173104, 3944173120]
[3944173360, 3944173376]
[3944173616, 3944173632]
[3944173872, 3944173888]
[3944174128, 3944174144]
[3944174384, 3944174400]
[3944174640, 3944174656]
[3944174896, 3944174912]
[3944175152, 3944175168]
[3944175408, 3944175424]
[3944175664, 3944175680]
[3944175920, 3944175936]
[3944176176, 3944176192]
[3944176432, 3944176448]
[3944176688, 3944176704]
[3944176944, 3944176960]
[3944177200, 3944177216]
[3944177456, 3944177472]
[3944177712, 3944177728]
[3944177968, 3944177984]
[3944178224, 3944178240]
[3944178480, 3944178496]
[3944178736, 3944178752]
[3944178992, 3944179008]
[3944179248, 3944179264]
[3944179504, 3944179520]
[3944179760, 3944179776]
[3944180016, 3944180032]
[3944180272, 3944180288]
[3944180528, 3944180544]
[3944180784, 3944180800]
[3944181040, 3944181056]
[3944181296, 3944181312]
[3944181552, 3944181568]
[3944181808, 3944181824]
[3944182064, 3944182080]
[3944182320, 3944182336]
[3944182576, 3944182592]
[3944182832, 3944182848]
[3944183088, 3944183104]
[3944183344, 3944183360]
[3944183600, 3944183616]
[3944183856, 3944183872]
[3944184112, 3944184128]
[3944184368, 3944184384]
[3944184624, 3944184640]
[3944184880, 3944184896]
[3944185136, 3944185152]
[3944185392, 3944185408]
[3944185648, 3944185664]
[3944185856, 3944185904]
[3944185920, 3944186160]
[3944186176, 3944186416]
[3944186432, 3944186672]
[3944186688, 3944186928]
[3944186944, 3944187184]
[3944187200, 3944187440]
[3944187456, 3944187696]
[3944187712, 3944187952]
[3944187968, 3944188208]
[3944188224, 3944188464]
[3944188480, 3944188720]
[3944188736, 3944188976]
[3944188992, 3944189232]
[3944189248, 3944189488]
[3944189504, 3944189744]
[3944189760, 3944189952]
[3944190000, 3944190016]
[3944190256, 3944190272]
[3944190512, 3944190528]
[3944190768, 3944190784]
[3944191024, 3944191040]
[3944191280, 3944191296]
[3944191536, 3944191552]
[3944191792, 3944191808]
[3944192048, 3944192064]
[3944192304, 3944192320]
[3944192560, 3944192576]
[3944192816, 3944192832]
[3944193072, 3944193088]
[3944193328, 3944193344]
[3944193584, 3944193600]
[3944193840, 3944193856]
[3944194096, 3944194112]
[3944194352, 3944194368]
[3944194608, 3944194624]
[3944194864, 3944194880]
[3944195120, 3944195136]
[3944195376, 3944195392]
[3944195632, 3944195648]
[3944195888, 3944195904]
[3944196144, 3944196160]
[3944196400, 3944196416]
[3944196656, 3944196672]
[3944196912, 3944196928]
[3944197168, 3944197184]
[3944197424, 3944197440]
[3944197680, 3944197696]
[3944197936, 3944197952]
[3944198192, 3944198208]
[3944198448, 3944198464]
[3944198704, 3944198720]
[3944198960, 3944198976]
[3944199216, 3944199232]
[3944199472, 3944199488]
[3944199728, 3944199744]
[3944199984, 3944200000]
[3944200240, 3944200256]
[3944200496, 3944200512]
[3944200752, 3944200768]
[3944201008, 3944201024]
[3944201264, 3944201280]
[3944201520, 3944201536]
[3944201776, 3944201792]
[3944202032, 3944202048]
[3944202288, 3944202304]
[3944202544, 3944202560]
[3944202800, 3944202816]
[3944203056, 3944203072]
[3944203312, 3944203328]
[3944203568, 3944203584]
[3944203824, 3944203840]
[3944204080, 3944204096]
[3944204336, 3944204352]
[3944204592, 3944204608]
[3944204848, 3944204864]
[3944205104, 3944205120]
[3944205360, 3944205376]
[3944205616, 3944205632]
[3944205872, 3944205888]
[3944206128, 3944206144]
[3944206384, 3944206400]
[3944206640, 3944206656]
[3944206896, 3944206912]
[3944207152, 3944207168]
[3944207408, 3944207424]
[3944207664, 3944207680]
[3944207920, 3944207936]
[3944208176, 3944208192]
[3944208432, 3944208448]
[3944208688, 3944208704]
[3944208944, 3944208960]
[3944209200, 3944209216]
[3944209456, 3944209472]
[3944209712, 3944209728]
[3944209968, 3944209984]
[3944210224, 3944210240]
[3944210480, 3944210496]
[3944210736, 3944210752]
[3944210992, 3944211008]
[3944211248, 3944211264]
[3944211504, 3944211520]
[3944211760, 3944211776]
[3944212016, 3944212032]
[3944212272, 3944212288]
[3944212528, 3944212544]
[3944212784, 3944212800]
[3944213040, 3944213056]
[3944213296, 3944213312]
[3944213552, 3944213568]
[3944213808, 3944213824]
[3944214064, 3944214080]
[3944214320, 3944214336]
[3944214576, 3944214592]
[3944214832, 3944214848]
[3944215088, 3944215104]
[3944215344, 3944215360]
[3944215600, 3944215616]
[3944215856, 3944215872]
[3944216112, 3944216128]
[3944216368, 3944216384]
[3944216624, 3944216640]
[3944216880, 3944216896]
[3944217136, 3944217152]
[3944217392, 3944217408]
[3944217648, 3944217664]
[3944217904, 3944217920]
[3944218160, 3944218176]
[3944218416, 3944218432]
[3944218624, 3944218672]
[3944218688, 3944218928]
[3944218944, 3944219184]
[3944219200, 3944219440]
[3944219456, 3944219696]
[3944219712, 3944219952]
[3944219968, 3944220208]
[3944220224, 3944220464]
[3944220480, 3944220720]
[3944220736, 3944220976]
[3944220992, 3944221232]
[3944221248, 3944221488]
[3944221504, 3944221744]
[3944221760, 3944222000]
[3944222016, 3944222256]
[3944222272, 3944222512]
[3944222528, 3944222720]
[3944222768, 3944222784]
[3944223024, 3944223040]
[3944223280, 3944223296]
[3944223536, 3944223552]
[3944223792, 3944223808]
[3944224048, 3944224064]
[3944224304, 3944224320]
[3944224560, 3944224576]
[3944224816, 3944224832]
[3944225072, 3944225088]
[3944225328, 3944225344]
[3944225584, 3944225600]
[3944225840, 3944225856]
[3944226096, 3944226112]
[3944226352, 3944226368]
[3944226608, 3944226624]
[3944226864, 3944226880]
[3944227120, 3944227136]
[3944227376, 3944227392]
[3944227632, 3944227648]
[3944227888, 3944227904]
[3944228144, 3944228160]
[3944228400, 3944228416]
[3944228656, 3944228672]
[3944228912, 3944228928]
[3944229168, 3944229184]
[3944229424, 3944229440]
[3944229680, 3944229696]
[3944229936, 3944229952]
[3944230192, 3944230208]
[3944230448, 3944230464]
[3944230704, 3944230720]
[3944230960, 3944230976]
[3944231216, 3944231232]
[3944231472, 3944231488]
[3944231728, 3944231744]
[3944231984, 3944232000]
[3944232240, 3944232256]
[3944232496, 3944232512]
[3944232752, 3944232768]
[3944233008, 3944233024]
[3944233264, 3944233280]
[3944233520, 3944233536]
[3944233776, 3944233792]
[3944234032, 3944234048]
[3944234288, 3944234304]
[3944234544, 3944234560]
[3944234800, 3944234816]
[3944235056, 3944235072]
[3944235312, 3944235328]
[3944235568, 3944235584]
[3944235824, 3944235840]
[3944236080, 3944236096]
[3944236336, 3944236352]
[3944236592, 3944236608]
[3944236848, 3944236864]
[3944237104, 3944237120]
[3944237360, 3944237376]
[3944237616, 3944237632]
[3944237872, 3944237888]
[3944238128, 3944238144]
[3944238384, 3944238400]
[3944238640, 3944238656]
[3944238896, 3944238912]
[3944239152, 3944239168]
[3944239408, 3944239424]
[3944239664, 3944239680]
[3944239920, 3944239936]
[3944240176, 3944240192]
[3944240432, 3944240448]
[3944240688, 3944240704]
[3944240944, 3944240960]
[3944241200, 3944241216]
[3944241456, 3944241472]
[3944241712, 3944241728]
[3944241968, 3944241984]
[3944242224, 3944242240]
[3944242480, 3944242496]
[3944242736, 3944242752]
[3944242992, 3944243008]
[3944243248, 3944243264]
[3944243504, 3944243520]
[3944243760, 3944243776]
[3944244016, 3944244032]
[3944244272, 3944244288]
[3944244528, 3944244544]
[3944244784, 3944244800]
[3944245040, 3944245056]
[3944245296, 3944245312]
[3944245552, 3944245568]
[3944245808, 3944245824]
[3944246064, 3944246080]
[3944246320, 3944246336]
[3944246576, 3944246592]
[3944246832, 3944246848]
[3944247088, 3944247104]
[3944247344, 3944247360]
[3944247600, 3944247616]
[3944247856, 3944247872]
[3944248112, 3944248128]
[3944248368, 3944248384]
[3944248624, 3944248640]
[3944248880, 3944248896]
[3944249136, 3944249152]
[3944249392, 3944249408]
[3944249648, 3944249664]
[3944249904, 3944249920]
[3944250160, 3944250176]
[3944250416, 3944250432]
[3944250672, 3944250688]
[3944250928, 3944250944]
[3944251184, 3944251200]
[3944251392, 3944251440]
[3944251456, 3944251696]
[3944251712, 3944251952]
[3944251968, 3944252208]
[3944252224, 3944252464]
[3944252480, 3944252720]
[3944252736, 3944252976]
[3944252992, 3944253232]
[3944253248, 3944253488]
[3944253504, 3944253744]
[3944253760, 3944254000]
[3944254016, 3944254256]
[3944254272, 3944254512]
[3944254528, 3944254768]
[3944254784, 3944255024]
[3944255040, 3944255280]
[3944255296, 3944255488]
[3944255536, 3944255552]
[3944255792, 3944255808]
[3944256048, 3944256064]
[3944256304, 3944256320]
[3944256560, 3944256576]
[3944256816, 3944256832]
[3944257072, 3944257088]
[3944257328, 3944257344]
[3944257584, 3944257600]
[3944257840, 3944257856]
[3944258096, 3944258112]
[3944258352, 3944258368]
[3944258608, 3944258624]
[3944258864, 3944258880]
[3944259120, 3944259136]
[3944259376, 3944259392]
[3944259632, 3944259648]
[3944259888, 3944259904]
[3944260144, 3944260160]
[3944260400, 3944260416]
[3944260656, 3944260672]
[3944260912, 3944260928]
[3944261168, 3944261184]
[3944261424, 3944261440]
[3944261680, 3944261696]
[3944261936, 3944261952]
[3944262192, 3944262208]
[3944262448, 3944262464]
[3944262704, 3944262720]
[3944262960, 3944262976]
[3944263216, 3944263232]
[3944263472, 3944263488]
[3944263728, 3944263744]
[3944263984, 3944264000]
[3944264240, 3944264256]
[3944264496, 3944264512]
[3944264752, 3944264768]
[3944265008, 3944265024]
[3944265264, 3944265280]
[3944265520, 3944265536]
[3944265776, 3944265792]
[3944266032, 3944266048]
[3944266288, 3944266304]
[3944266544, 3944266560]
[3944266800, 3944266816]
[3944267056, 3944267072]
[3944267312, 3944267328]
[3944267568, 3944267584]
[3944267824, 3944267840]
[3944268080, 3944268096]
[3944268336, 3944268352]
[3944268592, 3944268608]
[3944268848, 3944268864]
[3944269104, 3944269120]
[3944269360, 3944269376]
[3944269616, 3944269632]
[3944269872, 3944269888]
[3944270128, 3944270144]
[3944270384, 3944270400]
[3944270640, 3944270656]
[3944270896, 3944270912]
[3944271152, 3944271168]
[3944271408, 3944271424]
[3944271664, 3944271680]
[3944271920, 3944271936]
[3944272176, 3944272192]
[3944272432, 3944272448]
[3944272688, 3944272704]
[3944272944, 3944272960]
[3944273200, 3944273216]
[3944273456, 3944273472]
[3944273712, 3944273728]
[3944273968, 3944273984]
[3944274224, 3944274240]
[3944274480, 3944274496]
[3944274736, 3944274752]
[3944274992, 3944275008]
[3944275248, 3944275264]
[3944275504, 3944275520]
[3944275760, 3944275776]
[3944276016, 3944276032]
[3944276272, 3944276288]
[3944276528, 3944276544]
[3944276784, 3944276800]
[3944277040, 3944277056]
[3944277296, 3944277312]
[3944277552, 3944277568]
[3944277808, 3944277824]
[3944278064, 3944278080]
[3944278320, 3944278336]
[3944278576, 3944278592]
[3944278832, 3944278848]
[3944279088, 3944279104]
[3944279344, 3944279360]
[3944279600, 3944279616]
[3944279856, 3944279872]
[3944280112, 3944280128]
[3944280368, 3944280384]
[3944280624, 3944280640]
[3944280880, 3944280896]
[3944281136, 3944281152]
[3944281392, 3944281408]
[3944281648, 3944281664]
[3944281904, 3944281920]
[3944282160, 3944282176]
[3944282416, 3944282432]
[3944282672, 3944282688]
[3944282928, 3944282944]
[3944283184, 3944283200]
[3944283440, 3944283456]
[3944283696, 3944283712]
[3944283952, 3944283968]
[3944284160, 3944284208]
[3944284224, 3944284464]
[3944284480, 3944284720]
[3944284736, 3944284976]
[3944284992, 3944285232]
[3944285248, 3944285488]
[3944285504, 3944285744]
[3944285760, 3944286000]
[3944286016, 3944286256]
[3944286272, 3944286512]
[3944286528, 3944286768]
[3944286784, 3944287024]
[3944287040, 3944287280]
[3944287296, 3944287536]
[3944287552, 3944287792]
[3944287808, 3944288048]
[3944288064, 3944288256]
[3944288304, 3944288320]
[3944288560, 3944288576]
[3944288816, 3944288832]
[3944289072, 3944289088]
[3944289328, 3944289344]
[3944289584, 3944289600]
[3944289840, 3944289856]
[3944290096, 3944290112]
[3944290352, 3944290368]
[3944290608, 3944290624]
[3944290864, 3944290880]
[3944291120, 3944291136]
[3944291376, 3944291392]
[3944291632, 3944291648]
[3944291888, 3944291904]
[3944292144, 3944292160]
[3944292400, 3944292416]
[3944292656, 3944292672]
[3944292912, 3944292928]
[3944293168, 3944293184]
[3944293424, 3944293440]
[3944293680, 3944293696]
[3944293936, 3944293952]
[3944294192, 3944294208]
[3944294448, 3944294464]
[3944294704, 3944294720]
[3944294960, 3944294976]
[3944295216, 3944295232]
[3944295472, 3944295488]
[3944295728, 3944295744]
[3944295984, 3944296000]
[3944296240, 3944296256]
[3944296496, 3944296512]
[3944296752, 3944296768]
[3944297008, 3944297024]
[3944297264, 3944297280]
[3944297520, 3944297536]
[3944297776, 3944297792]
[3944298032, 3944298048]
[3944298288, 3944298304]
[3944298544, 3944298560]
[3944298800, 3944298816]
[3944299056, 3944299072]
[3944299312, 3944299328]
[3944299568, 3944299584]
[3944299824, 3944299840]
[3944300080, 3944300096]
[3944300336, 3944300352]
[3944300592, 3944300608]
[3944300848, 3944300864]
[3944301104, 3944301120]
[3944301360, 3944301376]
[3944301616, 3944301632]
[3944301872, 3944301888]
[3944302128, 3944302144]
[3944302384, 3944302400]
[3944302640, 3944302656]
[3944302896, 3944302912]
[3944303152, 3944303168]
[3944303408, 3944303424]
[3944303664, 3944303680]
[3944303920, 3944303936]
[3944304176, 3944304192]
[3944304432, 3944304448]
[3944304688, 3944304704]
[3944304944, 3944304960]
[3944305200, 3944305216]
[3944305456, 3944305472]
[3944305712, 3944305728]
[3944305968, 3944305984]
[3944306224, 3944306240]
[3944306480, 3944306496]
[3944306736, 3944306752]
[3944306992, 3944307008]
[3944307248, 3944307264]
[3944307504, 3944307520]
[3944307760, 3944307776]
[3944308016, 3944308032]
[3944308272, 3944308288]
[3944308528, 3944308544]
[3944308784, 3944308800]
[3944309040, 3944309056]
[3944309296, 3944309312]
[3944309552, 3944309568]
[3944309808, 3944309824]
[3944310064, 3944310080]
[3944310320, 3944310336]
[3944310576, 3944310592]
[3944310832, 3944310848]
[3944311088, 3944311104]
[3944311344, 3944311360]
[3944311600, 3944311616]
[3944311856, 3944311872]
[3944312112, 3944312128]
[3944312368, 3944312384]
[3944312624, 3944312640]
[3944312880, 3944312896]
[3944313136, 3944313152]
[3944313392, 3944313408]
[3944313648, 3944313664]
[3944313904, 3944313920]
[3944314160, 3944314176]
[3944314416, 3944314432]
[3944314672, 3944314688]
[3944314928, 3944314944]
[3944315184, 3944315200]
[3944315440, 3944315456]
[3944315696, 3944315712]
[3944315952, 3944315968]
[3944316208, 3944316224]
[3944316464, 3944316480]
[3944316720, 3944316736]
[3944316928, 3944316976]
[3944316992, 3944317232]
[3944317248, 3944317488]
[3944317504, 3944317744]
[3944317760, 3944318000]
[3944318016, 3944318256]
[3944318272, 3944318512]
[3944318528, 3944318768]
[3944318784, 3944319024]
[3944319040, 3944319280]
[3944319296, 3944319536]
[3944319552, 3944319792]
[3944319808, 3944320048]
[3944320064, 3944320304]
[3944320320, 3944320560]
[3944320576, 3944320816]
[3944320832, 3944321024]
[3944321072, 3944321088]
[3944321328, 3944321344]
[3944321584, 3944321600]
[3944321840, 3944321856]
[3944322096, 3944322112]
[3944322352, 3944322368]
[3944322608, 3944322624]
[3944322864, 3944322880]
[3944323120, 3944323136]
[3944323376, 3944323392]
[3944323632, 3944323648]
[3944323888, 3944323904]
[3944324144, 3944324160]
[3944324400, 3944324416]
[3944324656, 3944324672]
[3944324912, 3944324928]
[3944325168, 3944325184]
[3944325424, 3944325440]
[3944325680, 3944325696]
[3944325936, 3944325952]
[3944326192, 3944326208]
[3944326448, 3944326464]
[3944326704, 3944326720]
[3944326960, 3944326976]
[3944327216, 3944327232]
[3944327472, 3944327488]
[3944327728, 3944327744]
[3944327984, 3944328000]
[3944328240, 3944328256]
[3944328496, 3944328512]
[3944328752, 3944328768]
[3944329008, 3944329024]
[3944329264, 3944329280]
[3944329520, 3944329536]
[3944329776, 3944329792]
[3944330032, 3944330048]
[3944330288, 3944330304]
[3944330544, 3944330560]
[3944330800, 3944330816]
[3944331056, 3944331072]
[3944331312, 3944331328]
[3944331568, 3944331584]
[3944331824, 3944331840]
[3944332080, 3944332096]
[3944332336, 3944332352]
[3944332592, 3944332608]
[3944332848, 3944332864]
[3944333104, 3944333120]
[3944333360, 3944333376]
[3944333616, 3944333632]
[3944333872, 3944333888]
[3944334128, 3944334144]
[3944334384, 3944334400]
[3944334640, 3944334656]
[3944334896, 3944334912]
[3944335152, 3944335168]
[3944335408, 3944335424]
[3944335664, 3944335680]
[3944335920, 3944335936]
[3944336176, 3944336192]
[3944336432, 3944336448]
[3944336688, 3944336704]
[3944336944, 3944336960]
[3944337200, 3944337216]
[3944337456, 3944337472]
[3944337712, 3944337728]
[3944337968, 3944337984]
[3944338224, 3944338240]
[3944338480, 3944338496]
[3944338736, 3944338752]
[3944338992, 3944339008]
[3944339248, 3944339264]
[3944339504, 3944339520]
[3944339760, 3944339776]
[3944340016, 3944340032]
[3944340272, 3944340288]
[3944340528, 3944340544]
[3944340784, 3944340800]
[3944341040, 3944341056]
[3944341296, 3944341312]
[3944341552, 3944341568]
[3944341808, 3944341824]
[3944342064, 3944342080]
[3944342320, 3944342336]
[3944342576, 3944342592]
[3944342832, 3944342848]
[3944343088, 3944343104]
[3944343344, 3944343360]
[3944343600, 3944343616]
[3944343856, 3944343872]
[3944344112, 3944344128]
[3944344368, 3944344384]
[3944344624, 3944344640]
[3944344880, 3944344896]
[3944345136, 3944345152]
[3944345392, 3944345408]
[3944345648, 3944345664]
[3944345904, 3944345920]
[3944346160, 3944346176]
[3944346416, 3944346432]
[3944346672, 3944346688]
[3944346928, 3944346944]
[3944347184, 3944347200]
[3944347440, 3944347456]
[3944347696, 3944347712]
[3944347952, 3944347968]
[3944348208, 3944348224]
[3944348464, 3944348480]
[3944348720, 3944348736]
[3944348976, 3944348992]
[3944349232, 3944349248]
[3944349488, 3944349504]
[3944349696, 3944349744]
[3944349760, 3944350000]
[3944350016, 3944350256]
[3944350272, 3944350512]
[3944350528, 3944350768]
[3944350784, 3944351024]
[3944351040, 3944351280]
[3944351296, 3944351536]
[3944351552, 3944351792]
[3944351808, 3944352048]
[3944352064, 3944352304]
[3944352320, 3944352560]
[3944352576, 3944352816]
[3944352832, 3944353072]
[3944353088, 3944353328]
[3944353344, 3944353584]
[3944353600, 3944353792]
[3944353840, 3944353856]
[3944354096, 3944354112]
[3944354352, 3944354368]
[3944354608, 3944354624]
[3944354864, 3944354880]
[3944355120, 3944355136]
[3944355376, 3944355392]
[3944355632, 3944355648]
[3944355888, 3944355904]
[3944356144, 3944356160]
[3944356400, 3944356416]
[3944356656, 3944356672]
[3944356912, 3944356928]
[3944357168, 3944357184]
[3944357424, 3944357440]
[3944357680, 3944357696]
[3944357936, 3944357952]
[3944358192, 3944358208]
[3944358448, 3944358464]
[3944358704, 3944358720]
[3944358960, 3944358976]
[3944359216, 3944359232]
[3944359472, 3944359488]
[3944359728, 3944359744]
[3944359984, 3944360000]
[3944360240, 3944360256]
[3944360496, 3944360512]
[3944360752, 3944360768]
[3944361008, 3944361024]
[3944361264, 3944361280]
[3944361520, 3944361536]
[3944361776, 3944361792]
[3944362032, 3944362048]
[3944362288, 3944362304]
[3944362544, 3944362560]
[3944362800, 3944362816]
[3944363056, 3944363072]
[3944363312, 3944363328]
[3944363568, 3944363584]
[3944363824, 3944363840]
[3944364080, 3944364096]
[3944364336, 3944364352]
[3944364592, 3944364608]
[3944364848, 3944364864]
[3944365104, 3944365120]
[3944365360, 3944365376]
[3944365616, 3944365632]
[3944365872, 3944365888]
[3944366128, 3944366144]
[3944366384, 3944366400]
[3944366640, 3944366656]
[3944366896, 3944366912]
[3944367152, 3944367168]
[3944367408, 3944367424]
[3944367664, 3944367680]
[3944367920, 3944367936]
[3944368176, 3944368192]
[3944368432, 3944368448]
[3944368688, 3944368704]
[3944368944, 3944368960]
[3944369200, 3944369216]
[3944369456, 3944369472]
[3944369712, 3944369728]
[3944369968, 3944369984]
[3944370224, 3944370240]
[3944370480, 3944370496]
[3944370736, 3944370752]
[3944370992, 3944371008]
[3944371248, 3944371264]
[3944371504, 3944371520]
[3944371760, 3944371776]
[3944372016, 3944372032]
[3944372272, 3944372288]
[3944372528, 3944372544]
[3944372784, 3944372800]
[3944373040, 3944373056]
[3944373296, 3944373312]
[3944373552, 3944373568]
[3944373808, 3944373824]
[3944374064, 3944374080]
[3944374320, 3944374336]
[3944374576, 3944374592]
[3944374832, 3944374848]
[3944375088, 3944375104]
[3944375344, 3944375360]
[3944375600, 3944375616]
[3944375856, 3944375872]
[3944376112, 3944376128]
[3944376368, 3944376384]
[3944376624, 3944376640]
[3944376880, 3944376896]
[3944377136, 3944377152]
[3944377392, 3944377408]
[3944377648, 3944377664]
[3944377904, 3944377920]
[3944378160, 3944378176]
[3944378416, 3944378432]
[3944378672, 3944378688]
[3944378928, 3944378944]
[3944379184, 3944379200]
[3944379440, 3944379456]
[3944379696, 3944379712]
[3944379952, 3944379968]
[3944380208, 3944380224]
[3944380464, 3944380480]
[3944380720, 3944380736]
[3944380976, 3944380992]
[3944381232, 3944381248]
[3944381488, 3944381504]
[3944381744, 3944381760]
[3944382000, 3944382016]
[3944382256, 3944382272]
[3944382464, 3944382512]
[3944382528, 3944382768]
[3944382784, 3944383024]
[3944383040, 3944383280]
[3944383296, 3944383536]
[3944383552, 3944383792]
[3944383808, 3944384048]
[3944384064, 3944384304]
[3944384320, 3944384560]
[3944384576, 3944384816]
[3944384832, 3944385072]
[3944385088, 3944385328]
[3944385344, 3944385584]
[3944385600, 3944385840]
[3944385856, 3944386096]
[3944386112, 3944386352]
[3944386368, 3944386560]
[3944386608, 3944386624]
[3944386864, 3944386880]
[3944387120, 3944387136]
[3944387376, 3944387392]
[3944387632, 3944387648]
[3944387888, 3944387904]
[3944388144, 3944388160]
[3944388400, 3944388416]
[3944388656, 3944388672]
[3944388912, 3944388928]
[3944389168, 3944389184]
[3944389424, 3944389440]
[3944389680, 3944389696]
[3944389936, 3944389952]
[3944390192, 3944390208]
[3944390448, 3944390464]
[3944390704, 3944390720]
[3944390960, 3944390976]
[3944391216, 3944391232]
[3944391472, 3944391488]
[3944391728, 3944391744]
[3944391984, 3944392000]
[3944392240, 3944392256]
[3944392496, 3944392512]
[3944392752, 3944392768]
[3944393008, 3944393024]
[3944393264, 3944393280]
[3944393520, 3944393536]
[3944393776, 3944393792]
[3944394032, 3944394048]
[3944394288, 3944394304]
[3944394544, 3944394560]
[3944394800, 3944394816]
[3944395056, 3944395072]
[3944395312, 3944395328]
[3944395568, 3944395584]
[3944395824, 3944395840]
[3944396080, 3944396096]
[3944396336, 3944396352]
[3944396592, 3944396608]
[3944396848, 3944396864]
[3944397104, 3944397120]
[3944397360, 3944397376]
[3944397616, 3944397632]
[3944397872, 3944397888]
[3944398128, 3944398144]
[3944398384, 3944398400]
[3944398640, 3944398656]
[3944398896, 3944398912]
[3944399152, 3944399168]
[3944399408, 3944399424]
[3944399664, 3944399680]
[3944399920, 3944399936]
[3944400176, 3944400192]
[3944400432, 3944400448]
[3944400688, 3944400704]
[3944400944, 3944400960]
[3944401200, 3944401216]
[3944401456, 3944401472]
[3944401712, 3944401728]
[3944401968, 3944401984]
[3944402224, 3944402240]
[3944402480, 3944402496]
[3944402736, 3944402752]
[3944402992, 3944403008]
[3944403248, 3944403264]
[3944403504, 3944403520]
[3944403760, 3944403776]
[3944404016, 3944404032]
[3944404272, 3944404288]
[3944404528, 3944404544]
[3944404784, 3944404800]
[3944405040, 3944405056]
[3944405296, 3944405312]
[3944405552, 3944405568]
[3944405808, 3944405824]
[3944406064, 3944406080]
[3944406320, 3944406336]
[3944406576, 3944406592]
[3944406832, 3944406848]
[3944407088, 3944407104]
[3944407344, 3944407360]
[3944407600, 3944407616]
[3944407856, 3944407872]
[3944408112, 3944408128]
[3944408368, 3944408384]
[3944408624, 3944408640]
[3944408880, 3944408896]
[3944409136, 3944409152]
[3944409392, 3944409408]
[3944409648, 3944409664]
[3944409904, 3944409920]
[3944410160, 3944410176]
[3944410416, 3944410432]
[3944410672, 3944410688]
[3944410928, 3944410944]
[3944411184, 3944411200]
[3944411440, 3944411456]
[3944411696, 3944411712]
[3944411952, 3944411968]
[3944412208, 3944412224]
[3944412464, 3944412480]
[3944412720, 3944412736]
[3944412976, 3944412992]
[3944413232, 3944413248]
[3944413488, 3944413504]
[3944413744, 3944413760]
[3944414000, 3944414016]
[3944414256, 3944414272]
[3944414512, 3944414528]
[3944414768, 3944414784]
[3944415024, 3944415040]
[3944415232, 3944415280]
[3944415296, 3944415536]
[3944415552, 3944415792]
[3944415808, 3944416048]
[3944416064, 3944416304]
[3944416320, 3944416560]
[3944416576, 3944416816]
[3944416832, 3944417072]
[3944417088, 3944417328]
[3944417344, 3944417584]
[3944417600, 3944417840]
[3944417856, 3944418096]
[3944418112, 3944418352]
[3944418368, 3944418608]
[3944418624, 3944418864]
[3944418880, 3944419120]
[3944419136, 3944419328]
[3944419376, 3944419392]
[3944419632, 3944419648]
[3944419888, 3944419904]
[3944420144, 3944420160]
[3944420400, 3944420416]
[3944420656, 3944420672]
[3944420912, 3944420928]
[3944421168, 3944421184]
[3944421424, 3944421440]
[3944421680, 3944421696]
[3944421936, 3944421952]
[3944422192, 3944422208]
[3944422448, 3944422464]
[3944422704, 3944422720]
[3944422960, 3944422976]
[3944423216, 3944423232]
[3944423472, 3944423488]
[3944423728, 3944423744]
[3944423984, 3944424000]
[3944424240, 3944424256]
[3944424496, 3944424512]
[3944424752, 3944424768]
[3944425008, 3944425024]
[3944425264, 3944425280]
[3944425520, 3944425536]
[3944425776, 3944425792]
[3944426032, 3944426048]
[3944426288, 3944426304]
[3944426544, 3944426560]
[3944426800, 3944426816]
[3944427056, 3944427072]
[3944427312, 3944427328]
[3944427568, 3944427584]
[3944427824, 3944427840]
[3944428080, 3944428096]
[3944428336, 3944428352]
[3944428592, 3944428608]
[3944428848, 3944428864]
[3944429104, 3944429120]
[3944429360, 3944429376]
[3944429616, 3944429632]
[3944429872, 3944429888]
[3944430128, 3944430144]
[3944430384, 3944430400]
[3944430640, 3944430656]
[3944430896, 3944430912]
[3944431152, 3944431168]
[3944431408, 3944431424]
[3944431664, 3944431680]
[3944431920, 3944431936]
[3944432176, 3944432192]
[3944432432, 3944432448]
[3944432688, 3944432704]
[3944432944, 3944432960]
[3944433200, 3944433216]
[3944433456, 3944433472]
[3944433712, 3944433728]
[3944433968, 3944433984]
[3944434224, 3944434240]
[3944434480, 3944434496]
[3944434736, 3944434752]
[3944434992, 3944435008]
[3944435248, 3944435264]
[3944435504, 3944435520]
[3944435760, 3944435776]
[3944436016, 3944436032]
[3944436272, 3944436288]
[3944436528, 3944436544]
[3944436784, 3944436800]
[3944437040, 3944437056]
[3944437296, 3944437312]
[3944437552, 3944437568]
[3944437808, 3944437824]
[3944438064, 3944438080]
[3944438320, 3944438336]
[3944438576, 3944438592]
[3944438832, 3944438848]
[3944439088, 3944439104]
[3944439344, 3944439360]
[3944439600, 3944439616]
[3944439856, 3944439872]
[3944440112, 3944440128]
[3944440368, 3944440384]
[3944440624, 3944440640]
[3944440880, 3944440896]
[3944441136, 3944441152]
[3944441392, 3944441408]
[3944441648, 3944441664]
[3944441904, 3944441920]
[3944442160, 3944442176]
[3944442416, 3944442432]
[3944442672, 3944442688]
[3944442928, 3944442944]
[3944443184, 3944443200]
[3944443440, 3944443456]
[3944443696, 3944443712]
[3944443952, 3944443968]
[3944444208, 3944444224]
[3944444464, 3944444480]
[3944444720, 3944444736]
[3944444976, 3944444992]
[3944445232, 3944445248]
[3944445488, 3944445504]
[3944445744, 3944445760]
[3944446000, 3944446016]
[3944446256, 3944446272]
[3944446512, 3944446528]
[3944446768, 3944446784]
[3944447024, 3944447040]
[3944447280, 3944447296]
[3944447536, 3944447552]
[3944447792, 3944447808]
[3944448000, 3944448048]
[3944448064, 3944448304]
[3944448320, 3944448560]
[3944448576, 3944448816]
[3944448832, 3944449072]
[3944449088, 3944449328]
[3944449344, 3944449584]
[3944449600, 3944449840]
[3944449856, 3944450096]
[3944450112, 3944450352]
[3944450368, 3944450608]
[3944450624, 3944450864]
[3944450880, 3944451120]
[3944451136, 3944451376]
[3944451392, 3944451632]
[3944451648, 3944451888]
[3944451904, 3944452096]
[3944452144, 3944452160]
[3944452400, 3944452416]
[3944452656, 3944452672]
[3944452912, 3944452928]
[3944453168, 3944453184]
[3944453424, 3944453440]
[3944453680, 3944453696]
[3944453936, 3944453952]
[3944454192, 3944454208]
[3944454448, 3944454464]
[3944454704, 3944454720]
[3944454960, 3944454976]
[3944455216, 3944455232]
[3944455472, 3944455488]
[3944455728, 3944455744]
[3944455984, 3944456000]
[3944456240, 3944456256]
[3944456496, 3944456512]
[3944456752, 3944456768]
[3944457008, 3944457024]
[3944457264, 3944457280]
[3944457520, 3944457536]
[3944457776, 3944457792]
[3944458032, 3944458048]
[3944458288, 3944458304]
[3944458544, 3944458560]
[3944458800, 3944458816]
[3944459056, 3944459072]
[3944459312, 3944459328]
[3944459568, 3944459584]
[3944459824, 3944459840]
[3944460080, 3944460096]
[3944460336, 3944460352]
[3944460592, 3944460608]
[3944460848, 3944460864]
[3944461104, 3944461120]
[3944461360, 3944461376]
[3944461616, 3944461632]
[3944461872, 3944461888]
[3944462128, 3944462144]
[3944462384, 3944462400]
[3944462640, 3944462656]
[3944462896, 3944462912]
[3944463152, 3944463168]
[3944463408, 3944463424]
[3944463664, 3944463680]
[3944463920, 3944463936]
[3944464176, 3944464192]
[3944464432, 3944464448]
[3944464688, 3944464704]
[3944464944, 3944464960]
[3944465200, 3944465216]
[3944465456, 3944465472]
[3944465712, 3944465728]
[3944465968, 3944465984]
[3944466224, 3944466240]
[3944466480, 3944466496]
[3944466736, 3944466752]
[3944466992, 3944467008]
[3944467248, 3944467264]
[3944467504, 3944467520]
[3944467760, 3944467776]
[3944468016, 3944468032]
[3944468272, 3944468288]
[3944468528, 3944468544]
[3944468784, 3944468800]
[3944469040, 3944469056]
[3944469296, 3944469312]
[3944469552, 3944469568]
[3944469808, 3944469824]
[3944470064, 3944470080]
[3944470320, 3944470336]
[3944470576, 3944470592]
[3944470832, 3944470848]
[3944471088, 3944471104]
[3944471344, 3944471360]
[3944471600, 3944471616]
[3944471856, 3944471872]
[3944472112, 3944472128]
[3944472368, 3944472384]
[3944472624, 3944472640]
[3944472880, 3944472896]
[3944473136, 3944473152]
[3944473392, 3944473408]
[3944473648, 3944473664]
[3944473904, 3944473920]
[3944474160, 3944474176]
[3944474416, 3944474432]
[3944474672, 3944474688]
[3944474928, 3944474944]
[3944475184, 3944475200]
[3944475440, 3944475456]
[3944475696, 3944475712]
[3944475952, 3944475968]
[3944476208, 3944476224]
[3944476464, 3944476480]
[3944476720, 3944476736]
[3944476976, 3944476992]
[3944477232, 3944477248]
[3944477488, 3944477504]
[3944477744, 3944477760]
[3944478000, 3944478016]
[3944478256, 3944478272]
[3944478512, 3944478528]
[3944478768, 3944478784]
[3944479024, 3944479040]
[3944479280, 3944479296]
[3944479536, 3944479552]
[3944479792, 3944479808]
[3944480048, 3944480064]
[3944480304, 3944480320]
[3944480560, 3944480576]
[3944480768, 3944480816]
[3944480832, 3944481072]
[3944481088, 3944481328]
[3944481344, 3944481584]
[3944481600, 3944481840]
[3944481856, 3944482096]
[3944482112, 3944482352]
[3944482368, 3944482608]
[3944482624, 3944482864]
[3944482880, 3944483120]
[3944483136, 3944483376]
[3944483392, 3944483632]
[3944483648, 3944483888]
[3944483904, 3944484144]
[3944484160, 3944484400]
[3944484416, 3944484656]
[3944484672, 3944484864]
[3944484912, 3944484928]
[3944485168, 3944485184]
[3944485424, 3944485440]
[3944485680, 3944485696]
[3944485936, 3944485952]
[3944486192, 3944486208]
[3944486448, 3944486464]
[3944486704, 3944486720]
[3944486960, 3944486976]
[3944487216, 3944487232]
[3944487472, 3944487488]
[3944487728, 3944487744]
[3944487984, 3944488000]
[3944488240, 3944488256]
[3944488496, 3944488512]
[3944488752, 3944488768]
[3944489008, 3944489024]
[3944489264, 3944489280]
[3944489520, 3944489536]
[3944489776, 3944489792]
[3944490032, 3944490048]
[3944490288, 3944490304]
[3944490544, 3944490560]
[3944490800, 3944490816]
[3944491056, 3944491072]
[3944491312, 3944491328]
[3944491568, 3944491584]
[3944491824, 3944491840]
[3944492080, 3944492096]
[3944492336, 3944492352]
[3944492592, 3944492608]
[3944492848, 3944492864]
[3944493104, 3944493120]
[3944493360, 3944493376]
[3944493616, 3944493632]
[3944493872, 3944493888]
[3944494128, 3944494144]
[3944494384, 3944494400]
[3944494640, 3944494656]
[3944494896, 3944494912]
[3944495152, 3944495168]
[3944495408, 3944495424]
[3944495664, 3944495680]
[3944495920, 3944495936]
[3944496176, 3944496192]
[3944496432, 3944496448]
[3944496688, 3944496704]
[3944496944, 3944496960]
[3944497200, 3944497216]
[3944497456, 3944497472]
[3944497712, 3944497728]
[3944497968, 3944497984]
[3944498224, 3944498240]
[3944498480, 3944498496]
[3944498736, 3944498752]
[3944498992, 3944499008]
[3944499248, 3944499264]
[3944499504, 3944499520]
[3944499760, 3944499776]
[3944500016, 3944500032]
[3944500272, 3944500288]
[3944500528, 3944500544]
[3944500784, 3944500800]
[3944501040, 3944501056]
[3944501296, 3944501312]
[3944501552, 3944501568]
[3944501808, 3944501824]
[3944502064, 3944502080]
[3944502320, 3944502336]
[3944502576, 3944502592]
[3944502832, 3944502848]
[3944503088, 3944503104]
[3944503344, 3944503360]
[3944503600, 3944503616]
[3944503856, 3944503872]
[3944504112, 3944504128]
[3944504368, 3944504384]
[3944504624, 3944504640]
[3944504880, 3944504896]
[3944505136, 3944505152]
[3944505392, 3944505408]
[3944505648, 3944505664]
[3944505904, 3944505920]
[3944506160, 3944506176]
[3944506416, 3944506432]
[3944506672, 3944506688]
[3944506928, 3944506944]
[3944507184, 3944507200]
[3944507440, 3944507456]
[3944507696, 3944507712]
[3944507952, 3944507968]
[3944508208, 3944508224]
[3944508464, 3944508480]
[3944508720, 3944508736]
[3944508976, 3944508992]
[3944509232, 3944509248]
[3944509488, 3944509504]
[3944509744, 3944509760]
[3944510000, 3944510016]
[3944510256, 3944510272]
[3944510512, 3944510528]
[3944510768, 3944510784]
[3944511024, 3944511040]
[3944511280, 3944511296]
[3944511536, 3944511552]
[3944511792, 3944511808]
[3944512048, 3944512064]
[3944512304, 3944512320]
[3944512560, 3944512576]
[3944512816, 3944512832]
[3944513072, 3944513088]
[3944513328, 3944513344]
[3944513536, 3944513584]
[3944513600, 3944513840]
[3944513856, 3944514096]
[3944514112, 3944514352]
[3944514368, 3944514608]
[3944514624, 3944514864]
[3944514880, 3944515120]
[3944515136, 3944515376]
[3944515392, 3944515632]
[3944515648, 3944515888]
[3944515904, 3944516144]
[3944516160, 3944516400]
[3944516416, 3944516656]
[3944516672, 3944516912]
[3944516928, 3944517168]
[3944517184, 3944517424]
[3944517440, 3944517632]
[3944517680, 3944517696]
[3944517936, 3944517952]
[3944518192, 3944518208]
[3944518448, 3944518464]
[3944518704, 3944518720]
[3944518960, 3944518976]
[3944519216, 3944519232]
[3944519472, 3944519488]
[3944519728, 3944519744]
[3944519984, 3944520000]
[3944520240, 3944520256]
[3944520496, 3944520512]
[3944520752, 3944520768]
[3944521008, 3944521024]
[3944521264, 3944521280]
[3944521520, 3944521536]
[3944521776, 3944521792]
[3944522032, 3944522048]
[3944522288, 3944522304]
[3944522544, 3944522560]
[3944522800, 3944522816]
[3944523056, 3944523072]
[3944523312, 3944523328]
[3944523568, 3944523584]
[3944523824, 3944523840]
[3944524080, 3944524096]
[3944524336, 3944524352]
[3944524592, 3944524608]
[3944524848, 3944524864]
[3944525104, 3944525120]
[3944525360, 3944525376]
[3944525616, 3944525632]
[3944525872, 3944525888]
[3944526128, 3944526144]
[3944526384, 3944526400]
[3944526640, 3944526656]
[3944526896, 3944526912]
[3944527152, 3944527168]
[3944527408, 3944527424]
[3944527664, 3944527680]
[3944527920, 3944527936]
[3944528176, 3944528192]
[3944528432, 3944528448]
[3944528688, 3944528704]
[3944528944, 3944528960]
[3944529200, 3944529216]
[3944529456, 3944529472]
[3944529712, 3944529728]
[3944529968, 3944529984]
[3944530224, 3944530240]
[3944530480, 3944530496]
[3944530736, 3944530752]
[3944530992, 3944531008]
[3944531248, 3944531264]
[3944531504, 3944531520]
[3944531760, 3944531776]
[3944532016, 3944532032]
[3944532272, 3944532288]
[3944532528, 3944532544]
[3944532784, 3944532800]
[3944533040, 3944533056]
[3944533296, 3944533312]
[3944533552, 3944533568]
[3944533808, 3944533824]
[3944534064, 3944534080]
[3944534320, 3944534336]
[3944534576, 3944534592]
[3944534832, 3944534848]
[3944535088, 3944535104]
[3944535344, 3944535360]
[3944535600, 3944535616]
[3944535856, 3944535872]
[3944536112, 3944536128]
[3944536368, 3944536384]
[3944536624, 3944536640]
[3944536880, 3944536896]
[3944537136, 3944537152]
[3944537392, 3944537408]
[3944537648, 3944537664]
[3944537904, 3944537920]
[3944538160, 3944538176]
[3944538416, 3944538432]
[3944538672, 3944538688]
[3944538928, 3944538944]
[3944539184, 3944539200]
[3944539440, 3944539456]
[3944539696, 3944539712]
[3944539952, 3944539968]
[3944540208, 3944540224]
[3944540464, 3944540480]
[3944540720, 3944540736]
[3944540976, 3944540992]
[3944541232, 3944541248]
[3944541488, 3944541504]
[3944541744, 3944541760]
[3944542000, 3944542016]
[3944542256, 3944542272]
[3944542512, 3944542528]
[3944542768, 3944542784]
[3944543024, 3944543040]
[3944543280, 3944543296]
[3944543536, 3944543552]
[3944543792, 3944543808]
[3944544048, 3944544064]
[3944544304, 3944544320]
[3944544560, 3944544576]
[3944544816, 3944544832]
[3944545072, 3944545088]
[3944545328, 3944545344]
[3944545584, 3944545600]
[3944545840, 3944545856]
[3944546096, 3944546112]
[3944546304, 3944546352]
[3944546368, 3944546608]
[3944546624, 3944546864]
[3944546880, 3944547120]
[3944547136, 3944547376]
[3944547392, 3944547632]
[3944547648, 3944547888]
[3944547904, 3944548144]
[3944548160, 3944548400]
[3944548416, 3944548656]
[3944548672, 3944548912]
[3944548928, 3944549168]
[3944549184, 3944549424]
[3944549440, 3944549680]
[3944549696, 3944549936]
[3944549952, 3944550192]
[3944550208, 3944550400]
[3944550448, 3944550464]
[3944550704, 3944550720]
[3944550960, 3944550976]
[3944551216, 3944551232]
[3944551472, 3944551488]
[3944551728, 3944551744]
[3944551984, 3944552000]
[3944552240, 3944552256]
[3944552496, 3944552512]
[3944552752, 3944552768]
[3944553008, 3944553024]
[3944553264, 3944553280]
[3944553520, 3944553536]
[3944553776, 3944553792]
[3944554032, 3944554048]
[3944554288, 3944554304]
[3944554544, 3944554560]
[3944554800, 3944554816]
[3944555056, 3944555072]
[3944555312, 3944555328]
[3944555568, 3944555584]
[3944555824, 3944555840]
[3944556080, 3944556096]
[3944556336, 3944556352]
[3944556592, 3944556608]
[3944556848, 3944556864]
[3944557104, 3944557120]
[3944557360, 3944557376]
[3944557616, 3944557632]
[3944557872, 3944557888]
[3944558128, 3944558144]
[3944558384, 3944558400]
[3944558640, 3944558656]
[3944558896, 3944558912]
[3944559152, 3944559168]
[3944559408, 3944559424]
[3944559664, 3944559680]
[3944559920, 3944559936]
[3944560176, 3944560192]
[3944560432, 3944560448]
[3944560688, 3944560704]
[3944560944, 3944560960]
[3944561200, 3944561216]
[3944561456, 3944561472]
[3944561712, 3944561728]
[3944561968, 3944561984]
[3944562224, 3944562240]
[3944562480, 3944562496]
[3944562736, 3944562752]
[3944562992, 3944563008]
[3944563248, 3944563264]
[3944563504, 3944563520]
[3944563760, 3944563776]
[3944564016, 3944564032]
[3944564272, 3944564288]
[3944564528, 3944564544]
[3944564784, 3944564800]
[3944565040, 3944565056]
[3944565296, 3944565312]
[3944565552, 3944565568]
[3944565808, 3944565824]
[3944566064, 3944566080]
[3944566320, 3944566336]
[3944566576, 3944566592]
[3944566832, 3944566848]
[3944567088, 3944567104]
[3944567344, 3944567360]
[3944567600, 3944567616]
[3944567856, 3944567872]
[3944568112, 3944568128]
[3944568368, 3944568384]
[3944568624, 3944568640]
[3944568880, 3944568896]
[3944569136, 3944569152]
[3944569392, 3944569408]
[3944569648, 3944569664]
[3944569904, 3944569920]
[3944570160, 3944570176]
[3944570416, 3944570432]
[3944570672, 3944570688]
[3944570928, 3944570944]
[3944571184, 3944571200]
[3944571440, 3944571456]
[3944571696, 3944571712]
[3944571952, 3944571968]
[3944572208, 3944572224]
[3944572464, 3944572480]
[3944572720, 3944572736]
[3944572976, 3944572992]
[3944573232, 3944573248]
[3944573488, 3944573504]
[3944573744, 3944573760]
[3944574000, 3944574016]
[3944574256, 3944574272]
[3944574512, 3944574528]
[3944574768, 3944574784]
[3944575024, 3944575040]
[3944575280, 3944575296]
[3944575536, 3944575552]
[3944575792, 3944575808]
[3944576048, 3944576064]
[3944576304, 3944576320]
[3944576560, 3944576576]
[3944576816, 3944576832]
[3944577072, 3944577088]
[3944577328, 3944577344]
[3944577584, 3944577600]
[3944577840, 3944577856]
[3944578096, 3944578112]
[3944578352, 3944578368]
[3944578608, 3944578624]
[3944578864, 3944578880]
[3944579072, 3944579120]
[3944579136, 3944579376]
[3944579392, 3944579632]
[3944579648, 3944579888]
[3944579904, 3944580144]
[3944580160, 3944580400]
[3944580416, 3944580656]
[3944580672, 3944580912]
[3944580928, 3944581168]
[3944581184, 3944581424]
[3944581440, 3944581680]
[3944581696, 3944581936]
[3944581952, 3944582192]
[3944582208, 3944582448]
[3944582464, 3944582704]
[3944582720, 3944582960]
[3944582976, 3944583168]
[3944583216, 3944583232]
[3944583472, 3944583488]
[3944583728, 3944583744]
[3944583984, 3944584000]
[3944584240, 3944584256]
[3944584496, 3944584512]
[3944584752, 3944584768]
[3944585008, 3944585024]
[3944585264, 3944585280]
[3944585520, 3944585536]
[3944585776, 3944585792]
[3944586032, 3944586048]
[3944586288, 3944586304]
[3944586544, 3944586560]
[3944586800, 3944586816]
[3944587056, 3944587072]
[3944587312, 3944587328]
[3944587568, 3944587584]
[3944587824, 3944587840]
[3944588080, 3944588096]
[3944588336, 3944588352]
[3944588592, 3944588608]
[3944588848, 3944588864]
[3944589104, 3944589120]
[3944589360, 3944589376]
[3944589616, 3944589632]
[3944589872, 3944589888]
[3944590128, 3944590144]
[3944590384, 3944590400]
[3944590640, 3944590656]
[3944590896, 3944590912]
[3944591152, 3944591168]
[3944591408, 3944591424]
[3944591664, 3944591680]
[3944591920, 3944591936]
[3944592176, 3944592192]
[3944592432, 3944592448]
[3944592688, 3944592704]
[3944592944, 3944592960]
[3944593200, 3944593216]
[3944593456, 3944593472]
[3944593712, 3944593728]
[3944593968, 3944593984]
[3944594224, 3944594240]
[3944594480, 3944594496]
[3944594736, 3944594752]
[3944594992, 3944595008]
[3944595248, 3944595264]
[3944595504, 3944595520]
[3944595760, 3944595776]
[3944596016, 3944596032]
[3944596272, 3944596288]
[3944596528, 3944596544]
[3944596784, 3944596800]
[3944597040, 3944597056]
[3944597296, 3944597312]
[3944597552, 3944597568]
[3944597808, 3944597824]
[3944598064, 3944598080]
[3944598320, 3944598336]
[3944598576, 3944598592]
[3944598832, 3944598848]
[3944599088, 3944599104]
[3944599344, 3944599360]
[3944599600, 3944599616]
[3944599856, 3944599872]
[3944600112, 3944600128]
[3944600368, 3944600384]
[3944600624, 3944600640]
[3944600880, 3944600896]
[3944601136, 3944601152]
[3944601392, 3944601408]
[3944601648, 3944601664]
[3944601904, 3944601920]
[3944602160, 3944602176]
[3944602416, 3944602432]
[3944602672, 3944602688]
[3944602928, 3944602944]
[3944603184, 3944603200]
[3944603440, 3944603456]
[3944603696, 3944603712]
[3944603952, 3944603968]
[3944604208, 3944604224]
[3944604464, 3944604480]
[3944604720, 3944604736]
[3944604976, 3944604992]
[3944605232, 3944605248]
[3944605488, 3944605504]
[3944605744, 3944605760]
[3944606000, 3944606016]
[3944606256, 3944606272]
[3944606512, 3944606528]
[3944606768, 3944606784]
[3944607024, 3944607040]
[3944607280, 3944607296]
[3944607536, 3944607552]
[3944607792, 3944607808]
[3944608048, 3944608064]
[3944608304, 3944608320]
[3944608560, 3944608576]
[3944608816, 3944608832]
[3944609072, 3944609088]
[3944609328, 3944609344]
[3944609584, 3944609600]
[3944609840, 3944609856]
[3944610096, 3944610112]
[3944610352, 3944610368]
[3944610608, 3944610624]
[3944610864, 3944610880]
[3944611120, 3944611136]
[3944611376, 3944611392]
[3944611632, 3944611648]
[3944611840, 3944611888]
[3944611904, 3944612144]
[3944612160, 3944612400]
[3944612416, 3944612656]
[3944612672, 3944612912]
[3944612928, 3944613168]
[3944613184, 3944613424]
[3944613440, 3944613680]
[3944613696, 3944613936]
[3944613952, 3944614192]
[3944614208, 3944614448]
[3944614464, 3944614704]
[3944614720, 3944614960]
[3944614976, 3944615216]
[3944615232, 3944615472]
[3944615488, 3944615728]
[3944615744, 3944615936]
[3944615984, 3944616000]
[3944616240, 3944616256]
[3944616496, 3944616512]
[3944616752, 3944616768]
[3944617008, 3944617024]
[3944617264, 3944617280]
[3944617520, 3944617536]
[3944617776, 3944617792]
[3944618032, 3944618048]
[3944618288, 3944618304]
[3944618544, 3944618560]
[3944618800, 3944618816]
[3944619056, 3944619072]
[3944619312, 3944619328]
[3944619568, 3944619584]
[3944619824, 3944619840]
[3944620080, 3944620096]
[3944620336, 3944620352]
[3944620592, 3944620608]
[3944620848, 3944620864]
[3944621104, 3944621120]
[3944621360, 3944621376]
[3944621616, 3944621632]
[3944621872, 3944621888]
[3944622128, 3944622144]
[3944622384, 3944622400]
[3944622640, 3944622656]
[3944622896, 3944622912]
[3944623152, 3944623168]
[3944623408, 3944623424]
[3944623664, 3944623680]
[3944623920, 3944623936]
[3944624176, 3944624192]
[3944624432, 3944624448]
[3944624688, 3944624704]
[3944624944, 3944624960]
[3944625200, 3944625216]
[3944625456, 3944625472]
[3944625712, 3944625728]
[3944625968, 3944625984]
[3944626224, 3944626240]
[3944626480, 3944626496]
[3944626736, 3944626752]
[3944626992, 3944627008]
[3944627248, 3944627264]
[3944627504, 3944627520]
[3944627760, 3944627776]
[3944628016, 3944628032]
[3944628272, 3944628288]
[3944628528, 3944628544]
[3944628784, 3944628800]
[3944629040, 3944629056]
[3944629296, 3944629312]
[3944629552, 3944629568]
[3944629808, 3944629824]
[3944630064, 3944630080]
[3944630320, 3944630336]
[3944630576, 3944630592]
[3944630832, 3944630848]
[3944631088, 3944631104]
[3944631344, 3944631360]
[3944631600, 3944631616]
[3944631856, 3944631872]
[3944632112, 3944632128]
[3944632368, 3944632384]
[3944632624, 3944632640]
[3944632880, 3944632896]
[3944633136, 3944633152]
[3944633392, 3944633408]
[3944633648, 3944633664]
[3944633904, 3944633920]
[3944634160, 3944634176]
[3944634416, 3944634432]
[3944634672, 3944634688]
[3944634928, 3944634944]
[3944635184, 3944635200]
[3944635440, 3944635456]
[3944635696, 3944635712]
[3944635952, 3944635968]
[3944636208, 3944636224]
[3944636464, 3944636480]
[3944636720, 3944636736]
[3944636976, 3944636992]
[3944637232, 3944637248]
[3944637488, 3944637504]
[3944637744, 3944637760]
[3944638000, 3944638016]
[3944638256, 3944638272]
[3944638512, 3944638528]
[3944638768, 3944638784]
[3944639024, 3944639040]
[3944639280, 3944639296]
[3944639536, 3944639552]
[3944639792, 3944639808]
[3944640048, 3944640064]
[3944640304, 3944640320]
[3944640560, 3944640576]
[3944640816, 3944640832]
[3944641072, 3944641088]
[3944641328, 3944641344]
[3944641584, 3944641600]
[3944641840, 3944641856]
[3944642096, 3944642112]
[3944642352, 3944642368]
[3944642608, 3944642624]
[3944642864, 3944642880]
[3944643120, 3944643136]
[3944643376, 3944643392]
[3944643632, 3944643648]
[3944643888, 3944643904]
[3944644144, 3944644160]
[3944644400, 3944644416]
[3944644608, 3944644656]
[3944644672, 3944644912]
[3944644928, 3944645168]
[3944645184, 3944645424]
[3944645440, 3944645680]
[3944645696, 3944645936]
[3944645952, 3944646192]
[3944646208, 3944646448]
[3944646464, 3944646704]
[3944646720, 3944646960]
[3944646976, 3944647216]
[3944647232, 3944647472]
[3944647488, 3944647728]
[3944647744, 3944647984]
[3944648000, 3944648240]
[3944648256, 3944648496]
[3944648512, 3944648704]
[3944648752, 3944648768]
[3944649008, 3944649024]
[3944649264, 3944649280]
[3944649520, 3944649536]
[3944649776, 3944649792]
[3944650032, 3944650048]
[3944650288, 3944650304]
[3944650544, 3944650560]
[3944650800, 3944650816]
[3944651056, 3944651072]
[3944651312, 3944651328]
[3944651568, 3944651584]
[3944651824, 3944651840]
[3944652080, 3944652096]
[3944652336, 3944652352]
[3944652592, 3944652608]
[3944652848, 3944652864]
[3944653104, 3944653120]
[3944653360, 3944653376]
[3944653616, 3944653632]
[3944653872, 3944653888]
[3944654128, 3944654144]
[3944654384, 3944654400]
[3944654640, 3944654656]
[3944654896, 3944654912]
[3944655152, 3944655168]
[3944655408, 3944655424]
[3944655664, 3944655680]
[3944655920, 3944655936]
[3944656176, 3944656192]
[3944656432, 3944656448]
[3944656688, 3944656704]
[3944656944, 3944656960]
[3944657200, 3944657216]
[3944657456, 3944657472]
[3944657712, 3944657728]
[3944657968, 3944657984]
[3944658224, 3944658240]
[3944658480, 3944658496]
[3944658736, 3944658752]
[3944658992, 3944659008]
[3944659248, 3944659264]
[3944659504, 3944659520]
[3944659760, 3944659776]
[3944660016, 3944660032]
[3944660272, 3944660288]
[3944660528, 3944660544]
[3944660784, 3944660800]
[3944661040, 3944661056]
[3944661296, 3944661312]
[3944661552, 3944661568]
[3944661808, 3944661824]
[3944662064, 3944662080]
[3944662320, 3944662336]
[3944662576, 3944662592]
[3944662832, 3944662848]
[3944663088, 3944663104]
[3944663344, 3944663360]
[3944663600, 3944663616]
[3944663856, 3944663872]
[3944664112, 3944664128]
[3944664368, 3944664384]
[3944664624, 3944664640]
[3944664880, 3944664896]
[3944665136, 3944665152]
[3944665392, 3944665408]
[3944665648, 3944665664]
[3944665904, 3944665920]
[3944666160, 3944666176]
[3944666416, 3944666432]
[3944666672, 3944666688]
[3944666928, 3944666944]
[3944667184, 3944667200]
[3944667440, 3944667456]
[3944667696, 3944667712]
[3944667952, 3944667968]
[3944668208, 3944668224]
[3944668464, 3944668480]
[3944668720, 3944668736]
[3944668976, 3944668992]
[3944669232, 3944669248]
[3944669488, 3944669504]
[3944669744, 3944669760]
[3944670000, 3944670016]
[3944670256, 3944670272]
[3944670512, 3944670528]
[3944670768, 3944670784]
[3944671024, 3944671040]
[3944671280, 3944671296]
[3944671536, 3944671552]
[3944671792, 3944671808]
[3944672048, 3944672064]
[3944672304, 3944672320]
[3944672560, 3944672576]
[3944672816, 3944672832]
[3944673072, 3944673088]
[3944673328, 3944673344]
[3944673584, 3944673600]
[3944673840, 3944673856]
[3944674096, 3944674112]
[3944674352, 3944674368]
[3944674608, 3944674624]
[3944674864, 3944674880]
[3944675120, 3944675136]
[3944675376, 3944675392]
[3944675632, 3944675648]
[3944675888, 3944675904]
[3944676144, 3944676160]
[3944676400, 3944676416]
[3944676656, 3944676672]
[3944676912, 3944676928]
[3944677168, 3944677184]
[3944677376, 3944677424]
[3944677440, 3944677680]
[3944677696, 3944677936]
[3944677952, 3944678192]
[3944678208, 3944678448]
[3944678464, 3944678704]
[3944678720, 3944678960]
[3944678976, 3944679216]
[3944679232, 3944679472]
[3944679488, 3944679728]
[3944679744, 3944679984]
[3944680000, 3944680240]
[3944680256, 3944680496]
[3944680512, 3944680752]
[3944680768, 3944681008]
[3944681024, 3944681264]
[3944681280, 3944681472]
[3944681520, 3944681536]
[3944681776, 3944681792]
[3944682032, 3944682048]
[3944682288, 3944682304]
[3944682544, 3944682560]
[3944682800, 3944682816]
[3944683056, 3944683072]
[3944683312, 3944683328]
[3944683568, 3944683584]
[3944683824, 3944683840]
[3944684080, 3944684096]
[3944684336, 3944684352]
[3944684592, 3944684608]
[3944684848, 3944684864]
[3944685104, 3944685120]
[3944685360, 3944685376]
[3944685616, 3944685632]
[3944685872, 3944685888]
[3944686128, 3944686144]
[3944686384, 3944686400]
[3944686640, 3944686656]
[3944686896, 3944686912]
[3944687152, 3944687168]
[3944687408, 3944687424]
[3944687664, 3944687680]
[3944687920, 3944687936]
[3944688176, 3944688192]
[3944688432, 3944688448]
[3944688688, 3944688704]
[3944688944, 3944688960]
[3944689200, 3944689216]
[3944689456, 3944689472]
[3944689712, 3944689728]
[3944689968, 3944689984]
[3944690224, 3944690240]
[3944690480, 3944690496]
[3944690736, 3944690752]
[3944690992, 3944691008]
[3944691248, 3944691264]
[3944691504, 3944691520]
[3944691760, 3944691776]
[3944692016, 3944692032]
[3944692272, 3944692288]
[3944692528, 3944692544]
[3944692784, 3944692800]
[3944693040, 3944693056]
[3944693296, 3944693312]
[3944693552, 3944693568]
[3944693808, 3944693824]
[3944694064, 3944694080]
[3944694320, 3944694336]
[3944694576, 3944694592]
[3944694832, 3944694848]
[3944695088, 3944695104]
[3944695344, 3944695360]
[3944695600, 3944695616]
[3944695856, 3944695872]
[3944696112, 3944696128]
[3944696368, 3944696384]
[3944696624, 3944696640]
[3944696880, 3944696896]
[3944697136, 3944697152]
[3944697392, 3944697408]
[3944697648, 3944697664]
[3944697904, 3944697920]
[3944698160, 3944698176]
[3944698416, 3944698432]
[3944698672, 3944698688]
[3944698928, 3944698944]
[3944699184, 3944699200]
[3944699440, 3944699456]
[3944699696, 3944699712]
[3944699952, 3944699968]
[3944700208, 3944700224]
[3944700464, 3944700480]
[3944700720, 3944700736]
[3944700976, 3944700992]
[3944701232, 3944701248]
[3944701488, 3944701504]
[3944701744, 3944701760]
[3944702000, 3944702016]
[3944702256, 3944702272]
[3944702512, 3944702528]
[3944702768, 3944702784]
[3944703024, 3944703040]
[3944703280, 3944703296]
[3944703536, 3944703552]
[3944703792, 3944703808]
[3944704048, 3944704064]
[3944704304, 3944704320]
[3944704560, 3944704576]
[3944704816, 3944704832]
[3944705072, 3944705088]
[3944705328, 3944705344]
[3944705584, 3944705600]
[3944705840, 3944705856]
[3944706096, 3944706112]
[3944706352, 3944706368]
[3944706608, 3944706624]
[3944706864, 3944706880]
[3944707120, 3944707136]
[3944707376, 3944707392]
[3944707632, 3944707648]
[3944707888, 3944707904]
[3944708144, 3944708160]
[3944708400, 3944708416]
[3944708656, 3944708672]
[3944708912, 3944708928]
[3944709168, 3944709184]
[3944709424, 3944709440]
[3944709680, 3944709696]
[3944709936, 3944709952]
[3944710144, 3944710192]
[3944710208, 3944710448]
[3944710464, 3944710704]
[3944710720, 3944710960]
[3944710976, 3944711216]
[3944711232, 3944711472]
[3944711488, 3944711728]
[3944711744, 3944711984]
[3944712000, 3944712240]
[3944712256, 3944712496]
[3944712512, 3944712752]
[3944712768, 3944713008]
[3944713024, 3944713264]
[3944713280, 3944713520]
[3944713536, 3944713776]
[3944713792, 3944714032]
[3944714048, 3944714240]
[3944714288, 3944714304]
[3944714544, 3944714560]
[3944714800, 3944714816]
[3944715056, 3944715072]
[3944715312, 3944715328]
[3944715568, 3944715584]
[3944715824, 3944715840]
[3944716080, 3944716096]
[3944716336, 3944716352]
[3944716592, 3944716608]
[3944716848, 3944716864]
[3944717104, 3944717120]
[3944717360, 3944717376]
[3944717616, 3944717632]
[3944717872, 3944717888]
[3944718128, 3944718144]
[3944718384, 3944718400]
[3944718640, 3944718656]
[3944718896, 3944718912]
[3944719152, 3944719168]
[3944719408, 3944719424]
[3944719664, 3944719680]
[3944719920, 3944719936]
[3944720176, 3944720192]
[3944720432, 3944720448]
[3944720688, 3944720704]
[3944720944, 3944720960]
[3944721200, 3944721216]
[3944721456, 3944721472]
[3944721712, 3944721728]
[3944721968, 3944721984]
[3944722224, 3944722240]
[3944722480, 3944722496]
[3944722736, 3944722752]
[3944722992, 3944723008]
[3944723248, 3944723264]
[3944723504, 3944723520]
[3944723760, 3944723776]
[3944724016, 3944724032]
[3944724272, 3944724288]
[3944724528, 3944724544]
[3944724784, 3944724800]
[3944725040, 3944725056]
[3944725296, 3944725312]
[3944725552, 3944725568]
[3944725808, 3944725824]
[3944726064, 3944726080]
[3944726320, 3944726336]
[3944726576, 3944726592]
[3944726832, 3944726848]
[3944727088, 3944727104]
[3944727344, 3944727360]
[3944727600, 3944727616]
[3944727856, 3944727872]
[3944728112, 3944728128]
[3944728368, 3944728384]
[3944728624, 3944728640]
[3944728880, 3944728896]
[3944729136, 3944729152]
[3944729392, 3944729408]
[3944729648, 3944729664]
[3944729904, 3944729920]
[3944730160, 3944730176]
[3944730416, 3944730432]
[3944730672, 3944730688]
[3944730928, 3944730944]
[3944731184, 3944731200]
[3944731440, 3944731456]
[3944731696, 3944731712]
[3944731952, 3944731968]
[3944732208, 3944732224]
[3944732464, 3944732480]
[3944732720, 3944732736]
[3944732976, 3944732992]
[3944733232, 3944733248]
[3944733488, 3944733504]
[3944733744, 3944733760]
[3944734000, 3944734016]
[3944734256, 3944734272]
[3944734512, 3944734528]
[3944734768, 3944734784]
[3944735024, 3944735040]
[3944735280, 3944735296]
[3944735536, 3944735552]
[3944735792, 3944735808]
[3944736048, 3944736064]
[3944736304, 3944736320]
[3944736560, 3944736576]
[3944736816, 3944736832]
[3944737072, 3944737088]
[3944737328, 3944737344]
[3944737584, 3944737600]
[3944737840, 3944737856]
[3944738096, 3944738112]
[3944738352, 3944738368]
[3944738608, 3944738624]
[3944738864, 3944738880]
[3944739120, 3944739136]
[3944739376, 3944739392]
[3944739632, 3944739648]
[3944739888, 3944739904]
[3944740144, 3944740160]
[3944740400, 3944740416]
[3944740656, 3944740672]
[3944740912, 3944740928]
[3944741168, 3944741184]
[3944741424, 3944741440]
[3944741680, 3944741696]
[3944741936, 3944741952]
[3944742192, 3944742208]
[3944742448, 3944742464]
[3944742704, 3944742720]
[3944742912, 3947888640]
[3948937216, 3949985792]
[3951034368, 3953131520]
[3954180096, 3954180144]
[3954180160, 3954180400]
[3954180416, 3954180656]
[3954180672, 3954180912]
[3954180928, 3954181168]
[3954181184, 3954181424]
[3954181440, 3954181680]
[3954181696, 3954181936]
[3954181952, 3954182192]
[3954182208, 3954182448]
[3954182464, 3954182704]
[3954182720, 3954182960]
[3954182976, 3954183216]
[3954183232, 3954183472]
[3954183488, 3954183728]
[3954183744, 3954183984]
[3954184000, 3954184192]
[3954184240, 3954184256]
[3954184496, 3954184512]
[3954184752, 3954184768]
[3954185008, 3954185024]
[3954185264, 3954185280]
[3954185520, 3954185536]
[3954185776, 3954185792]
[3954186032, 3954186048]
[3954186288, 3954186304]
[3954186544, 3954186560]
[3954186800, 3954186816]
[3954187056, 3954187072]
[3954187312, 3954187328]
[3954187568, 3954187584]
[3954187824, 3954187840]
[3954188080, 3954188096]
[3954188336, 3954188352]
[3954188592, 3954188608]
[3954188848, 3954188864]
[3954189104, 3954189120]
[3954189360, 3954189376]
[3954189616, 3954189632]
[3954189872, 3954189888]
[3954190128, 3954190144]
[3954190384, 3954190400]
[3954190640, 3954190656]
[3954190896, 3954190912]
[3954191152, 3954191168]
[3954191408, 3954191424]
[3954191664, 3954191680]
[3954191920, 3954191936]
[3954192176, 3954192192]
[3954192432, 3954192448]
[3954192688, 3954192704]
[3954192944, 3954192960]
[3954193200, 3954193216]
[3954193456, 3954193472]
[3954193712, 3954193728]
[3954193968, 3954193984]
[3954194224, 3954194240]
[3954194480, 3954194496]
[3954194736, 3954194752]
[3954194992, 3954195008]
[3954195248, 3954195264]
[3954195504, 3954195520]
[3954195760, 3954195776]
[3954196016, 3954196032]
[3954196272, 3954196288]
[3954196528, 3954196544]
[3954196784, 3954196800]
[3954197040, 3954197056]
[3954197296, 3954197312]
[3954197552, 3954197568]
[3954197808, 3954197824]
[3954198064, 3954198080]
[3954198320, 3954198336]
[3954198576, 3954198592]
[3954198832, 3954198848]
[3954199088, 3954199104]
[3954199344, 3954199360]
[3954199600, 3954199616]
[3954199856, 3954199872]
[3954200112, 3954200128]
[3954200368, 3954200384]
[3954200624, 3954200640]
[3954200880, 3954200896]
[3954201136, 3954201152]
[3954201392, 3954201408]
[3954201648, 3954201664]
[3954201904, 3954201920]
[3954202160, 3954202176]
[3954202416, 3954202432]
[3954202672, 3954202688]
[3954202928, 3954202944]
[3954203184, 3954203200]
[3954203440, 3954203456]
[3954203696, 3954203712]
[3954203952, 3954203968]
[3954204208, 3954204224]
[3954204464, 3954204480]
[3954204720, 3954204736]
[3954204976, 3954204992]
[3954205232, 3954205248]
[3954205488, 3954205504]
[3954205744, 3954205760]
[3954206000, 3954206016]
[3954206256, 3954206272]
[3954206512, 3954206528]
[3954206768, 3954206784]
[3954207024, 3954207040]
[3954207280, 3954207296]
[3954207536, 3954207552]
[3954207792, 3954207808]
[3954208048, 3954208064]
[3954208304, 3954208320]
[3954208560, 3954208576]
[3954208816, 3954208832]
[3954209072, 3954209088]
[3954209328, 3954209344]
[3954209584, 3954209600]
[3954209840, 3954209856]
[3954210096, 3954210112]
[3954210352, 3954210368]
[3954210608, 3954210624]
[3954210864, 3954210880]
[3954211120, 3954211136]
[3954211376, 3954211392]
[3954211632, 3954211648]
[3954211888, 3954211904]
[3954212144, 3954212160]
[3954212400, 3954212416]
[3954212656, 3954212672]
[3954212864, 3954212912]
[3954212928, 3954213168]
[3954213184, 3954213424]
[3954213440, 3954213680]
[3954213696, 3954213936]
[3954213952, 3954214192]
[3954214208, 3954214448]
[3954214464, 3954214704]
[3954214720, 3954214960]
[3954214976, 3954215216]
[3954215232, 3954215472]
[3954215488, 3954215728]
[3954215744, 3954215984]
[3954216000, 3954216240]
[3954216256, 3954216496]
[3954216512, 3954216752]
[3954216768, 3954216960]
[3954217008, 3954217024]
[3954217264, 3954217280]
[3954217520, 3954217536]
[3954217776, 3954217792]
[3954218032, 3954218048]
[3954218288, 3954218304]
[3954218544, 3954218560]
[3954218800, 3954218816]
[3954219056, 3954219072]
[3954219312, 3954219328]
[3954219568, 3954219584]
[3954219824, 3954219840]
[3954220080, 3954220096]
[3954220336, 3954220352]
[3954220592, 3954220608]
[3954220848, 3954220864]
[3954221104, 3954221120]
[3954221360, 3954221376]
[3954221616, 3954221632]
[3954221872, 3954221888]
[3954222128, 3954222144]
[3954222384, 3954222400]
[3954222640, 3954222656]
[3954222896, 3954222912]
[3954223152, 3954223168]
[3954223408, 3954223424]
[3954223664, 3954223680]
[3954223920, 3954223936]
[3954224176, 3954224192]
[3954224432, 3954224448]
[3954224688, 3954224704]
[3954224944, 3954224960]
[3954225200, 3954225216]
[3954225456, 3954225472]
[3954225712, 3954225728]
[3954225968, 3954225984]
[3954226224, 3954226240]
[3954226480, 3954226496]
[3954226736, 3954226752]
[3954226992, 3954227008]
[3954227248, 3954227264]
[3954227504, 3954227520]
[3954227760, 3954227776]
[3954228016, 3954228032]
[3954228272, 3954228288]
[3954228528, 3954228544]
[3954228784, 3954228800]
[3954229040, 3954229056]
[3954229296, 3954229312]
[3954229552, 3954229568]
[3954229808, 3954229824]
[3954230064, 3954230080]
[3954230320, 3954230336]
[3954230576, 3954230592]
[3954230832, 3954230848]
[3954231088, 3954231104]
[3954231344, 3954231360]
[3954231600, 3954231616]
[3954231856, 3954231872]
[3954232112, 3954232128]
[3954232368, 3954232384]
[3954232624, 3954232640]
[3954232880, 3954232896]
[3954233136, 3954233152]
[3954233392, 3954233408]
[3954233648, 3954233664]
[3954233904, 3954233920]
[3954234160, 3954234176]
[3954234416, 3954234432]
[3954234672, 3954234688]
[3954234928, 3954234944]
[3954235184, 3954235200]
[3954235440, 3954235456]
[3954235696, 3954235712]
[3954235952, 3954235968]
[3954236208, 3954236224]
[3954236464, 3954236480]
[3954236720, 3954236736]
[3954236976, 3954236992]
[3954237232, 3954237248]
[3954237488, 3954237504]
[3954237744, 3954237760]
[3954238000, 3954238016]
[3954238256, 3954238272]
[3954238512, 3954238528]
[3954238768, 3954238784]
[3954239024, 3954239040]
[3954239280, 3954239296]
[3954239536, 3954239552]
[3954239792, 3954239808]
[3954240048, 3954240064]
[3954240304, 3954240320]
[3954240560, 3954240576]
[3954240816, 3954240832]
[3954241072, 3954241088]
[3954241328, 3954241344]
[3954241584, 3954241600]
[3954241840, 3954241856]
[3954242096, 3954242112]
[3954242352, 3954242368]
[3954242608, 3954242624]
[3954242864, 3954242880]
[3954243120, 3954243136]
[3954243376, 3954243392]
[3954243632, 3954243648]
[3954243888, 3954243904]
[3954244144, 3954244160]
[3954244400, 3954244416]
[3954244656, 3954244672]
[3954244912, 3954244928]
[3954245168, 3954245184]
[3954245424, 3954245440]
[3954245632, 3954245680]
[3954245696, 3954245936]
[3954245952, 3954246192]
[3954246208, 3954246448]
[3954246464, 3954246704]
[3954246720, 3954246960]
[3954246976, 3954247216]
[3954247232, 3954247472]
[3954247488, 3954247728]
[3954247744, 3954247984]
[3954248000, 3954248240]
[3954248256, 3954248496]
[3954248512, 3954248752]
[3954248768, 3954249008]
[3954249024, 3954249264]
[3954249280, 3954249520]
[3954249536, 3954249728]
[3954249776, 3954249792]
[3954250032, 3954250048]
[3954250288, 3954250304]
[3954250544, 3954250560]
[3954250800, 3954250816]
[3954251056, 3954251072]
[3954251312, 3954251328]
[3954251568, 3954251584]
[3954251824, 3954251840]
[3954252080, 3954252096]
[3954252336, 3954252352]
[3954252592, 3954252608]
[3954252848, 3954252864]
[3954253104, 3954253120]
[3954253360, 3954253376]
[3954253616, 3954253632]
[3954253872, 3954253888]
[3954254128, 3954254144]
[3954254384, 3954254400]
[3954254640, 3954254656]
[3954254896, 3954254912]
[3954255152, 3954255168]
[3954255408, 3954255424]
[3954255664, 3954255680]
[3954255920, 3954255936]
[3954256176, 3954256192]
[3954256432, 3954256448]
[3954256688, 3954256704]
[3954256944, 3954256960]
[3954257200, 3954257216]
[3954257456, 3954257472]
[3954257712, 3954257728]
[3954257968, 3954257984]
[3954258224, 3954258240]
[3954258480, 3954258496]
[3954258736, 3954258752]
[3954258992, 3954259008]
[3954259248, 3954259264]
[3954259504, 3954259520]
[3954259760, 3954259776]
[3954260016, 3954260032]
[3954260272, 3954260288]
[3954260528, 3954260544]
[3954260784, 3954260800]
[3954261040, 3954261056]
[3954261296, 3954261312]
[3954261552, 3954261568]
[3954261808, 3954261824]
[3954262064, 3954262080]
[3954262320, 3954262336]
[3954262576, 3954262592]
[3954262832, 3954262848]
[3954263088, 3954263104]
[3954263344, 3954263360]
[3954263600, 3954263616]
[3954263856, 3954263872]
[3954264112, 3954264128]
[3954264368, 3954264384]
[3954264624, 3954264640]
[3954264880, 3954264896]
[3954265136, 3954265152]
[3954265392, 3954265408]
[3954265648, 3954265664]
[3954265904, 3954265920]
[3954266160, 3954266176]
[3954266416, 3954266432]
[3954266672, 3954266688]
[3954266928, 3954266944]
[3954267184, 3954267200]
[3954267440, 3954267456]
[3954267696, 3954267712]
[3954267952, 3954267968]
[3954268208, 3954268224]
[3954268464, 3954268480]
[3954268720, 3954268736]
[3954268976, 3954268992]
[3954269232, 3954269248]
[3954269488, 3954269504]
[3954269744, 3954269760]
[3954270000, 3954270016]
[3954270256, 3954270272]
[3954270512, 3954270528]
[3954270768, 3954270784]
[3954271024, 3954271040]
[3954271280, 3954271296]
[3954271536, 3954271552]
[3954271792, 3954271808]
[3954272048, 3954272064]
[3954272304, 3954272320]
[3954272560, 3954272576]
[3954272816, 3954272832]
[3954273072, 3954273088]
[3954273328, 3954273344]
[3954273584, 3954273600]
[3954273840, 3954273856]
[3954274096, 3954274112]
[3954274352, 3954274368]
[3954274608, 3954274624]
[3954274864, 3954274880]
[3954275120, 3954275136]
[3954275376, 3954275392]
[3954275632, 3954275648]
[3954275888, 3954275904]
[3954276144, 3954276160]
[3954276400, 3954276416]
[3954276656, 3954276672]
[3954276912, 3954276928]
[3954277168, 3954277184]
[3954277424, 3954277440]
[3954277680, 3954277696]
[3954277936, 3954277952]
[3954278192, 3954278208]
[3954278400, 3954278448]
[3954278464, 3954278704]
[3954278720, 3954278960]
[3954278976, 3954279216]
[3954279232, 3954279472]
[3954279488, 3954279728]
[3954279744, 3954279984]
[3954280000, 3954280240]
[3954280256, 3954280496]
[3954280512, 3954280752]
[3954280768, 3954281008]
[3954281024, 3954281264]
[3954281280, 3954281520]
[3954281536, 3954281776]
[3954281792, 3954282032]
[3954282048, 3954282288]
[3954282304, 3954282496]
[3954282544, 3954282560]
[3954282800, 3954282816]
[3954283056, 3954283072]
[3954283312, 3954283328]
[3954283568, 3954283584]
[3954283824, 3954283840]
[3954284080, 3954284096]
[3954284336, 3954284352]
[3954284592, 3954284608]
[3954284848, 3954284864]
[3954285104, 3954285120]
[3954285360, 3954285376]
[3954285616, 3954285632]
[3954285872, 3954285888]
[3954286128, 3954286144]
[3954286384, 3954286400]
[3954286640, 3954286656]
[3954286896, 3954286912]
[3954287152, 3954287168]
[3954287408, 3954287424]
[3954287664, 3954287680]
[3954287920, 3954287936]
[3954288176, 3954288192]
[3954288432, 3954288448]
[3954288688, 3954288704]
[3954288944, 3954288960]
[3954289200, 3954289216]
[3954289456, 3954289472]
[3954289712, 3954289728]
[3954289968, 3954289984]
[3954290224, 3954290240]
[3954290480, 3954290496]
[3954290736, 3954290752]
[3954290992, 3954291008]
[3954291248, 3954291264]
[3954291504, 3954291520]
[3954291760, 3954291776]
[3954292016, 3954292032]
[3954292272, 3954292288]
[3954292528, 3954292544]
[3954292784, 3954292800]
[3954293040, 3954293056]
[3954293296, 3954293312]
[3954293552, 3954293568]
[3954293808, 3954293824]
[3954294064, 3954294080]
[3954294320, 3954294336]
[3954294576, 3954294592]
[3954294832, 3954294848]
[3954295088, 3954295104]
[3954295344, 3954295360]
[3954295600, 3954295616]
[3954295856, 3954295872]
[3954296112, 3954296128]
[3954296368, 3954296384]
[3954296624, 3954296640]
[3954296880, 3954296896]
[3954297136, 3954297152]
[3954297392, 3954297408]
[3954297648, 3954297664]
[3954297904, 3954297920]
[3954298160, 3954298176]
[3954298416, 3954298432]
[3954298672, 3954298688]
[3954298928, 3954298944]
[3954299184, 3954299200]
[3954299440, 3954299456]
[3954299696, 3954299712]
[3954299952, 3954299968]
[3954300208, 3954300224]
[3954300464, 3954300480]
[3954300720, 3954300736]
[3954300976, 3954300992]
[3954301232, 3954301248]
[3954301488, 3954301504]
[3954301744, 3954301760]
[3954302000, 3954302016]
[3954302256, 3954302272]
[3954302512, 3954302528]
[3954302768, 3954302784]
[3954303024, 3954303040]
[3954303280, 3954303296]
[3954303536, 3954303552]
[3954303792, 3954303808]
[3954304048, 3954304064]
[3954304304, 3954304320]
[3954304560, 3954304576]
[3954304816, 3954304832]
[3954305072, 3954305088]
[3954305328, 3954305344]
[3954305584, 3954305600]
[3954305840, 3954305856]
[3954306096, 3954306112]
[3954306352, 3954306368]
[3954306608, 3954306624]
[3954306864, 3954306880]
[3954307120, 3954307136]
[3954307376, 3954307392]
[3954307632, 3954307648]
[3954307888, 3954307904]
[3954308144, 3954308160]
[3954308400, 3954308416]
[3954308656, 3954308672]
[3954308912, 3954308928]
[3954309168, 3954309184]
[3954309424, 3954309440]
[3954309680, 3954309696]
[3954309936, 3954309952]
[3954310192, 3954310208]
[3954310448, 3954310464]
[3954310704, 3954310720]
[3954310960, 3954310976]
[3954311168, 3954311216]
[3954311232, 3954311472]
[3954311488, 3954311728]
[3954311744, 3954311984]
[3954312000, 3954312240]
[3954312256, 3954312496]
[3954312512, 3954312752]
[3954312768, 3954313008]
[3954313024, 3954313264]
[3954313280, 3954313520]
[3954313536, 3954313776]
[3954313792, 3954314032]
[3954314048, 3954314288]
[3954314304, 3954314544]
[3954314560, 3954314800]
[3954314816, 3954315056]
[3954315072, 3954315264]
[3954315312, 3954315328]
[3954315568, 3954315584]
[3954315824, 3954315840]
[3954316080, 3954316096]
[3954316336, 3954316352]
[3954316592, 3954316608]
[3954316848, 3954316864]
[3954317104, 3954317120]
[3954317360, 3954317376]
[3954317616, 3954317632]
[3954317872, 3954317888]
[3954318128, 3954318144]
[3954318384, 3954318400]
[3954318640, 3954318656]
[3954318896, 3954318912]
[3954319152, 3954319168]
[3954319408, 3954319424]
[3954319664, 3954319680]
[3954319920, 3954319936]
[3954320176, 3954320192]
[3954320432, 3954320448]
[3954320688, 3954320704]
[3954320944, 3954320960]
[3954321200, 3954321216]
[3954321456, 3954321472]
[3954321712, 3954321728]
[3954321968, 3954321984]
[3954322224, 3954322240]
[3954322480, 3954322496]
[3954322736, 3954322752]
[3954322992, 3954323008]
[3954323248, 3954323264]
[3954323504, 3954323520]
[3954323760, 3954323776]
[3954324016, 3954324032]
[3954324272, 3954324288]
[3954324528, 3954324544]
[3954324784, 3954324800]
[3954325040, 3954325056]
[3954325296, 3954325312]
[3954325552, 3954325568]
[3954325808, 3954325824]
[3954326064, 3954326080]
[3954326320, 3954326336]
[3954326576, 3954326592]
[3954326832, 3954326848]
[3954327088, 3954327104]
[3954327344, 3954327360]
[3954327600, 3954327616]
[3954327856, 3954327872]
[3954328112, 3954328128]
[3954328368, 3954328384]
[3954328624, 3954328640]
[3954328880, 3954328896]
[3954329136, 3954329152]
[3954329392, 3954329408]
[3954329648, 3954329664]
[3954329904, 3954329920]
[3954330160, 3954330176]
[3954330416, 3954330432]
[3954330672, 3954330688]
[3954330928, 3954330944]
[3954331184, 3954331200]
[3954331440, 3954331456]
[3954331696, 3954331712]
[3954331952, 3954331968]
[3954332208, 3954332224]
[3954332464, 3954332480]
[3954332720, 3954332736]
[3954332976, 3954332992]
[3954333232, 3954333248]
[3954333488, 3954333504]
[3954333744, 3954333760]
[3954334000, 3954334016]
[3954334256, 3954334272]
[3954334512, 3954334528]
[3954334768, 3954334784]
[3954335024, 3954335040]
[3954335280, 3954335296]
[3954335536, 3954335552]
[3954335792, 3954335808]
[3954336048, 3954336064]
[3954336304, 3954336320]
[3954336560, 3954336576]
[3954336816, 3954336832]
[3954337072, 3954337088]
[3954337328, 3954337344]
[3954337584, 3954337600]
[3954337840, 3954337856]
[3954338096, 3954338112]
[3954338352, 3954338368]
[3954338608, 3954338624]
[3954338864, 3954338880]
[3954339120, 3954339136]
[3954339376, 3954339392]
[3954339632, 3954339648]
[3954339888, 3954339904]
[3954340144, 3954340160]
[3954340400, 3954340416]
[3954340656, 3954340672]
[3954340912, 3954340928]
[3954341168, 3954341184]
[3954341424, 3954341440]
[3954341680, 3954341696]
[3954341936, 3954341952]
[3954342192, 3954342208]
[3954342448, 3954342464]
[3954342704, 3954342720]
[3954342960, 3954342976]
[3954343216, 3954343232]
[3954343472, 3954343488]
[3954343728, 3954343744]
[3954343936, 3954343984]
[3954344000, 3954344240]
[3954344256, 3954344496]
[3954344512, 3954344752]
[3954344768, 3954345008]
[3954345024, 3954345264]
[3954345280, 3954345520]
[3954345536, 3954345776]
[3954345792, 3954346032]
[3954346048, 3954346288]
[3954346304, 3954346544]
[3954346560, 3954346800]
[3954346816, 3954347056]
[3954347072, 3954347312]
[3954347328, 3954347568]
[3954347584, 3954347824]
[3954347840, 3954348032]
[3954348080, 3954348096]
[3954348336, 3954348352]
[3954348592, 3954348608]
[3954348848, 3954348864]
[3954349104, 3954349120]
[3954349360, 3954349376]
[3954349616, 3954349632]
[3954349872, 3954349888]
[3954350128, 3954350144]
[3954350384, 3954350400]
[3954350640, 3954350656]
[3954350896, 3954350912]
[3954351152, 3954351168]
[3954351408, 3954351424]
[3954351664, 3954351680]
[3954351920, 3954351936]
[3954352176, 3954352192]
[3954352432, 3954352448]
[3954352688, 3954352704]
[3954352944, 3954352960]
[3954353200, 3954353216]
[3954353456, 3954353472]
[3954353712, 3954353728]
[3954353968, 3954353984]
[3954354224, 3954354240]
[3954354480, 3954354496]
[3954354736, 3954354752]
[3954354992, 3954355008]
[3954355248, 3954355264]
[3954355504, 3954355520]
[3954355760, 3954355776]
[3954356016, 3954356032]
[3954356272, 3954356288]
[3954356528, 3954356544]
[3954356784, 3954356800]
[3954357040, 3954357056]
[3954357296, 3954357312]
[3954357552, 3954357568]
[3954357808, 3954357824]
[3954358064, 3954358080]
[3954358320, 3954358336]
[3954358576, 3954358592]
[3954358832, 3954358848]
[3954359088, 3954359104]
[3954359344, 3954359360]
[3954359600, 3954359616]
[3954359856, 3954359872]
[3954360112, 3954360128]
[3954360368, 3954360384]
[3954360624, 3954360640]
[3954360880, 3954360896]
[3954361136, 3954361152]
[3954361392, 3954361408]
[3954361648, 3954361664]
[3954361904, 3954361920]
[3954362160, 3954362176]
[3954362416, 3954362432]
[3954362672, 3954362688]
[3954362928, 3954362944]
[3954363184, 3954363200]
[3954363440, 3954363456]
[3954363696, 3954363712]
[3954363952, 3954363968]
[3954364208, 3954364224]
[3954364464, 3954364480]
[3954364720, 3954364736]
[3954364976, 3954364992]
[3954365232, 3954365248]
[3954365488, 3954365504]
[3954365744, 3954365760]
[3954366000, 3954366016]
[3954366256, 3954366272]
[3954366512, 3954366528]
[3954366768, 3954366784]
[3954367024, 3954367040]
[3954367280, 3954367296]
[3954367536, 3954367552]
[3954367792, 3954367808]
[3954368048, 3954368064]
[3954368304, 3954368320]
[3954368560, 3954368576]
[3954368816, 3954368832]
[3954369072, 3954369088]
[3954369328, 3954369344]
[3954369584, 3954369600]
[3954369840, 3954369856]
[3954370096, 3954370112]
[3954370352, 3954370368]
[3954370608, 3954370624]
[3954370864, 3954370880]
[3954371120, 3954371136]
[3954371376, 3954371392]
[3954371632, 3954371648]
[3954371888, 3954371904]
[3954372144, 3954372160]
[3954372400, 3954372416]
[3954372656, 3954372672]
[3954372912, 3954372928]
[3954373168, 3954373184]
[3954373424, 3954373440]
[3954373680, 3954373696]
[3954373936, 3954373952]
[3954374192, 3954374208]
[3954374448, 3954374464]
[3954374704, 3954374720]
[3954374960, 3954374976]
[3954375216, 3954375232]
[3954375472, 3954375488]
[3954375728, 3954375744]
[3954375984, 3954376000]
[3954376240, 3954376256]
[3954376496, 3954376512]
[3954376704, 3954376752]
[3954376768, 3954377008]
[3954377024, 3954377264]
[3954377280, 3954377520]
[3954377536, 3954377776]
[3954377792, 3954378032]
[3954378048, 3954378288]
[3954378304, 3954378544]
[3954378560, 3954378800]
[3954378816, 3954379056]
[3954379072, 3954379312]
[3954379328, 3954379568]
[3954379584, 3954379824]
[3954379840, 3954380080]
[3954380096, 3954380336]
[3954380352, 3954380592]
[3954380608, 3954380800]
[3954380848, 3954380864]
[3954381104, 3954381120]
[3954381360, 3954381376]
[3954381616, 3954381632]
[3954381872, 3954381888]
[3954382128, 3954382144]
[3954382384, 3954382400]
[3954382640, 3954382656]
[3954382896, 3954382912]
[3954383152, 3954383168]
[3954383408, 3954383424]
[3954383664, 3954383680]
[3954383920, 3954383936]
[3954384176, 3954384192]
[3954384432, 3954384448]
[3954384688, 3954384704]
[3954384944, 3954384960]
[3954385200, 3954385216]
[3954385456, 3954385472]
[3954385712, 3954385728]
[3954385968, 3954385984]
[3954386224, 3954386240]
[3954386480, 3954386496]
[3954386736, 3954386752]
[3954386992, 3954387008]
[3954387248, 3954387264]
[3954387504, 3954387520]
[3954387760, 3954387776]
[3954388016, 3954388032]
[3954388272, 3954388288]
[3954388528, 3954388544]
[3954388784, 3954388800]
[3954389040, 3954389056]
[3954389296, 3954389312]
[3954389552, 3954389568]
[3954389808, 3954389824]
[3954390064, 3954390080]
[3954390320, 3954390336]
[3954390576, 3954390592]
[3954390832, 3954390848]
[3954391088, 3954391104]
[3954391344, 3954391360]
[3954391600, 3954391616]
[3954391856, 3954391872]
[3954392112, 3954392128]
[3954392368, 3954392384]
[3954392624, 3954392640]
[3954392880, 3954392896]
[3954393136, 3954393152]
[3954393392, 3954393408]
[3954393648, 3954393664]
[3954393904, 3954393920]
[3954394160, 3954394176]
[3954394416, 3954394432]
[3954394672, 3954394688]
[3954394928, 3954394944]
[3954395184, 3954395200]
[3954395440, 3954395456]
[3954395696, 3954395712]
[3954395952, 3954395968]
[3954396208, 3954396224]
[3954396464, 3954396480]
[3954396720, 3954396736]
[3954396976, 3954396992]
[3954397232, 3954397248]
[3954397488, 3954397504]
[3954397744, 3954397760]
[3954398000, 3954398016]
[3954398256, 3954398272]
[3954398512, 3954398528]
[3954398768, 3954398784]
[3954399024, 3954399040]
[3954399280, 3954399296]
[3954399536, 3954399552]
[3954399792, 3954399808]
[3954400048, 3954400064]
[3954400304, 3954400320]
[3954400560, 3954400576]
[3954400816, 3954400832]
[3954401072, 3954401088]
[3954401328, 3954401344]
[3954401584, 3954401600]
[3954401840, 3954401856]
[3954402096, 3954402112]
[3954402352, 3954402368]
[3954402608, 3954402624]
[3954402864, 3954402880]
[3954403120, 3954403136]
[3954403376, 3954403392]
[3954403632, 3954403648]
[3954403888, 3954403904]
[3954404144, 3954404160]
[3954404400, 3954404416]
[3954404656, 3954404672]
[3954404912, 3954404928]
[3954405168, 3954405184]
[3954405424, 3954405440]
[3954405680, 3954405696]
[3954405936, 3954405952]
[3954406192, 3954406208]
[3954406448, 3954406464]
[3954406704, 3954406720]
[3954406960, 3954406976]
[3954407216, 3954407232]
[3954407472, 3954407488]
[3954407728, 3954407744]
[3954407984, 3954408000]
[3954408240, 3954408256]
[3954408496, 3954408512]
[3954408752, 3954408768]
[3954409008, 3954409024]
[3954409264, 3954409280]
[3954409472, 3954409520]
[3954409536, 3954409776]
[3954409792, 3954410032]
[3954410048, 3954410288]
[3954410304, 3954410544]
[3954410560, 3954410800]
[3954410816, 3954411056]
[3954411072, 3954411312]
[3954411328, 3954411568]
[3954411584, 3954411824]
[3954411840, 3954412080]
[3954412096, 3954412336]
[3954412352, 3954412592]
[3954412608, 3954412848]
[3954412864, 3954413104]
[3954413120, 3954413360]
[3954413376, 3954413568]
[3954413616, 3954413632]
[3954413872, 3954413888]
[3954414128, 3954414144]
[3954414384, 3954414400]
[3954414640, 3954414656]
[3954414896, 3954414912]
[3954415152, 3954415168]
[3954415408, 3954415424]
[3954415664, 3954415680]
[3954415920, 3954415936]
[3954416176, 3954416192]
[3954416432, 3954416448]
[3954416688, 3954416704]
[3954416944, 3954416960]
[3954417200, 3954417216]
[3954417456, 3954417472]
[3954417712, 3954417728]
[3954417968, 3954417984]
[3954418224, 3954418240]
[3954418480, 3954418496]
[3954418736, 3954418752]
[3954418992, 3954419008]
[3954419248, 3954419264]
[3954419504, 3954419520]
[3954419760, 3954419776]
[3954420016, 3954420032]
[3954420272, 3954420288]
[3954420528, 3954420544]
[3954420784, 3954420800]
[3954421040, 3954421056]
[3954421296, 3954421312]
[3954421552, 3954421568]
[3954421808, 3954421824]
[3954422064, 3954422080]
[3954422320, 3954422336]
[3954422576, 3954422592]
[3954422832, 3954422848]
[3954423088, 3954423104]
[3954423344, 3954423360]
[3954423600, 3954423616]
[3954423856, 3954423872]
[3954424112, 3954424128]
[3954424368, 3954424384]
[3954424624, 3954424640]
[3954424880, 3954424896]
[3954425136, 3954425152]
[3954425392, 3954425408]
[3954425648, 3954425664]
[3954425904, 3954425920]
[3954426160, 3954426176]
[3954426416, 3954426432]
[3954426672, 3954426688]
[3954426928, 3954426944]
[3954427184, 3954427200]
[3954427440, 3954427456]
[3954427696, 3954427712]
[3954427952, 3954427968]
[3954428208, 3954428224]
[3954428464, 3954428480]
[3954428720, 3954428736]
[3954428976, 3954428992]
[3954429232, 3954429248]
[3954429488, 3954429504]
[3954429744, 3954429760]
[3954430000, 3954430016]
[3954430256, 3954430272]
[3954430512, 3954430528]
[3954430768, 3954430784]
[3954431024, 3954431040]
[3954431280, 3954431296]
[3954431536, 3954431552]
[3954431792, 3954431808]
[3954432048, 3954432064]
[3954432304, 3954432320]
[3954432560, 3954432576]
[3954432816, 3954432832]
[3954433072, 3954433088]
[3954433328, 3954433344]
[3954433584, 3954433600]
[3954433840, 3954433856]
[3954434096, 3954434112]
[3954434352, 3954434368]
[3954434608, 3954434624]
[3954434864, 3954434880]
[3954435120, 3954435136]
[3954435376, 3954435392]
[3954435632, 3954435648]
[3954435888, 3954435904]
[3954436144, 3954436160]
[3954436400, 3954436416]
[3954436656, 3954436672]
[3954436912, 3954436928]
[3954437168, 3954437184]
[3954437424, 3954437440]
[3954437680, 3954437696]
[3954437936, 3954437952]
[3954438192, 3954438208]
[3954438448, 3954438464]
[3954438704, 3954438720]
[3954438960, 3954438976]
[3954439216, 3954439232]
[3954439472, 3954439488]
[3954439728, 3954439744]
[3954439984, 3954440000]
[3954440240, 3954440256]
[3954440496, 3954440512]
[3954440752, 3954440768]
[3954441008, 3954441024]
[3954441264, 3954441280]
[3954441520, 3954441536]
[3954441776, 3954441792]
[3954442032, 3954442048]
[3954442240, 3954442288]
[3954442304, 3954442544]
[3954442560, 3954442800]
[3954442816, 3954443056]
[3954443072, 3954443312]
[3954443328, 3954443568]
[3954443584, 3954443824]
[3954443840, 3954444080]
[3954444096, 3954444336]
[3954444352, 3954444592]
[3954444608, 3954444848]
[3954444864, 3954445104]
[3954445120, 3954445360]
[3954445376, 3954445616]
[3954445632, 3954445872]
[3954445888, 3954446128]
[3954446144, 3954446336]
[3954446384, 3954446400]
[3954446640, 3954446656]
[3954446896, 3954446912]
[3954447152, 3954447168]
[3954447408, 3954447424]
[3954447664, 3954447680]
[3954447920, 3954447936]
[3954448176, 3954448192]
[3954448432, 3954448448]
[3954448688, 3954448704]
[3954448944, 3954448960]
[3954449200, 3954449216]
[3954449456, 3954449472]
[3954449712, 3954449728]
[3954449968, 3954449984]
[3954450224, 3954450240]
[3954450480, 3954450496]
[3954450736, 3954450752]
[3954450992, 3954451008]
[3954451248, 3954451264]
[3954451504, 3954451520]
[3954451760, 3954451776]
[3954452016, 3954452032]
[3954452272, 3954452288]
[3954452528, 3954452544]
[3954452784, 3954452800]
[3954453040, 3954453056]
[3954453296, 3954453312]
[3954453552, 3954453568]
[3954453808, 3954453824]
[3954454064, 3954454080]
[3954454320, 3954454336]
[3954454576, 3954454592]
[3954454832, 3954454848]
[3954455088, 3954455104]
[3954455344, 3954455360]
[3954455600, 3954455616]
[3954455856, 3954455872]
[3954456112, 3954456128]
[3954456368, 3954456384]
[3954456624, 3954456640]
[3954456880, 3954456896]
[3954457136, 3954457152]
[3954457392, 3954457408]
[3954457648, 3954457664]
[3954457904, 3954457920]
[3954458160, 3954458176]
[3954458416, 3954458432]
[3954458672, 3954458688]
[3954458928, 3954458944]
[3954459184, 3954459200]
[3954459440, 3954459456]
[3954459696, 3954459712]
[3954459952, 3954459968]
[3954460208, 3954460224]
[3954460464, 3954460480]
[3954460720, 3954460736]
[3954460976, 3954460992]
[3954461232, 3954461248]
[3954461488, 3954461504]
[3954461744, 3954461760]
[3954462000, 3954462016]
[3954462256, 3954462272]
[3954462512, 3954462528]
[3954462768, 3954462784]
[3954463024, 3954463040]
[3954463280, 3954463296]
[3954463536, 3954463552]
[3954463792, 3954463808]
[3954464048, 3954464064]
[3954464304, 3954464320]
[3954464560, 3954464576]
[3954464816, 3954464832]
[3954465072, 3954465088]
[3954465328, 3954465344]
[3954465584, 3954465600]
[3954465840, 3954465856]
[3954466096, 3954466112]
[3954466352, 3954466368]
[3954466608, 3954466624]
[3954466864, 3954466880]
[3954467120, 3954467136]
[3954467376, 3954467392]
[3954467632, 3954467648]
[3954467888, 3954467904]
[3954468144, 3954468160]
[3954468400, 3954468416]
[3954468656, 3954468672]
[3954468912, 3954468928]
[3954469168, 3954469184]
[3954469424, 3954469440]
[3954469680, 3954469696]
[3954469936, 3954469952]
[3954470192, 3954470208]
[3954470448, 3954470464]
[3954470704, 3954470720]
[3954470960, 3954470976]
[3954471216, 3954471232]
[3954471472, 3954471488]
[3954471728, 3954471744]
[3954471984, 3954472000]
[3954472240, 3954472256]
[3954472496, 3954472512]
[3954472752, 3954472768]
[3954473008, 3954473024]
[3954473264, 3954473280]
[3954473520, 3954473536]
[3954473776, 3954473792]
[3954474032, 3954474048]
[3954474288, 3954474304]
[3954474544, 3954474560]
[3954474800, 3954474816]
[3954475008, 3954475056]
[3954475072, 3954475312]
[3954475328, 3954475568]
[3954475584, 3954475824]
[3954475840, 3954476080]
[3954476096, 3954476336]
[3954476352, 3954476592]
[3954476608, 3954476848]
[3954476864, 3954477104]
[3954477120, 3954477360]
[3954477376, 3954477616]
[3954477632, 3954477872]
[3954477888, 3954478128]
[3954478144, 3954478384]
[3954478400, 3954478640]
[3954478656, 3954478896]
[3954478912, 3954479104]
[3954479152, 3954479168]
[3954479408, 3954479424]
[3954479664, 3954479680]
[3954479920, 3954479936]
[3954480176, 3954480192]
[3954480432, 3954480448]
[3954480688, 3954480704]
[3954480944, 3954480960]
[3954481200, 3954481216]
[3954481456, 3954481472]
[3954481712, 3954481728]
[3954481968, 3954481984]
[3954482224, 3954482240]
[3954482480, 3954482496]
[3954482736, 3954482752]
[3954482992, 3954483008]
[3954483248, 3954483264]
[3954483504, 3954483520]
[3954483760, 3954483776]
[3954484016, 3954484032]
[3954484272, 3954484288]
[3954484528, 3954484544]
[3954484784, 3954484800]
[3954485040, 3954485056]
[3954485296, 3954485312]
[3954485552, 3954485568]
[3954485808, 3954485824]
[3954486064, 3954486080]
[3954486320, 3954486336]
[3954486576, 3954486592]
[3954486832, 3954486848]
[3954487088, 3954487104]
[3954487344, 3954487360]
[3954487600, 3954487616]
[3954487856, 3954487872]
[3954488112, 3954488128]
[3954488368, 3954488384]
[3954488624, 3954488640]
[3954488880, 3954488896]
[3954489136, 3954489152]
[3954489392, 3954489408]
[3954489648, 3954489664]
[3954489904, 3954489920]
[3954490160, 3954490176]
[3954490416, 3954490432]
[3954490672, 3954490688]
[3954490928, 3954490944]
[3954491184, 3954491200]
[3954491440, 3954491456]
[3954491696, 3954491712]
[3954491952, 3954491968]
[3954492208, 3954492224]
[3954492464, 3954492480]
[3954492720, 3954492736]
[3954492976, 3954492992]
[3954493232, 3954493248]
[3954493488, 3954493504]
[3954493744, 3954493760]
[3954494000, 3954494016]
[3954494256, 3954494272]
[3954494512, 3954494528]
[3954494768, 3954494784]
[3954495024, 3954495040]
[3954495280, 3954495296]
[3954495536, 3954495552]
[3954495792, 3954495808]
[3954496048, 3954496064]
[3954496304, 3954496320]
[3954496560, 3954496576]
[3954496816, 3954496832]
[3954497072, 3954497088]
[3954497328, 3954497344]
[3954497584, 3954497600]
[3954497840, 3954497856]
[3954498096, 3954498112]
[3954498352, 3954498368]
[3954498608, 3954498624]
[3954498864, 3954498880]
[3954499120, 3954499136]
[3954499376, 3954499392]
[3954499632, 3954499648]
[3954499888, 3954499904]
[3954500144, 3954500160]
[3954500400, 3954500416]
[3954500656, 3954500672]
[3954500912, 3954500928]
[3954501168, 3954501184]
[3954501424, 3954501440]
[3954501680, 3954501696]
[3954501936, 3954501952]
[3954502192, 3954502208]
[3954502448, 3954502464]
[3954502704, 3954502720]
[3954502960, 3954502976]
[3954503216, 3954503232]
[3954503472, 3954503488]
[3954503728, 3954503744]
[3954503984, 3954504000]
[3954504240, 3954504256]
[3954504496, 3954504512]
[3954504752, 3954504768]
[3954505008, 3954505024]
[3954505264, 3954505280]
[3954505520, 3954505536]
[3954505776, 3954505792]
[3954506032, 3954506048]
[3954506288, 3954506304]
[3954506544, 3954506560]
[3954506800, 3954506816]
[3954507056, 3954507072]
[3954507312, 3954507328]
[3954507568, 3954507584]
[3954507776, 3954507824]
[3954507840, 3954508080]
[3954508096, 3954508336]
[3954508352, 3954508592]
[3954508608, 3954508848]
[3954508864, 3954509104]
[3954509120, 3954509360]
[3954509376, 3954509616]
[3954509632, 3954509872]
[3954509888, 3954510128]
[3954510144, 3954510384]
[3954510400, 3954510640]
[3954510656, 3954510896]
[3954510912, 3954511152]
[3954511168, 3954511408]
[3954511424, 3954511664]
[3954511680, 3954511872]
[3954511920, 3954511936]
[3954512176, 3954512192]
[3954512432, 3954512448]
[3954512688, 3954512704]
[3954512944, 3954512960]
[3954513200, 3954513216]
[3954513456, 3954513472]
[3954513712, 3954513728]
[3954513968, 3954513984]
[3954514224, 3954514240]
[3954514480, 3954514496]
[3954514736, 3954514752]
[3954514992, 3954515008]
[3954515248, 3954515264]
[3954515504, 3954515520]
[3954515760, 3954515776]
[3954516016, 3954516032]
[3954516272, 3954516288]
[3954516528, 3954516544]
[3954516784, 3954516800]
[3954517040, 3954517056]
[3954517296, 3954517312]
[3954517552, 3954517568]
[3954517808, 3954517824]
[3954518064, 3954518080]
[3954518320, 3954518336]
[3954518576, 3954518592]
[3954518832, 3954518848]
[3954519088, 3954519104]
[3954519344, 3954519360]
[3954519600, 3954519616]
[3954519856, 3954519872]
[3954520112, 3954520128]
[3954520368, 3954520384]
[3954520624, 3954520640]
[3954520880, 3954520896]
[3954521136, 3954521152]
[3954521392, 3954521408]
[3954521648, 3954521664]
[3954521904, 3954521920]
[3954522160, 3954522176]
[3954522416, 3954522432]
[3954522672, 3954522688]
[3954522928, 3954522944]
[3954523184, 3954523200]
[3954523440, 3954523456]
[3954523696, 3954523712]
[3954523952, 3954523968]
[3954524208, 3954524224]
[3954524464, 3954524480]
[3954524720, 3954524736]
[3954524976, 3954524992]
[3954525232, 3954525248]
[3954525488, 3954525504]
[3954525744, 3954525760]
[3954526000, 3954526016]
[3954526256, 3954526272]
[3954526512, 3954526528]
[3954526768, 3954526784]
[3954527024, 3954527040]
[3954527280, 3954527296]
[3954527536, 3954527552]
[3954527792, 3954527808]
[3954528048, 3954528064]
[3954528304, 3954528320]
[3954528560, 3954528576]
[3954528816, 3954528832]
[3954529072, 3954529088]
[3954529328, 3954529344]
[3954529584, 3954529600]
[3954529840, 3954529856]
[3954530096, 3954530112]
[3954530352, 3954530368]
[3954530608, 3954530624]
[3954530864, 3954530880]
[3954531120, 3954531136]
[3954531376, 3954531392]
[3954531632, 3954531648]
[3954531888, 3954531904]
[3954532144, 3954532160]
[3954532400, 3954532416]
[3954532656, 3954532672]
[3954532912, 3954532928]
[3954533168, 3954533184]
[3954533424, 3954533440]
[3954533680, 3954533696]
[3954533936, 3954533952]
[3954534192, 3954534208]
[3954534448, 3954534464]
[3954534704, 3954534720]
[3954534960, 3954534976]
[3954535216, 3954535232]
[3954535472, 3954535488]
[3954535728, 3954535744]
[3954535984, 3954536000]
[3954536240, 3954536256]
[3954536496, 3954536512]
[3954536752, 3954536768]
[3954537008, 3954537024]
[3954537264, 3954537280]
[3954537520, 3954537536]
[3954537776, 3954537792]
[3954538032, 3954538048]
[3954538288, 3954538304]
[3954538544, 3954538560]
[3954538800, 3954538816]
[3954539056, 3954539072]
[3954539312, 3954539328]
[3954539568, 3954539584]
[3954539824, 3954539840]
[3954540080, 3954540096]
[3954540336, 3954540352]
[3954540544, 3954540592]
[3954540608, 3954540848]
[3954540864, 3954541104]
[3954541120, 3954541360]
[3954541376, 3954541616]
[3954541632, 3954541872]
[3954541888, 3954542128]
[3954542144, 3954542384]
[3954542400, 3954542640]
[3954542656, 3954542896]
[3954542912, 3954543152]
[3954543168, 3954543408]
[3954543424, 3954543664]
[3954543680, 3954543920]
[3954543936, 3954544176]
[3954544192, 3954544432]
[3954544448, 3954544640]
[3954544688, 3954544704]
[3954544944, 3954544960]
[3954545200, 3954545216]
[3954545456, 3954545472]
[3954545712, 3954545728]
[3954545968, 3954545984]
[3954546224, 3954546240]
[3954546480, 3954546496]
[3954546736, 3954546752]
[3954546992, 3954547008]
[3954547248, 3954547264]
[3954547504, 3954547520]
[3954547760, 3954547776]
[3954548016, 3954548032]
[3954548272, 3954548288]
[3954548528, 3954548544]
[3954548784, 3954548800]
[3954549040, 3954549056]
[3954549296, 3954549312]
[3954549552, 3954549568]
[3954549808, 3954549824]
[3954550064, 3954550080]
[3954550320, 3954550336]
[3954550576, 3954550592]
[3954550832, 3954550848]
[3954551088, 3954551104]
[3954551344, 3954551360]
[3954551600, 3954551616]
[3954551856, 3954551872]
[3954552112, 3954552128]
[3954552368, 3954552384]
[3954552624, 3954552640]
[3954552880, 3954552896]
[3954553136, 3954553152]
[3954553392, 3954553408]
[3954553648, 3954553664]
[3954553904, 3954553920]
[3954554160, 3954554176]
[3954554416, 3954554432]
[3954554672, 3954554688]
[3954554928, 3954554944]
[3954555184, 3954555200]
[3954555440, 3954555456]
[3954555696, 3954555712]
[3954555952, 3954555968]
[3954556208, 3954556224]
[3954556464, 3954556480]
[3954556720, 3954556736]
[3954556976, 3954556992]
[3954557232, 3954557248]
[3954557488, 3954557504]
[3954557744, 3954557760]
[3954558000, 3954558016]
[3954558256, 3954558272]
[3954558512, 3954558528]
[3954558768, 3954558784]
[3954559024, 3954559040]
[3954559280, 3954559296]
[3954559536, 3954559552]
[3954559792, 3954559808]
[3954560048, 3954560064]
[3954560304, 3954560320]
[3954560560, 3954560576]
[3954560816, 3954560832]
[3954561072, 3954561088]
[3954561328, 3954561344]
[3954561584, 3954561600]
[3954561840, 3954561856]
[3954562096, 3954562112]
[3954562352, 3954562368]
[3954562608, 3954562624]
[3954562864, 3954562880]
[3954563120, 3954563136]
[3954563376, 3954563392]
[3954563632, 3954563648]
[3954563888, 3954563904]
[3954564144, 3954564160]
[3954564400, 3954564416]
[3954564656, 3954564672]
[3954564912, 3954564928]
[3954565168, 3954565184]
[3954565424, 3954565440]
[3954565680, 3954565696]
[3954565936, 3954565952]
[3954566192, 3954566208]
[3954566448, 3954566464]
[3954566704, 3954566720]
[3954566960, 3954566976]
[3954567216, 3954567232]
[3954567472, 3954567488]
[3954567728, 3954567744]
[3954567984, 3954568000]
[3954568240, 3954568256]
[3954568496, 3954568512]
[3954568752, 3954568768]
[3954569008, 3954569024]
[3954569264, 3954569280]
[3954569520, 3954569536]
[3954569776, 3954569792]
[3954570032, 3954570048]
[3954570288, 3954570304]
[3954570544, 3954570560]
[3954570800, 3954570816]
[3954571056, 3954571072]
[3954571312, 3954571328]
[3954571568, 3954571584]
[3954571824, 3954571840]
[3954572080, 3954572096]
[3954572336, 3954572352]
[3954572592, 3954572608]
[3954572848, 3954572864]
[3954573104, 3954573120]
[3954573312, 3954573360]
[3954573376, 3954573616]
[3954573632, 3954573872]
[3954573888, 3954574128]
[3954574144, 3954574384]
[3954574400, 3954574640]
[3954574656, 3954574896]
[3954574912, 3954575152]
[3954575168, 3954575408]
[3954575424, 3954575664]
[3954575680, 3954575920]
[3954575936, 3954576176]
[3954576192, 3954576432]
[3954576448, 3954576688]
[3954576704, 3954576944]
[3954576960, 3954577200]
[3954577216, 3954577408]
[3954577456, 3954577472]
[3954577712, 3954577728]
[3954577968, 3954577984]
[3954578224, 3954578240]
[3954578480, 3954578496]
[3954578736, 3954578752]
[3954578992, 3954579008]
[3954579248, 3954579264]
[3954579504, 3954579520]
[3954579760, 3954579776]
[3954580016, 3954580032]
[3954580272, 3954580288]
[3954580528, 3954580544]
[3954580784, 3954580800]
[3954581040, 3954581056]
[3954581296, 3954581312]
[3954581552, 3954581568]
[3954581808, 3954581824]
[3954582064, 3954582080]
[3954582320, 3954582336]
[3954582576, 3954582592]
[3954582832, 3954582848]
[3954583088, 3954583104]
[3954583344, 3954583360]
[3954583600, 3954583616]
[3954583856, 3954583872]
[3954584112, 3954584128]
[3954584368, 3954584384]
[3954584624, 3954584640]
[3954584880, 3954584896]
[3954585136, 3954585152]
[3954585392, 3954585408]
[3954585648, 3954585664]
[3954585904, 3954585920]
[3954586160, 3954586176]
[3954586416, 3954586432]
[3954586672, 3954586688]
[3954586928, 3954586944]
[3954587184, 3954587200]
[3954587440, 3954587456]
[3954587696, 3954587712]
[3954587952, 3954587968]
[3954588208, 3954588224]
[3954588464, 3954588480]
[3954588720, 3954588736]
[3954588976, 3954588992]
[3954589232, 3954589248]
[3954589488, 3954589504]
[3954589744, 3954589760]
[3954590000, 3954590016]
[3954590256, 3954590272]
[3954590512, 3954590528]
[3954590768, 3954590784]
[3954591024, 3954591040]
[3954591280, 3954591296]
[3954591536, 3954591552]
[3954591792, 3954591808]
[3954592048, 3954592064]
[3954592304, 3954592320]
[3954592560, 3954592576]
[3954592816, 3954592832]
[3954593072, 3954593088]
[3954593328, 3954593344]
[3954593584, 3954593600]
[3954593840, 3954593856]
[3954594096, 3954594112]
[3954594352, 3954594368]
[3954594608, 3954594624]
[3954594864, 3954594880]
[3954595120, 3954595136]
[3954595376, 3954595392]
[3954595632, 3954595648]
[3954595888, 3954595904]
[3954596144, 3954596160]
[3954596400, 3954596416]
[3954596656, 3954596672]
[3954596912, 3954596928]
[3954597168, 3954597184]
[3954597424, 3954597440]
[3954597680, 3954597696]
[3954597936, 3954597952]
[3954598192, 3954598208]
[3954598448, 3954598464]
[3954598704, 3954598720]
[3954598960, 3954598976]
[3954599216, 3954599232]
[3954599472, 3954599488]
[3954599728, 3954599744]
[3954599984, 3954600000]
[3954600240, 3954600256]
[3954600496, 3954600512]
[3954600752, 3954600768]
[3954601008, 3954601024]
[3954601264, 3954601280]
[3954601520, 3954601536]
[3954601776, 3954601792]
[3954602032, 3954602048]
[3954602288, 3954602304]
[3954602544, 3954602560]
[3954602800, 3954602816]
[3954603056, 3954603072]
[3954603312, 3954603328]
[3954603568, 3954603584]
[3954603824, 3954603840]
[3954604080, 3954604096]
[3954604336, 3954604352]
[3954604592, 3954604608]
[3954604848, 3954604864]
[3954605104, 3954605120]
[3954605360, 3954605376]
[3954605616, 3954605632]
[3954605872, 3954605888]
[3954606080, 3954606128]
[3954606144, 3954606384]
[3954606400, 3954606640]
[3954606656, 3954606896]
[3954606912, 3954607152]
[3954607168, 3954607408]
[3954607424, 3954607664]
[3954607680, 3954607920]
[3954607936, 3954608176]
[3954608192, 3954608432]
[3954608448, 3954608688]
[3954608704, 3954608944]
[3954608960, 3954609200]
[3954609216, 3954609456]
[3954609472, 3954609712]
[3954609728, 3954609968]
[3954609984, 3954610176]
[3954610224, 3954610240]
[3954610480, 3954610496]
[3954610736, 3954610752]
[3954610992, 3954611008]
[3954611248, 3954611264]
[3954611504, 3954611520]
[3954611760, 3954611776]
[3954612016, 3954612032]
[3954612272, 3954612288]
[3954612528, 3954612544]
[3954612784, 3954612800]
[3954613040, 3954613056]
[3954613296, 3954613312]
[3954613552, 3954613568]
[3954613808, 3954613824]
[3954614064, 3954614080]
[3954614320, 3954614336]
[3954614576, 3954614592]
[3954614832, 3954614848]
[3954615088, 3954615104]
[3954615344, 3954615360]
[3954615600, 3954615616]
[3954615856, 3954615872]
[3954616112, 3954616128]
[3954616368, 3954616384]
[3954616624, 3954616640]
[3954616880, 3954616896]
[3954617136, 3954617152]
[3954617392, 3954617408]
[3954617648, 3954617664]
[3954617904, 3954617920]
[3954618160, 3954618176]
[3954618416, 3954618432]
[3954618672, 3954618688]
[3954618928, 3954618944]
[3954619184, 3954619200]
[3954619440, 3954619456]
[3954619696, 3954619712]
[3954619952, 3954619968]
[3954620208, 3954620224]
[3954620464, 3954620480]
[3954620720, 3954620736]
[3954620976, 3954620992]
[3954621232, 3954621248]
[3954621488, 3954621504]
[3954621744, 3954621760]
[3954622000, 3954622016]
[3954622256, 3954622272]
[3954622512, 3954622528]
[3954622768, 3954622784]
[3954623024, 3954623040]
[3954623280, 3954623296]
[3954623536, 3954623552]
[3954623792, 3954623808]
[3954624048, 3954624064]
[3954624304, 3954624320]
[3954624560, 3954624576]
[3954624816, 3954624832]
[3954625072, 3954625088]
[3954625328, 3954625344]
[3954625584, 3954625600]
[3954625840, 3954625856]
[3954626096, 3954626112]
[3954626352, 3954626368]
[3954626608, 3954626624]
[3954626864, 3954626880]
[3954627120, 3954627136]
[3954627376, 3954627392]
[3954627632, 3954627648]
[3954627888, 3954627904]
[3954628144, 3954628160]
[3954628400, 3954628416]
[3954628656, 3954628672]
[3954628912, 3954628928]
[3954629168, 3954629184]
[3954629424, 3954629440]
[3954629680, 3954629696]
[3954629936, 3954629952]
[3954630192, 3954630208]
[3954630448, 3954630464]
[3954630704, 3954630720]
[3954630960, 3954630976]
[3954631216, 3954631232]
[3954631472, 3954631488]
[3954631728, 3954631744]
[3954631984, 3954632000]
[3954632240, 3954632256]
[3954632496, 3954632512]
[3954632752, 3954632768]
[3954633008, 3954633024]
[3954633264, 3954633280]
[3954633520, 3954633536]
[3954633776, 3954633792]
[3954634032, 3954634048]
[3954634288, 3954634304]
[3954634544, 3954634560]
[3954634800, 3954634816]
[3954635056, 3954635072]
[3954635312, 3954635328]
[3954635568, 3954635584]
[3954635824, 3954635840]
[3954636080, 3954636096]
[3954636336, 3954636352]
[3954636592, 3954636608]
[3954636848, 3954636864]
[3954637104, 3954637120]
[3954637360, 3954637376]
[3954637616, 3954637632]
[3954637872, 3954637888]
[3954638128, 3954638144]
[3954638384, 3954638400]
[3954638640, 3954638656]
[3954638848, 3954638896]
[3954638912, 3954639152]
[3954639168, 3954639408]
[3954639424, 3954639664]
[3954639680, 3954639920]
[3954639936, 3954640176]
[3954640192, 3954640432]
[3954640448, 3954640688]
[3954640704, 3954640944]
[3954640960, 3954641200]
[3954641216, 3954641456]
[3954641472, 3954641712]
[3954641728, 3954641968]
[3954641984, 3954642224]
[3954642240, 3954642480]
[3954642496, 3954642736]
[3954642752, 3954642944]
[3954642992, 3954643008]
[3954643248, 3954643264]
[3954643504, 3954643520]
[3954643760, 3954643776]
[3954644016, 3954644032]
[3954644272, 3954644288]
[3954644528, 3954644544]
[3954644784, 3954644800]
[3954645040, 3954645056]
[3954645296, 3954645312]
[3954645552, 3954645568]
[3954645808, 3954645824]
[3954646064, 3954646080]
[3954646320, 3954646336]
[3954646576, 3954646592]
[3954646832, 3954646848]
[3954647088, 3954647104]
[3954647344, 3954647360]
[3954647600, 3954647616]
[3954647856, 3954647872]
[3954648112, 3954648128]
[3954648368, 3954648384]
[3954648624, 3954648640]
[3954648880, 3954648896]
[3954649136, 3954649152]
[3954649392, 3954649408]
[3954649648, 3954649664]
[3954649904, 3954649920]
[3954650160, 3954650176]
[3954650416, 3954650432]
[3954650672, 3954650688]
[3954650928, 3954650944]
[3954651184, 3954651200]
[3954651440, 3954651456]
[3954651696, 3954651712]
[3954651952, 3954651968]
[3954652208, 3954652224]
[3954652464, 3954652480]
[3954652720, 3954652736]
[3954652976, 3954652992]
[3954653232, 3954653248]
[3954653488, 3954653504]
[3954653744, 3954653760]
[3954654000, 3954654016]
[3954654256, 3954654272]
[3954654512, 3954654528]
[3954654768, 3954654784]
[3954655024, 3954655040]
[3954655280, 3954655296]
[3954655536, 3954655552]
[3954655792, 3954655808]
[3954656048, 3954656064]
[3954656304, 3954656320]
[3954656560, 3954656576]
[3954656816, 3954656832]
[3954657072, 3954657088]
[3954657328, 3954657344]
[3954657584, 3954657600]
[3954657840, 3954657856]
[3954658096, 3954658112]
[3954658352, 3954658368]
[3954658608, 3954658624]
[3954658864, 3954658880]
[3954659120, 3954659136]
[3954659376, 3954659392]
[3954659632, 3954659648]
[3954659888, 3954659904]
[3954660144, 3954660160]
[3954660400, 3954660416]
[3954660656, 3954660672]
[3954660912, 3954660928]
[3954661168, 3954661184]
[3954661424, 3954661440]
[3954661680, 3954661696]
[3954661936, 3954661952]
[3954662192, 3954662208]
[3954662448, 3954662464]
[3954662704, 3954662720]
[3954662960, 3954662976]
[3954663216, 3954663232]
[3954663472, 3954663488]
[3954663728, 3954663744]
[3954663984, 3954664000]
[3954664240, 3954664256]
[3954664496, 3954664512]
[3954664752, 3954664768]
[3954665008, 3954665024]
[3954665264, 3954665280]
[3954665520, 3954665536]
[3954665776, 3954665792]
[3954666032, 3954666048]
[3954666288, 3954666304]
[3954666544, 3954666560]
[3954666800, 3954666816]
[3954667056, 3954667072]
[3954667312, 3954667328]
[3954667568, 3954667584]
[3954667824, 3954667840]
[3954668080, 3954668096]
[3954668336, 3954668352]
[3954668592, 3954668608]
[3954668848, 3954668864]
[3954669104, 3954669120]
[3954669360, 3954669376]
[3954669616, 3954669632]
[3954669872, 3954669888]
[3954670128, 3954670144]
[3954670384, 3954670400]
[3954670640, 3954670656]
[3954670896, 3954670912]
[3954671152, 3954671168]
[3954671408, 3954671424]
[3954671616, 3954671664]
[3954671680, 3954671920]
[3954671936, 3954672176]
[3954672192, 3954672432]
[3954672448, 3954672688]
[3954672704, 3954672944]
[3954672960, 3954673200]
[3954673216, 3954673456]
[3954673472, 3954673712]
[3954673728, 3954673968]
[3954673984, 3954674224]
[3954674240, 3954674480]
[3954674496, 3954674736]
[3954674752, 3954674992]
[3954675008, 3954675248]
[3954675264, 3954675504]
[3954675520, 3954675712]
[3954675760, 3954675776]
[3954676016, 3954676032]
[3954676272, 3954676288]
[3954676528, 3954676544]
[3954676784, 3954676800]
[3954677040, 3954677056]
[3954677296, 3954677312]
[3954677552, 3954677568]
[3954677808, 3954677824]
[3954678064, 3954678080]
[3954678320, 3954678336]
[3954678576, 3954678592]
[3954678832, 3954678848]
[3954679088, 3954679104]
[3954679344, 3954679360]
[3954679600, 3954679616]
[3954679856, 3954679872]
[3954680112, 3954680128]
[3954680368, 3954680384]
[3954680624, 3954680640]
[3954680880, 3954680896]
[3954681136, 3954681152]
[3954681392, 3954681408]
[3954681648, 3954681664]
[3954681904, 3954681920]
[3954682160, 3954682176]
[3954682416, 3954682432]
[3954682672, 3954682688]
[3954682928, 3954682944]
[3954683184, 3954683200]
[3954683440, 3954683456]
[3954683696, 3954683712]
[3954683952, 3954683968]
[3954684208, 3954684224]
[3954684464, 3954684480]
[3954684720, 3954684736]
[3954684976, 3954684992]
[3954685232, 3954685248]
[3954685488, 3954685504]
[3954685744, 3954685760]
[3954686000, 3954686016]
[3954686256, 3954686272]
[3954686512, 3954686528]
[3954686768, 3954686784]
[3954687024, 3954687040]
[3954687280, 3954687296]
[3954687536, 3954687552]
[3954687792, 3954687808]
[3954688048, 3954688064]
[3954688304, 3954688320]
[3954688560, 3954688576]
[3954688816, 3954688832]
[3954689072, 3954689088]
[3954689328, 3954689344]
[3954689584, 3954689600]
[3954689840, 3954689856]
[3954690096, 3954690112]
[3954690352, 3954690368]
[3954690608, 3954690624]
[3954690864, 3954690880]
[3954691120, 3954691136]
[3954691376, 3954691392]
[3954691632, 3954691648]
[3954691888, 3954691904]
[3954692144, 3954692160]
[3954692400, 3954692416]
[3954692656, 3954692672]
[3954692912, 3954692928]
[3954693168, 3954693184]
[3954693424, 3954693440]
[3954693680, 3954693696]
[3954693936, 3954693952]
[3954694192, 3954694208]
[3954694448, 3954694464]
[3954694704, 3954694720]
[3954694960, 3954694976]
[3954695216, 3954695232]
[3954695472, 3954695488]
[3954695728, 3954695744]
[3954695984, 3954696000]
[3954696240, 3954696256]
[3954696496, 3954696512]
[3954696752, 3954696768]
[3954697008, 3954697024]
[3954697264, 3954697280]
[3954697520, 3954697536]
[3954697776, 3954697792]
[3954698032, 3954698048]
[3954698288, 3954698304]
[3954698544, 3954698560]
[3954698800, 3954698816]
[3954699056, 3954699072]
[3954699312, 3954699328]
[3954699568, 3954699584]
[3954699824, 3954699840]
[3954700080, 3954700096]
[3954700336, 3954700352]
[3954700592, 3954700608]
[3954700848, 3954700864]
[3954701104, 3954701120]
[3954701360, 3954701376]
[3954701616, 3954701632]
[3954701872, 3954701888]
[3954702128, 3954702144]
[3954702384, 3954702400]
[3954702640, 3954702656]
[3954702896, 3954702912]
[3954703152, 3954703168]
[3954703408, 3954703424]
[3954703664, 3954703680]
[3954703920, 3954703936]
[3954704176, 3954704192]
[3954704384, 3954704432]
[3954704448, 3954704688]
[3954704704, 3954704944]
[3954704960, 3954705200]
[3954705216, 3954705456]
[3954705472, 3954705712]
[3954705728, 3954705968]
[3954705984, 3954706224]
[3954706240, 3954706480]
[3954706496, 3954706736]
[3954706752, 3954706992]
[3954707008, 3954707248]
[3954707264, 3954707504]
[3954707520, 3954707760]
[3954707776, 3954708016]
[3954708032, 3954708272]
[3954708288, 3954708480]
[3954708528, 3954708544]
[3954708784, 3954708800]
[3954709040, 3954709056]
[3954709296, 3954709312]
[3954709552, 3954709568]
[3954709808, 3954709824]
[3954710064, 3954710080]
[3954710320, 3954710336]
[3954710576, 3954710592]
[3954710832, 3954710848]
[3954711088, 3954711104]
[3954711344, 3954711360]
[3954711600, 3954711616]
[3954711856, 3954711872]
[3954712112, 3954712128]
[3954712368, 3954712384]
[3954712624, 3954712640]
[3954712880, 3954712896]
[3954713136, 3954713152]
[3954713392, 3954713408]
[3954713648, 3954713664]
[3954713904, 3954713920]
[3954714160, 3954714176]
[3954714416, 3954714432]
[3954714672, 3954714688]
[3954714928, 3954714944]
[3954715184, 3954715200]
[3954715440, 3954715456]
[3954715696, 3954715712]
[3954715952, 3954715968]
[3954716208, 3954716224]
[3954716464, 3954716480]
[3954716720, 3954716736]
[3954716976, 3954716992]
[3954717232, 3954717248]
[3954717488, 3954717504]
[3954717744, 3954717760]
[3954718000, 3954718016]
[3954718256, 3954718272]
[3954718512, 3954718528]
[3954718768, 3954718784]
[3954719024, 3954719040]
[3954719280, 3954719296]
[3954719536, 3954719552]
[3954719792, 3954719808]
[3954720048, 3954720064]
[3954720304, 3954720320]
[3954720560, 3954720576]
[3954720816, 3954720832]
[3954721072, 3954721088]
[3954721328, 3954721344]
[3954721584, 3954721600]
[3954721840, 3954721856]
[3954722096, 3954722112]
[3954722352, 3954722368]
[3954722608, 3954722624]
[3954722864, 3954722880]
[3954723120, 3954723136]
[3954723376, 3954723392]
[3954723632, 3954723648]
[3954723888, 3954723904]
[3954724144, 3954724160]
[3954724400, 3954724416]
[3954724656, 3954724672]
[3954724912, 3954724928]
[3954725168, 3954725184]
[3954725424, 3954725440]
[3954725680, 3954725696]
[3954725936, 3954725952]
[3954726192, 3954726208]
[3954726448, 3954726464]
[3954726704, 3954726720]
[3954726960, 3954726976]
[3954727216, 3954727232]
[3954727472, 3954727488]
[3954727728, 3954727744]
[3954727984, 3954728000]
[3954728240, 3954728256]
[3954728496, 3954728512]
[3954728752, 3954728768]
[3954729008, 3954729024]
[3954729264, 3954729280]
[3954729520, 3954729536]
[3954729776, 3954729792]
[3954730032, 3954730048]
[3954730288, 3954730304]
[3954730544, 3954730560]
[3954730800, 3954730816]
[3954731056, 3954731072]
[3954731312, 3954731328]
[3954731568, 3954731584]
[3954731824, 3954731840]
[3954732080, 3954732096]
[3954732336, 3954732352]
[3954732592, 3954732608]
[3954732848, 3954732864]
[3954733104, 3954733120]
[3954733360, 3954733376]
[3954733616, 3954733632]
[3954733872, 3954733888]
[3954734128, 3954734144]
[3954734384, 3954734400]
[3954734640, 3954734656]
[3954734896, 3954734912]
[3954735152, 3954735168]
[3954735408, 3954735424]
[3954735664, 3954735680]
[3954735920, 3954735936]
[3954736176, 3954736192]
[3954736432, 3954736448]
[3954736688, 3954736704]
[3954736944, 3954736960]
[3954737152, 3954737200]
[3954737216, 3954737456]
[3954737472, 3954737712]
[3954737728, 3954737968]
[3954737984, 3954738224]
[3954738240, 3954738480]
[3954738496, 3954738736]
[3954738752, 3954738992]
[3954739008, 3954739248]
[3954739264, 3954739504]
[3954739520, 3954739760]
[3954739776, 3954740016]
[3954740032, 3954740272]
[3954740288, 3954740528]
[3954740544, 3954740784]
[3954740800, 3954741040]
[3954741056, 3954741248]
[3954741296, 3954741312]
[3954741552, 3954741568]
[3954741808, 3954741824]
[3954742064, 3954742080]
[3954742320, 3954742336]
[3954742576, 3954742592]
[3954742832, 3954742848]
[3954743088, 3954743104]
[3954743344, 3954743360]
[3954743600, 3954743616]
[3954743856, 3954743872]
[3954744112, 3954744128]
[3954744368, 3954744384]
[3954744624, 3954744640]
[3954744880, 3954744896]
[3954745136, 3954745152]
[3954745392, 3954745408]
[3954745648, 3954745664]
[3954745904, 3954745920]
[3954746160, 3954746176]
[3954746416, 3954746432]
[3954746672, 3954746688]
[3954746928, 3954746944]
[3954747184, 3954747200]
[3954747440, 3954747456]
[3954747696, 3954747712]
[3954747952, 3954747968]
[3954748208, 3954748224]
[3954748464, 3954748480]
[3954748720, 3954748736]
[3954748976, 3954748992]
[3954749232, 3954749248]
[3954749488, 3954749504]
[3954749744, 3954749760]
[3954750000, 3954750016]
[3954750256, 3954750272]
[3954750512, 3954750528]
[3954750768, 3954750784]
[3954751024, 3954751040]
[3954751280, 3954751296]
[3954751536, 3954751552]
[3954751792, 3954751808]
[3954752048, 3954752064]
[3954752304, 3954752320]
[3954752560, 3954752576]
[3954752816, 3954752832]
[3954753072, 3954753088]
[3954753328, 3954753344]
[3954753584, 3954753600]
[3954753840, 3954753856]
[3954754096, 3954754112]
[3954754352, 3954754368]
[3954754608, 3954754624]
[3954754864, 3954754880]
[3954755120, 3954755136]
[3954755376, 3954755392]
[3954755632, 3954755648]
[3954755888, 3954755904]
[3954756144, 3954756160]
[3954756400, 3954756416]
[3954756656, 3954756672]
[3954756912, 3954756928]
[3954757168, 3954757184]
[3954757424, 3954757440]
[3954757680, 3954757696]
[3954757936, 3954757952]
[3954758192, 3954758208]
[3954758448, 3954758464]
[3954758704, 3954758720]
[3954758960, 3954758976]
[3954759216, 3954759232]
[3954759472, 3954759488]
[3954759728, 3954759744]
[3954759984, 3954760000]
[3954760240, 3954760256]
[3954760496, 3954760512]
[3954760752, 3954760768]
[3954761008, 3954761024]
[3954761264, 3954761280]
[3954761520, 3954761536]
[3954761776, 3954761792]
[3954762032, 3954762048]
[3954762288, 3954762304]
[3954762544, 3954762560]
[3954762800, 3954762816]
[3954763056, 3954763072]
[3954763312, 3954763328]
[3954763568, 3954763584]
[3954763824, 3954763840]
[3954764080, 3954764096]
[3954764336, 3954764352]
[3954764592, 3954764608]
[3954764848, 3954764864]
[3954765104, 3954765120]
[3954765360, 3954765376]
[3954765616, 3954765632]
[3954765872, 3954765888]
[3954766128, 3954766144]
[3954766384, 3954766400]
[3954766640, 3954766656]
[3954766896, 3954766912]
[3954767152, 3954767168]
[3954767408, 3954767424]
[3954767664, 3954767680]
[3954767920, 3954767936]
[3954768176, 3954768192]
[3954768432, 3954768448]
[3954768688, 3954768704]
[3954768944, 3954768960]
[3954769200, 3954769216]
[3954769456, 3954769472]
[3954769712, 3954769728]
[3954769920, 3954769968]
[3954769984, 3954770224]
[3954770240, 3954770480]
[3954770496, 3954770736]
[3954770752, 3954770992]
[3954771008, 3954771248]
[3954771264, 3954771504]
[3954771520, 3954771760]
[3954771776, 3954772016]
[3954772032, 3954772272]
[3954772288, 3954772528]
[3954772544, 3954772784]
[3954772800, 3954773040]
[3954773056, 3954773296]
[3954773312, 3954773552]
[3954773568, 3954773808]
[3954773824, 3954774016]
[3954774064, 3954774080]
[3954774320, 3954774336]
[3954774576, 3954774592]
[3954774832, 3954774848]
[3954775088, 3954775104]
[3954775344, 3954775360]
[3954775600, 3954775616]
[3954775856, 3954775872]
[3954776112, 3954776128]
[3954776368, 3954776384]
[3954776624, 3954776640]
[3954776880, 3954776896]
[3954777136, 3954777152]
[3954777392, 3954777408]
[3954777648, 3954777664]
[3954777904, 3954777920]
[3954778160, 3954778176]
[3954778416, 3954778432]
[3954778672, 3954778688]
[3954778928, 3954778944]
[3954779184, 3954779200]
[3954779440, 3954779456]
[3954779696, 3954779712]
[3954779952, 3954779968]
[3954780208, 3954780224]
[3954780464, 3954780480]
[3954780720, 3954780736]
[3954780976, 3954780992]
[3954781232, 3954781248]
[3954781488, 3954781504]
[3954781744, 3954781760]
[3954782000, 3954782016]
[3954782256, 3954782272]
[3954782512, 3954782528]
[3954782768, 3954782784]
[3954783024, 3954783040]
[3954783280, 3954783296]
[3954783536, 3954783552]
[3954783792, 3954783808]
[3954784048, 3954784064]
[3954784304, 3954784320]
[3954784560, 3954784576]
[3954784816, 3954784832]
[3954785072, 3954785088]
[3954785328, 3954785344]
[3954785584, 3954785600]
[3954785840, 3954785856]
[3954786096, 3954786112]
[3954786352, 3954786368]
[3954786608, 3954786624]
[3954786864, 3954786880]
[3954787120, 3954787136]
[3954787376, 3954787392]
[3954787632, 3954787648]
[3954787888, 3954787904]
[3954788144, 3954788160]
[3954788400, 3954788416]
[3954788656, 3954788672]
[3954788912, 3954788928]
[3954789168, 3954789184]
[3954789424, 3954789440]
[3954789680, 3954789696]
[3954789936, 3954789952]
[3954790192, 3954790208]
[3954790448, 3954790464]
[3954790704, 3954790720]
[3954790960, 3954790976]
[3954791216, 3954791232]
[3954791472, 3954791488]
[3954791728, 3954791744]
[3954791984, 3954792000]
[3954792240, 3954792256]
[3954792496, 3954792512]
[3954792752, 3954792768]
[3954793008, 3954793024]
[3954793264, 3954793280]
[3954793520, 3954793536]
[3954793776, 3954793792]
[3954794032, 3954794048]
[3954794288, 3954794304]
[3954794544, 3954794560]
[3954794800, 3954794816]
[3954795056, 3954795072]
[3954795312, 3954795328]
[3954795568, 3954795584]
[3954795824, 3954795840]
[3954796080, 3954796096]
[3954796336, 3954796352]
[3954796592, 3954796608]
[3954796848, 3954796864]
[3954797104, 3954797120]
[3954797360, 3954797376]
[3954797616, 3954797632]
[3954797872, 3954797888]
[3954798128, 3954798144]
[3954798384, 3954798400]
[3954798640, 3954798656]
[3954798896, 3954798912]
[3954799152, 3954799168]
[3954799408, 3954799424]
[3954799664, 3954799680]
[3954799920, 3954799936]
[3954800176, 3954800192]
[3954800432, 3954800448]
[3954800688, 3954800704]
[3954800944, 3954800960]
[3954801200, 3954801216]
[3954801456, 3954801472]
[3954801712, 3954801728]
[3954801968, 3954801984]
[3954802224, 3954802240]
[3954802480, 3954802496]
[3954802688, 3954802736]
[3954802752, 3954802992]
[3954803008, 3954803248]
[3954803264, 3954803504]
[3954803520, 3954803760]
[3954803776, 3954804016]
[3954804032, 3954804272]
[3954804288, 3954804528]
[3954804544, 3954804784]
[3954804800, 3954805040]
[3954805056, 3954805296]
[3954805312, 3954805552]
[3954805568, 3954805808]
[3954805824, 3954806064]
[3954806080, 3954806320]
[3954806336, 3954806576]
[3954806592, 3954806784]
[3954806832, 3954806848]
[3954807088, 3954807104]
[3954807344, 3954807360]
[3954807600, 3954807616]
[3954807856, 3954807872]
[3954808112, 3954808128]
[3954808368, 3954808384]
[3954808624, 3954808640]
[3954808880, 3954808896]
[3954809136, 3954809152]
[3954809392, 3954809408]
[3954809648, 3954809664]
[3954809904, 3954809920]
[3954810160, 3954810176]
[3954810416, 3954810432]
[3954810672, 3954810688]
[3954810928, 3954810944]
[3954811184, 3954811200]
[3954811440, 3954811456]
[3954811696, 3954811712]
[3954811952, 3954811968]
[3954812208, 3954812224]
[3954812464, 3954812480]
[3954812720, 3954812736]
[3954812976, 3954812992]
[3954813232, 3954813248]
[3954813488, 3954813504]
[3954813744, 3954813760]
[3954814000, 3954814016]
[3954814256, 3954814272]
[3954814512, 3954814528]
[3954814768, 3954814784]
[3954815024, 3954815040]
[3954815280, 3954815296]
[3954815536, 3954815552]
[3954815792, 3954815808]
[3954816048, 3954816064]
[3954816304, 3954816320]
[3954816560, 3954816576]
[3954816816, 3954816832]
[3954817072, 3954817088]
[3954817328, 3954817344]
[3954817584, 3954817600]
[3954817840, 3954817856]
[3954818096, 3954818112]
[3954818352, 3954818368]
[3954818608, 3954818624]
[3954818864, 3954818880]
[3954819120, 3954819136]
[3954819376, 3954819392]
[3954819632, 3954819648]
[3954819888, 3954819904]
[3954820144, 3954820160]
[3954820400, 3954820416]
[3954820656, 3954820672]
[3954820912, 3954820928]
[3954821168, 3954821184]
[3954821424, 3954821440]
[3954821680, 3954821696]
[3954821936, 3954821952]
[3954822192, 3954822208]
[3954822448, 3954822464]
[3954822704, 3954822720]
[3954822960, 3954822976]
[3954823216, 3954823232]
[3954823472, 3954823488]
[3954823728, 3954823744]
[3954823984, 3954824000]
[3954824240, 3954824256]
[3954824496, 3954824512]
[3954824752, 3954824768]
[3954825008, 3954825024]
[3954825264, 3954825280]
[3954825520, 3954825536]
[3954825776, 3954825792]
[3954826032, 3954826048]
[3954826288, 3954826304]
[3954826544, 3954826560]
[3954826800, 3954826816]
[3954827056, 3954827072]
[3954827312, 3954827328]
[3954827568, 3954827584]
[3954827824, 3954827840]
[3954828080, 3954828096]
[3954828336, 3954828352]
[3954828592, 3954828608]
[3954828848, 3954828864]
[3954829104, 3954829120]
[3954829360, 3954829376]
[3954829616, 3954829632]
[3954829872, 3954829888]
[3954830128, 3954830144]
[3954830384, 3954830400]
[3954830640, 3954830656]
[3954830896, 3954830912]
[3954831152, 3954831168]
[3954831408, 3954831424]
[3954831664, 3954831680]
[3954831920, 3954831936]
[3954832176, 3954832192]
[3954832432, 3954832448]
[3954832688, 3954832704]
[3954832944, 3954832960]
[3954833200, 3954833216]
[3954833456, 3954833472]
[3954833712, 3954833728]
[3954833968, 3954833984]
[3954834224, 3954834240]
[3954834480, 3954834496]
[3954834736, 3954834752]
[3954834992, 3954835008]
[3954835248, 3954835264]
[3954835456, 3954835504]
[3954835520, 3954835760]
[3954835776, 3954836016]
[3954836032, 3954836272]
[3954836288, 3954836528]
[3954836544, 3954836784]
[3954836800, 3954837040]
[3954837056, 3954837296]
[3954837312, 3954837552]
[3954837568, 3954837808]
[3954837824, 3954838064]
[3954838080, 3954838320]
[3954838336, 3954838576]
[3954838592, 3954838832]
[3954838848, 3954839088]
[3954839104, 3954839344]
[3954839360, 3954839552]
[3954839600, 3954839616]
[3954839856, 3954839872]
[3954840112, 3954840128]
[3954840368, 3954840384]
[3954840624, 3954840640]
[3954840880, 3954840896]
[3954841136, 3954841152]
[3954841392, 3954841408]
[3954841648, 3954841664]
[3954841904, 3954841920]
[3954842160, 3954842176]
[3954842416, 3954842432]
[3954842672, 3954842688]
[3954842928, 3954842944]
[3954843184, 3954843200]
[3954843440, 3954843456]
[3954843696, 3954843712]
[3954843952, 3954843968]
[3954844208, 3954844224]
[3954844464, 3954844480]
[3954844720, 3954844736]
[3954844976, 3954844992]
[3954845232, 3954845248]
[3954845488, 3954845504]
[3954845744, 3954845760]
[3954846000, 3954846016]
[3954846256, 3954846272]
[3954846512, 3954846528]
[3954846768, 3954846784]
[3954847024, 3954847040]
[3954847280, 3954847296]
[3954847536, 3954847552]
[3954847792, 3954847808]
[3954848048, 3954848064]
[3954848304, 3954848320]
[3954848560, 3954848576]
[3954848816, 3954848832]
[3954849072, 3954849088]
[3954849328, 3954849344]
[3954849584, 3954849600]
[3954849840, 3954849856]
[3954850096, 3954850112]
[3954850352, 3954850368]
[3954850608, 3954850624]
[3954850864, 3954850880]
[3954851120, 3954851136]
[3954851376, 3954851392]
[3954851632, 3954851648]
[3954851888, 3954851904]
[3954852144, 3954852160]
[3954852400, 3954852416]
[3954852656, 3954852672]
[3954852912, 3954852928]
[3954853168, 3954853184]
[3954853424, 3954853440]
[3954853680, 3954853696]
[3954853936, 3954853952]
[3954854192, 3954854208]
[3954854448, 3954854464]
[3954854704, 3954854720]
[3954854960, 3954854976]
[3954855216, 3954855232]
[3954855472, 3954855488]
[3954855728, 3954855744]
[3954855984, 3954856000]
[3954856240, 3954856256]
[3954856496, 3954856512]
[3954856752, 3954856768]
[3954857008, 3954857024]
[3954857264, 3954857280]
[3954857520, 3954857536]
[3954857776, 3954857792]
[3954858032, 3954858048]
[3954858288, 3954858304]
[3954858544, 3954858560]
[3954858800, 3954858816]
[3954859056, 3954859072]
[3954859312, 3954859328]
[3954859568, 3954859584]
[3954859824, 3954859840]
[3954860080, 3954860096]
[3954860336, 3954860352]
[3954860592, 3954860608]
[3954860848, 3954860864]
[3954861104, 3954861120]
[3954861360, 3954861376]
[3954861616, 3954861632]
[3954861872, 3954861888]
[3954862128, 3954862144]
[3954862384, 3954862400]
[3954862640, 3954862656]
[3954862896, 3954862912]
[3954863152, 3954863168]
[3954863408, 3954863424]
[3954863664, 3954863680]
[3954863920, 3954863936]
[3954864176, 3954864192]
[3954864432, 3954864448]
[3954864688, 3954864704]
[3954864944, 3954864960]
[3954865200, 3954865216]
[3954865456, 3954865472]
[3954865712, 3954865728]
[3954865968, 3954865984]
[3954866224, 3954866240]
[3954866480, 3954866496]
[3954866736, 3954866752]
[3954866992, 3954867008]
[3954867248, 3954867264]
[3954867504, 3954867520]
[3954867760, 3954867776]
[3954868016, 3954868032]
[3954868224, 3954868272]
[3954868288, 3954868528]
[3954868544, 3954868784]
[3954868800, 3954869040]
[3954869056, 3954869296]
[3954869312, 3954869552]
[3954869568, 3954869808]
[3954869824, 3954870064]
[3954870080, 3954870320]
[3954870336, 3954870576]
[3954870592, 3954870832]
[3954870848, 3954871088]
[3954871104, 3954871344]
[3954871360, 3954871600]
[3954871616, 3954871856]
[3954871872, 3954872112]
[3954872128, 3954872320]
[3954872368, 3954872384]
[3954872624, 3954872640]
[3954872880, 3954872896]
[3954873136, 3954873152]
[3954873392, 3954873408]
[3954873648, 3954873664]
[3954873904, 3954873920]
[3954874160, 3954874176]
[3954874416, 3954874432]
[3954874672, 3954874688]
[3954874928, 3954874944]
[3954875184, 3954875200]
[3954875440, 3954875456]
[3954875696, 3954875712]
[3954875952, 3954875968]
[3954876208, 3954876224]
[3954876464, 3954876480]
[3954876720, 3954876736]
[3954876976, 3954876992]
[3954877232, 3954877248]
[3954877488, 3954877504]
[3954877744, 3954877760]
[3954878000, 3954878016]
[3954878256, 3954878272]
[3954878512, 3954878528]
[3954878768, 3954878784]
[3954879024, 3954879040]
[3954879280, 3954879296]
[3954879536, 3954879552]
[3954879792, 3954879808]
[3954880048, 3954880064]
[3954880304, 3954880320]
[3954880560, 3954880576]
[3954880816, 3954880832]
[3954881072, 3954881088]
[3954881328, 3954881344]
[3954881584, 3954881600]
[3954881840, 3954881856]
[3954882096, 3954882112]
[3954882352, 3954882368]
[3954882608, 3954882624]
[3954882864, 3954882880]
[3954883120, 3954883136]
[3954883376, 3954883392]
[3954883632, 3954883648]
[3954883888, 3954883904]
[3954884144, 3954884160]
[3954884400, 3954884416]
[3954884656, 3954884672]
[3954884912, 3954884928]
[3954885168, 3954885184]
[3954885424, 3954885440]
[3954885680, 3954885696]
[3954885936, 3954885952]
[3954886192, 3954886208]
[3954886448, 3954886464]
[3954886704, 3954886720]
[3954886960, 3954886976]
[3954887216, 3954887232]
[3954887472, 3954887488]
[3954887728, 3954887744]
[3954887984, 3954888000]
[3954888240, 3954888256]
[3954888496, 3954888512]
[3954888752, 3954888768]
[3954889008, 3954889024]
[3954889264, 3954889280]
[3954889520, 3954889536]
[3954889776, 3954889792]
[3954890032, 3954890048]
[3954890288, 3954890304]
[3954890544, 3954890560]
[3954890800, 3954890816]
[3954891056, 3954891072]
[3954891312, 3954891328]
[3954891568, 3954891584]
[3954891824, 3954891840]
[3954892080, 3954892096]
[3954892336, 3954892352]
[3954892592, 3954892608]
[3954892848, 3954892864]
[3954893104, 3954893120]
[3954893360, 3954893376]
[3954893616, 3954893632]
[3954893872, 3954893888]
[3954894128, 3954894144]
[3954894384, 3954894400]
[3954894640, 3954894656]
[3954894896, 3954894912]
[3954895152, 3954895168]
[3954895408, 3954895424]
[3954895664, 3954895680]
[3954895920, 3954895936]
[3954896176, 3954896192]
[3954896432, 3954896448]
[3954896688, 3954896704]
[3954896944, 3954896960]
[3954897200, 3954897216]
[3954897456, 3954897472]
[3954897712, 3954897728]
[3954897968, 3954897984]
[3954898224, 3954898240]
[3954898480, 3954898496]
[3954898736, 3954898752]
[3954898992, 3954899008]
[3954899248, 3954899264]
[3954899504, 3954899520]
[3954899760, 3954899776]
[3954900016, 3954900032]
[3954900272, 3954900288]
[3954900528, 3954900544]
[3954900784, 3954900800]
[3954900992, 3954901040]
[3954901056, 3954901296]
[3954901312, 3954901552]
[3954901568, 3954901808]
[3954901824, 3954902064]
[3954902080, 3954902320]
[3954902336, 3954902576]
[3954902592, 3954902832]
[3954902848, 3954903088]
[3954903104, 3954903344]
[3954903360, 3954903600]
[3954903616, 3954903856]
[3954903872, 3954904112]
[3954904128, 3954904368]
[3954904384, 3954904624]
[3954904640, 3954904880]
[3954904896, 3954905088]
[3954905136, 3954905152]
[3954905392, 3954905408]
[3954905648, 3954905664]
[3954905904, 3954905920]
[3954906160, 3954906176]
[3954906416, 3954906432]
[3954906672, 3954906688]
[3954906928, 3954906944]
[3954907184, 3954907200]
[3954907440, 3954907456]
[3954907696, 3954907712]
[3954907952, 3954907968]
[3954908208, 3954908224]
[3954908464, 3954908480]
[3954908720, 3954908736]
[3954908976, 3954908992]
[3954909232, 3954909248]
[3954909488, 3954909504]
[3954909744, 3954909760]
[3954910000, 3954910016]
[3954910256, 3954910272]
[3954910512, 3954910528]
[3954910768, 3954910784]
[3954911024, 3954911040]
[3954911280, 3954911296]
[3954911536, 3954911552]
[3954911792, 3954911808]
[3954912048, 3954912064]
[3954912304, 3954912320]
[3954912560, 3954912576]
[3954912816, 3954912832]
[3954913072, 3954913088]
[3954913328, 3954913344]
[3954913584, 3954913600]
[3954913840, 3954913856]
[3954914096, 3954914112]
[3954914352, 3954914368]
[3954914608, 3954914624]
[3954914864, 3954914880]
[3954915120, 3954915136]
[3954915376, 3954915392]
[3954915632, 3954915648]
[3954915888, 3954915904]
[3954916144, 3954916160]
[3954916400, 3954916416]
[3954916656, 3954916672]
[3954916912, 3954916928]
[3954917168, 3954917184]
[3954917424, 3954917440]
[3954917680, 3954917696]
[3954917936, 3954917952]
[3954918192, 3954918208]
[3954918448, 3954918464]
[3954918704, 3954918720]
[3954918960, 3954918976]
[3954919216, 3954919232]
[3954919472, 3954919488]
[3954919728, 3954919744]
[3954919984, 3954920000]
[3954920240, 3954920256]
[3954920496, 3954920512]
[3954920752, 3954920768]
[3954921008, 3954921024]
[3954921264, 3954921280]
[3954921520, 3954921536]
[3954921776, 3954921792]
[3954922032, 3954922048]
[3954922288, 3954922304]
[3954922544, 3954922560]
[3954922800, 3954922816]
[3954923056, 3954923072]
[3954923312, 3954923328]
[3954923568, 3954923584]
[3954923824, 3954923840]
[3954924080, 3954924096]
[3954924336, 3954924352]
[3954924592, 3954924608]
[3954924848, 3954924864]
[3954925104, 3954925120]
[3954925360, 3954925376]
[3954925616, 3954925632]
[3954925872, 3954925888]
[3954926128, 3954926144]
[3954926384, 3954926400]
[3954926640, 3954926656]
[3954926896, 3954926912]
[3954927152, 3954927168]
[3954927408, 3954927424]
[3954927664, 3954927680]
[3954927920, 3954927936]
[3954928176, 3954928192]
[3954928432, 3954928448]
[3954928688, 3954928704]
[3954928944, 3954928960]
[3954929200, 3954929216]
[3954929456, 3954929472]
[3954929712, 3954929728]
[3954929968, 3954929984]
[3954930224, 3954930240]
[3954930480, 3954930496]
[3954930736, 3954930752]
[3954930992, 3954931008]
[3954931248, 3954931264]
[3954931504, 3954931520]
[3954931760, 3954931776]
[3954932016, 3954932032]
[3954932272, 3954932288]
[3954932528, 3954932544]
[3954932784, 3954932800]
[3954933040, 3954933056]
[3954933296, 3954933312]
[3954933552, 3954933568]
[3954933760, 3954933808]
[3954933824, 3954934064]
[3954934080, 3954934320]
[3954934336, 3954934576]
[3954934592, 3954934832]
[3954934848, 3954935088]
[3954935104, 3954935344]
[3954935360, 3954935600]
[3954935616, 3954935856]
[3954935872, 3954936112]
[3954936128, 3954936368]
[3954936384, 3954936624]
[3954936640, 3954936880]
[3954936896, 3954937136]
[3954937152, 3954937392]
[3954937408, 3954937648]
[3954937664, 3954937856]
[3954937904, 3954937920]
[3954938160, 3954938176]
[3954938416, 3954938432]
[3954938672, 3954938688]
[3954938928, 3954938944]
[3954939184, 3954939200]
[3954939440, 3954939456]
[3954939696, 3954939712]
[3954939952, 3954939968]
[3954940208, 3954940224]
[3954940464, 3954940480]
[3954940720, 3954940736]
[3954940976, 3954940992]
[3954941232, 3954941248]
[3954941488, 3954941504]
[3954941744, 3954941760]
[3954942000, 3954942016]
[3954942256, 3954942272]
[3954942512, 3954942528]
[3954942768, 3954942784]
[3954943024, 3954943040]
[3954943280, 3954943296]
[3954943536, 3954943552]
[3954943792, 3954943808]
[3954944048, 3954944064]
[3954944304, 3954944320]
[3954944560, 3954944576]
[3954944816, 3954944832]
[3954945072, 3954945088]
[3954945328, 3954945344]
[3954945584, 3954945600]
[3954945840, 3954945856]
[3954946096, 3954946112]
[3954946352, 3954946368]
[3954946608, 3954946624]
[3954946864, 3954946880]
[3954947120, 3954947136]
[3954947376, 3954947392]
[3954947632, 3954947648]
[3954947888, 3954947904]
[3954948144, 3954948160]
[3954948400, 3954948416]
[3954948656, 3954948672]
[3954948912, 3954948928]
[3954949168, 3954949184]
[3954949424, 3954949440]
[3954949680, 3954949696]
[3954949936, 3954949952]
[3954950192, 3954950208]
[3954950448, 3954950464]
[3954950704, 3954950720]
[3954950960, 3954950976]
[3954951216, 3954951232]
[3954951472, 3954951488]
[3954951728, 3954951744]
[3954951984, 3954952000]
[3954952240, 3954952256]
[3954952496, 3954952512]
[3954952752, 3954952768]
[3954953008, 3954953024]
[3954953264, 3954953280]
[3954953520, 3954953536]
[3954953776, 3954953792]
[3954954032, 3954954048]
[3954954288, 3954954304]
[3954954544, 3954954560]
[3954954800, 3954954816]
[3954955056, 3954955072]
[3954955312, 3954955328]
[3954955568, 3954955584]
[3954955824, 3954955840]
[3954956080, 3954956096]
[3954956336, 3954956352]
[3954956592, 3954956608]
[3954956848, 3954956864]
[3954957104, 3954957120]
[3954957360, 3954957376]
[3954957616, 3954957632]
[3954957872, 3954957888]
[3954958128, 3954958144]
[3954958384, 3954958400]
[3954958640, 3954958656]
[3954958896, 3954958912]
[3954959152, 3954959168]
[3954959408, 3954959424]
[3954959664, 3954959680]
[3954959920, 3954959936]
[3954960176, 3954960192]
[3954960432, 3954960448]
[3954960688, 3954960704]
[3954960944, 3954960960]
[3954961200, 3954961216]
[3954961456, 3954961472]
[3954961712, 3954961728]
[3954961968, 3954961984]
[3954962224, 3954962240]
[3954962480, 3954962496]
[3954962736, 3954962752]
[3954962992, 3954963008]
[3954963248, 3954963264]
[3954963504, 3954963520]
[3954963760, 3954963776]
[3954964016, 3954964032]
[3954964272, 3954964288]
[3954964528, 3954964544]
[3954964784, 3954964800]
[3954965040, 3954965056]
[3954965296, 3954965312]
[3954965552, 3954965568]
[3954965808, 3954965824]
[3954966064, 3954966080]
[3954966320, 3954966336]
[3954966528, 3954966576]
[3954966592, 3954966832]
[3954966848, 3954967088]
[3954967104, 3954967344]
[3954967360, 3954967600]
[3954967616, 3954967856]
[3954967872, 3954968112]
[3954968128, 3954968368]
[3954968384, 3954968624]
[3954968640, 3954968880]
[3954968896, 3954969136]
[3954969152, 3954969392]
[3954969408, 3954969648]
[3954969664, 3954969904]
[3954969920, 3954970160]
[3954970176, 3954970416]
[3954970432, 3954970624]
[3954970672, 3954970688]
[3954970928, 3954970944]
[3954971184, 3954971200]
[3954971440, 3954971456]
[3954971696, 3954971712]
[3954971952, 3954971968]
[3954972208, 3954972224]
[3954972464, 3954972480]
[3954972720, 3954972736]
[3954972976, 3954972992]
[3954973232, 3954973248]
[3954973488, 3954973504]
[3954973744, 3954973760]
[3954974000, 3954974016]
[3954974256, 3954974272]
[3954974512, 3954974528]
[3954974768, 3954974784]
[3954975024, 3954975040]
[3954975280, 3954975296]
[3954975536, 3954975552]
[3954975792, 3954975808]
[3954976048, 3954976064]
[3954976304, 3954976320]
[3954976560, 3954976576]
[3954976816, 3954976832]
[3954977072, 3954977088]
[3954977328, 3954977344]
[3954977584, 3954977600]
[3954977840, 3954977856]
[3954978096, 3954978112]
[3954978352, 3954978368]
[3954978608, 3954978624]
[3954978864, 3954978880]
[3954979120, 3954979136]
[3954979376, 3954979392]
[3954979632, 3954979648]
[3954979888, 3954979904]
[3954980144, 3954980160]
[3954980400, 3954980416]
[3954980656, 3954980672]
[3954980912, 3954980928]
[3954981168, 3954981184]
[3954981424, 3954981440]
[3954981680, 3954981696]
[3954981936, 3954981952]
[3954982192, 3954982208]
[3954982448, 3954982464]
[3954982704, 3954982720]
[3954982960, 3954982976]
[3954983216, 3954983232]
[3954983472, 3954983488]
[3954983728, 3954983744]
[3954983984, 3954984000]
[3954984240, 3954984256]
[3954984496, 3954984512]
[3954984752, 3954984768]
[3954985008, 3954985024]
[3954985264, 3954985280]
[3954985520, 3954985536]
[3954985776, 3954985792]
[3954986032, 3954986048]
[3954986288, 3954986304]
[3954986544, 3954986560]
[3954986800, 3954986816]
[3954987056, 3954987072]
[3954987312, 3954987328]
[3954987568, 3954987584]
[3954987824, 3954987840]
[3954988080, 3954988096]
[3954988336, 3954988352]
[3954988592, 3954988608]
[3954988848, 3954988864]
[3954989104, 3954989120]
[3954989360, 3954989376]
[3954989616, 3954989632]
[3954989872, 3954989888]
[3954990128, 3954990144]
[3954990384, 3954990400]
[3954990640, 3954990656]
[3954990896, 3954990912]
[3954991152, 3954991168]
[3954991408, 3954991424]
[3954991664, 3954991680]
[3954991920, 3954991936]
[3954992176, 3954992192]
[3954992432, 3954992448]
[3954992688, 3954992704]
[3954992944, 3954992960]
[3954993200, 3954993216]
[3954993456, 3954993472]
[3954993712, 3954993728]
[3954993968, 3954993984]
[3954994224, 3954994240]
[3954994480, 3954994496]
[3954994736, 3954994752]
[3954994992, 3954995008]
[3954995248, 3954995264]
[3954995504, 3954995520]
[3954995760, 3954995776]
[3954996016, 3954996032]
[3954996272, 3954996288]
[3954996528, 3954996544]
[3954996784, 3954996800]
[3954997040, 3954997056]
[3954997296, 3954997312]
[3954997552, 3954997568]
[3954997808, 3954997824]
[3954998064, 3954998080]
[3954998320, 3954998336]
[3954998576, 3954998592]
[3954998832, 3954998848]
[3954999088, 3954999104]
[3954999296, 3954999344]
[3954999360, 3954999600]
[3954999616, 3954999856]
[3954999872, 3955000112]
[3955000128, 3955000368]
[3955000384, 3955000624]
[3955000640, 3955000880]
[3955000896, 3955001136]
[3955001152, 3955001392]
[3955001408, 3955001648]
[3955001664, 3955001904]
[3955001920, 3955002160]
[3955002176, 3955002416]
[3955002432, 3955002672]
[3955002688, 3955002928]
[3955002944, 3955003184]
[3955003200, 3955003392]
[3955003440, 3955003456]
[3955003696, 3955003712]
[3955003952, 3955003968]
[3955004208, 3955004224]
[3955004464, 3955004480]
[3955004720, 3955004736]
[3955004976, 3955004992]
[3955005232, 3955005248]
[3955005488, 3955005504]
[3955005744, 3955005760]
[3955006000, 3955006016]
[3955006256, 3955006272]
[3955006512, 3955006528]
[3955006768, 3955006784]
[3955007024, 3955007040]
[3955007280, 3955007296]
[3955007536, 3955007552]
[3955007792, 3955007808]
[3955008048, 3955008064]
[3955008304, 3955008320]
[3955008560, 3955008576]
[3955008816, 3955008832]
[3955009072, 3955009088]
[3955009328, 3955009344]
[3955009584, 3955009600]
[3955009840, 3955009856]
[3955010096, 3955010112]
[3955010352, 3955010368]
[3955010608, 3955010624]
[3955010864, 3955010880]
[3955011120, 3955011136]
[3955011376, 3955011392]
[3955011632, 3955011648]
[3955011888, 3955011904]
[3955012144, 3955012160]
[3955012400, 3955012416]
[3955012656, 3955012672]
[3955012912, 3955012928]
[3955013168, 3955013184]
[3955013424, 3955013440]
[3955013680, 3955013696]
[3955013936, 3955013952]
[3955014192, 3955014208]
[3955014448, 3955014464]
[3955014704, 3955014720]
[3955014960, 3955014976]
[3955015216, 3955015232]
[3955015472, 3955015488]
[3955015728, 3955015744]
[3955015984, 3955016000]
[3955016240, 3955016256]
[3955016496, 3955016512]
[3955016752, 3955016768]
[3955017008, 3955017024]
[3955017264, 3955017280]
[3955017520, 3955017536]
[3955017776, 3955017792]
[3955018032, 3955018048]
[3955018288, 3955018304]
[3955018544, 3955018560]
[3955018800, 3955018816]
[3955019056, 3955019072]
[3955019312, 3955019328]
[3955019568, 3955019584]
[3955019824, 3955019840]
[3955020080, 3955020096]
[3955020336, 3955020352]
[3955020592, 3955020608]
[3955020848, 3955020864]
[3955021104, 3955021120]
[3955021360, 3955021376]
[3955021616, 3955021632]
[3955021872, 3955021888]
[3955022128, 3955022144]
[3955022384, 3955022400]
[3955022640, 3955022656]
[3955022896, 3955022912]
[3955023152, 3955023168]
[3955023408, 3955023424]
[3955023664, 3955023680]
[3955023920, 3955023936]
[3955024176, 3955024192]
[3955024432, 3955024448]
[3955024688, 3955024704]
[3955024944, 3955024960]
[3955025200, 3955025216]
[3955025456, 3955025472]
[3955025712, 3955025728]
[3955025968, 3955025984]
[3955026224, 3955026240]
[3955026480, 3955026496]
[3955026736, 3955026752]
[3955026992, 3955027008]
[3955027248, 3955027264]
[3955027504, 3955027520]
[3955027760, 3955027776]
[3955028016, 3955028032]
[3955028272, 3955028288]
[3955028528, 3955028544]
[3955028784, 3955028800]
[3955029040, 3955029056]
[3955029296, 3955029312]
[3955029552, 3955029568]
[3955029808, 3955029824]
[3955030064, 3955030080]
[3955030320, 3955030336]
[3955030576, 3955030592]
[3955030832, 3955030848]
[3955031088, 3955031104]
[3955031344, 3955031360]
[3955031600, 3955031616]
[3955031856, 3955031872]
[3955032064, 3955032112]
[3955032128, 3955032368]
[3955032384, 3955032624]
[3955032640, 3955032880]
[3955032896, 3955033136]
[3955033152, 3955033392]
[3955033408, 3955033648]
[3955033664, 3955033904]
[3955033920, 3955034160]
[3955034176, 3955034416]
[3955034432, 3955034672]
[3955034688, 3955034928]
[3955034944, 3955035184]
[3955035200, 3955035440]
[3955035456, 3955035696]
[3955035712, 3955035952]
[3955035968, 3955036160]
[3955036208, 3955036224]
[3955036464, 3955036480]
[3955036720, 3955036736]
[3955036976, 3955036992]
[3955037232, 3955037248]
[3955037488, 3955037504]
[3955037744, 3955037760]
[3955038000, 3955038016]
[3955038256, 3955038272]
[3955038512, 3955038528]
[3955038768, 3955038784]
[3955039024, 3955039040]
[3955039280, 3955039296]
[3955039536, 3955039552]
[3955039792, 3955039808]
[3955040048, 3955040064]
[3955040304, 3955040320]
[3955040560, 3955040576]
[3955040816, 3955040832]
[3955041072, 3955041088]
[3955041328, 3955041344]
[3955041584, 3955041600]
[3955041840, 3955041856]
[3955042096, 3955042112]
[3955042352, 3955042368]
[3955042608, 3955042624]
[3955042864, 3955042880]
[3955043120, 3955043136]
[3955043376, 3955043392]
[3955043632, 3955043648]
[3955043888, 3955043904]
[3955044144, 3955044160]
[3955044400, 3955044416]
[3955044656, 3955044672]
[3955044912, 3955044928]
[3955045168, 3955045184]
[3955045424, 3955045440]
[3955045680, 3955045696]
[3955045936, 3955045952]
[3955046192, 3955046208]
[3955046448, 3955046464]
[3955046704, 3955046720]
[3955046960, 3955046976]
[3955047216, 3955047232]
[3955047472, 3955047488]
[3955047728, 3955047744]
[3955047984, 3955048000]
[3955048240, 3955048256]
[3955048496, 3955048512]
[3955048752, 3955048768]
[3955049008, 3955049024]
[3955049264, 3955049280]
[3955049520, 3955049536]
[3955049776, 3955049792]
[3955050032, 3955050048]
[3955050288, 3955050304]
[3955050544, 3955050560]
[3955050800, 3955050816]
[3955051056, 3955051072]
[3955051312, 3955051328]
[3955051568, 3955051584]
[3955051824, 3955051840]
[3955052080, 3955052096]
[3955052336, 3955052352]
[3955052592, 3955052608]
[3955052848, 3955052864]
[3955053104, 3955053120]
[3955053360, 3955053376]
[3955053616, 3955053632]
[3955053872, 3955053888]
[3955054128, 3955054144]
[3955054384, 3955054400]
[3955054640, 3955054656]
[3955054896, 3955054912]
[3955055152, 3955055168]
[3955055408, 3955055424]
[3955055664, 3955055680]
[3955055920, 3955055936]
[3955056176, 3955056192]
[3955056432, 3955056448]
[3955056688, 3955056704]
[3955056944, 3955056960]
[3955057200, 3955057216]
[3955057456, 3955057472]
[3955057712, 3955057728]
[3955057968, 3955057984]
[3955058224, 3955058240]
[3955058480, 3955058496]
[3955058736, 3955058752]
[3955058992, 3955059008]
[3955059248, 3955059264]
[3955059504, 3955059520]
[3955059760, 3955059776]
[3955060016, 3955060032]
[3955060272, 3955060288]
[3955060528, 3955060544]
[3955060784, 3955060800]
[3955061040, 3955061056]
[3955061296, 3955061312]
[3955061552, 3955061568]
[3955061808, 3955061824]
[3955062064, 3955062080]
[3955062320, 3955062336]
[3955062576, 3955062592]
[3955062832, 3955062848]
[3955063088, 3955063104]
[3955063344, 3955063360]
[3955063600, 3955063616]
[3955063856, 3955063872]
[3955064112, 3955064128]
[3955064368, 3955064384]
[3955064624, 3955064640]
[3955064832, 3955064880]
[3955064896, 3955065136]
[3955065152, 3955065392]
[3955065408, 3955065648]
[3955065664, 3955065904]
[3955065920, 3955066160]
[3955066176, 3955066416]
[3955066432, 3955066672]
[3955066688, 3955066928]
[3955066944, 3955067184]
[3955067200, 3955067440]
[3955067456, 3955067696]
[3955067712, 3955067952]
[3955067968, 3955068208]
[3955068224, 3955068464]
[3955068480, 3955068720]
[3955068736, 3955068928]
[3955068976, 3955068992]
[3955069232, 3955069248]
[3955069488, 3955069504]
[3955069744, 3955069760]
[3955070000, 3955070016]
[3955070256, 3955070272]
[3955070512, 3955070528]
[3955070768, 3955070784]
[3955071024, 3955071040]
[3955071280, 3955071296]
[3955071536, 3955071552]
[3955071792, 3955071808]
[3955072048, 3955072064]
[3955072304, 3955072320]
[3955072560, 3955072576]
[3955072816, 3955072832]
[3955073072, 3955073088]
[3955073328, 3955073344]
[3955073584, 3955073600]
[3955073840, 3955073856]
[3955074096, 3955074112]
[3955074352, 3955074368]
[3955074608, 3955074624]
[3955074864, 3955074880]
[3955075120, 3955075136]
[3955075376, 3955075392]
[3955075632, 3955075648]
[3955075888, 3955075904]
[3955076144, 3955076160]
[3955076400, 3955076416]
[3955076656, 3955076672]
[3955076912, 3955076928]
[3955077168, 3955077184]
[3955077424, 3955077440]
[3955077680, 3955077696]
[3955077936, 3955077952]
[3955078192, 3955078208]
[3955078448, 3955078464]
[3955078704, 3955078720]
[3955078960, 3955078976]
[3955079216, 3955079232]
[3955079472, 3955079488]
[3955079728, 3955079744]
[3955079984, 3955080000]
[3955080240, 3955080256]
[3955080496, 3955080512]
[3955080752, 3955080768]
[3955081008, 3955081024]
[3955081264, 3955081280]
[3955081520, 3955081536]
[3955081776, 3955081792]
[3955082032, 3955082048]
[3955082288, 3955082304]
[3955082544, 3955082560]
[3955082800, 3955082816]
[3955083056, 3955083072]
[3955083312, 3955083328]
[3955083568, 3955083584]
[3955083824, 3955083840]
[3955084080, 3955084096]
[3955084336, 3955084352]
[3955084592, 3955084608]
[3955084848, 3955084864]
[3955085104, 3955085120]
[3955085360, 3955085376]
[3955085616, 3955085632]
[3955085872, 3955085888]
[3955086128, 3955086144]
[3955086384, 3955086400]
[3955086640, 3955086656]
[3955086896, 3955086912]
[3955087152, 3955087168]
[3955087408, 3955087424]
[3955087664, 3955087680]
[3955087920, 3955087936]
[3955088176, 3955088192]
[3955088432, 3955088448]
[3955088688, 3955088704]
[3955088944, 3955088960]
[3955089200, 3955089216]
[3955089456, 3955089472]
[3955089712, 3955089728]
[3955089968, 3955089984]
[3955090224, 3955090240]
[3955090480, 3955090496]
[3955090736, 3955090752]
[3955090992, 3955091008]
[3955091248, 3955091264]
[3955091504, 3955091520]
[3955091760, 3955091776]
[3955092016, 3955092032]
[3955092272, 3955092288]
[3955092528, 3955092544]
[3955092784, 3955092800]
[3955093040, 3955093056]
[3955093296, 3955093312]
[3955093552, 3955093568]
[3955093808, 3955093824]
[3955094064, 3955094080]
[3955094320, 3955094336]
[3955094576, 3955094592]
[3955094832, 3955094848]
[3955095088, 3955095104]
[3955095344, 3955095360]
[3955095600, 3955095616]
[3955095856, 3955095872]
[3955096112, 3955096128]
[3955096368, 3955096384]
[3955096624, 3955096640]
[3955096880, 3955096896]
[3955097136, 3955097152]
[3955097392, 3955097408]
[3955097600, 3955097648]
[3955097664, 3955097904]
[3955097920, 3955098160]
[3955098176, 3955098416]
[3955098432, 3955098672]
[3955098688, 3955098928]
[3955098944, 3955099184]
[3955099200, 3955099440]
[3955099456, 3955099696]
[3955099712, 3955099952]
[3955099968, 3955100208]
[3955100224, 3955100464]
[3955100480, 3955100720]
[3955100736, 3955100976]
[3955100992, 3955101232]
[3955101248, 3955101488]
[3955101504, 3955101696]
[3955101744, 3955101760]
[3955102000, 3955102016]
[3955102256, 3955102272]
[3955102512, 3955102528]
[3955102768, 3955102784]
[3955103024, 3955103040]
[3955103280, 3955103296]
[3955103536, 3955103552]
[3955103792, 3955103808]
[3955104048, 3955104064]
[3955104304, 3955104320]
[3955104560, 3955104576]
[3955104816, 3955104832]
[3955105072, 3955105088]
[3955105328, 3955105344]
[3955105584, 3955105600]
[3955105840, 3955105856]
[3955106096, 3955106112]
[3955106352, 3955106368]
[3955106608, 3955106624]
[3955106864, 3955106880]
[3955107120, 3955107136]
[3955107376, 3955107392]
[3955107632, 3955107648]
[3955107888, 3955107904]
[3955108144, 3955108160]
[3955108400, 3955108416]
[3955108656, 3955108672]
[3955108912, 3955108928]
[3955109168, 3955109184]
[3955109424, 3955109440]
[3955109680, 3955109696]
[3955109936, 3955109952]
[3955110192, 3955110208]
[3955110448, 3955110464]
[3955110704, 3955110720]
[3955110960, 3955110976]
[3955111216, 3955111232]
[3955111472, 3955111488]
[3955111728, 3955111744]
[3955111984, 3955112000]
[3955112240, 3955112256]
[3955112496, 3955112512]
[3955112752, 3955112768]
[3955113008, 3955113024]
[3955113264, 3955113280]
[3955113520, 3955113536]
[3955113776, 3955113792]
[3955114032, 3955114048]
[3955114288, 3955114304]
[3955114544, 3955114560]
[3955114800, 3955114816]
[3955115056, 3955115072]
[3955115312, 3955115328]
[3955115568, 3955115584]
[3955115824, 3955115840]
[3955116080, 3955116096]
[3955116336, 3955116352]
[3955116592, 3955116608]
[3955116848, 3955116864]
[3955117104, 3955117120]
[3955117360, 3955117376]
[3955117616, 3955117632]
[3955117872, 3955117888]
[3955118128, 3955118144]
[3955118384, 3955118400]
[3955118640, 3955118656]
[3955118896, 3955118912]
[3955119152, 3955119168]
[3955119408, 3955119424]
[3955119664, 3955119680]
[3955119920, 3955119936]
[3955120176, 3955120192]
[3955120432, 3955120448]
[3955120688, 3955120704]
[3955120944, 3955120960]
[3955121200, 3955121216]
[3955121456, 3955121472]
[3955121712, 3955121728]
[3955121968, 3955121984]
[3955122224, 3955122240]
[3955122480, 3955122496]
[3955122736, 3955122752]
[3955122992, 3955123008]
[3955123248, 3955123264]
[3955123504, 3955123520]
[3955123760, 3955123776]
[3955124016, 3955124032]
[3955124272, 3955124288]
[3955124528, 3955124544]
[3955124784, 3955124800]
[3955125040, 3955125056]
[3955125296, 3955125312]
[3955125552, 3955125568]
[3955125808, 3955125824]
[3955126064, 3955126080]
[3955126320, 3955126336]
[3955126576, 3955126592]
[3955126832, 3955126848]
[3955127088, 3955127104]
[3955127344, 3955127360]
[3955127600, 3955127616]
[3955127856, 3955127872]
[3955128112, 3955128128]
[3955128368, 3955128384]
[3955128624, 3955128640]
[3955128880, 3955128896]
[3955129136, 3955129152]
[3955129392, 3955129408]
[3955129648, 3955129664]
[3955129904, 3955129920]
[3955130160, 3955130176]
[3955130368, 3955130416]
[3955130432, 3955130672]
[3955130688, 3955130928]
[3955130944, 3955131184]
[3955131200, 3955131440]
[3955131456, 3955131696]
[3955131712, 3955131952]
[3955131968, 3955132208]
[3955132224, 3955132464]
[3955132480, 3955132720]
[3955132736, 3955132976]
[3955132992, 3955133232]
[3955133248, 3955133488]
[3955133504, 3955133744]
[3955133760, 3955134000]
[3955134016, 3955134256]
[3955134272, 3955134464]
[3955134512, 3955134528]
[3955134768, 3955134784]
[3955135024, 3955135040]
[3955135280, 3955135296]
[3955135536, 3955135552]
[3955135792, 3955135808]
[3955136048, 3955136064]
[3955136304, 3955136320]
[3955136560, 3955136576]
[3955136816, 3955136832]
[3955137072, 3955137088]
[3955137328, 3955137344]
[3955137584, 3955137600]
[3955137840, 3955137856]
[3955138096, 3955138112]
[3955138352, 3955138368]
[3955138608, 3955138624]
[3955138864, 3955138880]
[3955139120, 3955139136]
[3955139376, 3955139392]
[3955139632, 3955139648]
[3955139888, 3955139904]
[3955140144, 3955140160]
[3955140400, 3955140416]
[3955140656, 3955140672]
[3955140912, 3955140928]
[3955141168, 3955141184]
[3955141424, 3955141440]
[3955141680, 3955141696]
[3955141936, 3955141952]
[3955142192, 3955142208]
[3955142448, 3955142464]
[3955142704, 3955142720]
[3955142960, 3955142976]
[3955143216, 3955143232]
[3955143472, 3955143488]
[3955143728, 3955143744]
[3955143984, 3955144000]
[3955144240, 3955144256]
[3955144496, 3955144512]
[3955144752, 3955144768]
[3955145008, 3955145024]
[3955145264, 3955145280]
[3955145520, 3955145536]
[3955145776, 3955145792]
[3955146032, 3955146048]
[3955146288, 3955146304]
[3955146544, 3955146560]
[3955146800, 3955146816]
[3955147056, 3955147072]
[3955147312, 3955147328]
[3955147568, 3955147584]
[3955147824, 3955147840]
[3955148080, 3955148096]
[3955148336, 3955148352]
[3955148592, 3955148608]
[3955148848, 3955148864]
[3955149104, 3955149120]
[3955149360, 3955149376]
[3955149616, 3955149632]
[3955149872, 3955149888]
[3955150128, 3955150144]
[3955150384, 3955150400]
[3955150640, 3955150656]
[3955150896, 3955150912]
[3955151152, 3955151168]
[3955151408, 3955151424]
[3955151664, 3955151680]
[3955151920, 3955151936]
[3955152176, 3955152192]
[3955152432, 3955152448]
[3955152688, 3955152704]
[3955152944, 3955152960]
[3955153200, 3955153216]
[3955153456, 3955153472]
[3955153712, 3955153728]
[3955153968, 3955153984]
[3955154224, 3955154240]
[3955154480, 3955154496]
[3955154736, 3955154752]
[3955154992, 3955155008]
[3955155248, 3955155264]
[3955155504, 3955155520]
[3955155760, 3955155776]
[3955156016, 3955156032]
[3955156272, 3955156288]
[3955156528, 3955156544]
[3955156784, 3955156800]
[3955157040, 3955157056]
[3955157296, 3955157312]
[3955157552, 3955157568]
[3955157808, 3955157824]
[3955158064, 3955158080]
[3955158320, 3955158336]
[3955158576, 3955158592]
[3955158832, 3955158848]
[3955159088, 3955159104]
[3955159344, 3955159360]
[3955159600, 3955159616]
[3955159856, 3955159872]
[3955160112, 3955160128]
[3955160368, 3955160384]
[3955160624, 3955160640]
[3955160880, 3955160896]
[3955161136, 3955161152]
[3955161392, 3955161408]
[3955161648, 3955161664]
[3955161904, 3955161920]
[3955162160, 3955162176]
[3955162416, 3955162432]
[3955162672, 3955162688]
[3955162928, 3955162944]
[3955163136, 3955163184]
[3955163200, 3955163440]
[3955163456, 3955163696]
[3955163712, 3955163952]
[3955163968, 3955164208]
[3955164224, 3955164464]
[3955164480, 3955164720]
[3955164736, 3955164976]
[3955164992, 3955165232]
[3955165248, 3955165488]
[3955165504, 3955165744]
[3955165760, 3955166000]
[3955166016, 3955166256]
[3955166272, 3955166512]
[3955166528, 3955166768]
[3955166784, 3955167024]
[3955167040, 3955167232]
[3955167280, 3955167296]
[3955167536, 3955167552]
[3955167792, 3955167808]
[3955168048, 3955168064]
[3955168304, 3955168320]
[3955168560, 3955168576]
[3955168816, 3955168832]
[3955169072, 3955169088]
[3955169328, 3955169344]
[3955169584, 3955169600]
[3955169840, 3955169856]
[3955170096, 3955170112]
[3955170352, 3955170368]
[3955170608, 3955170624]
[3955170864, 3955170880]
[3955171120, 3955171136]
[3955171376, 3955171392]
[3955171632, 3955171648]
[3955171888, 3955171904]
[3955172144, 3955172160]
[3955172400, 3955172416]
[3955172656, 3955172672]
[3955172912, 3955172928]
[3955173168, 3955173184]
[3955173424, 3955173440]
[3955173680, 3955173696]
[3955173936, 3955173952]
[3955174192, 3955174208]
[3955174448, 3955174464]
[3955174704, 3955174720]
[3955174960, 3955174976]
[3955175216, 3955175232]
[3955175472, 3955175488]
[3955175728, 3955175744]
[3955175984, 3955176000]
[3955176240, 3955176256]
[3955176496, 3955176512]
[3955176752, 3955176768]
[3955177008, 3955177024]
[3955177264, 3955177280]
[3955177520, 3955177536]
[3955177776, 3955177792]
[3955178032, 3955178048]
[3955178288, 3955178304]
[3955178544, 3955178560]
[3955178800, 3955178816]
[3955179056, 3955179072]
[3955179312, 3955179328]
[3955179568, 3955179584]
[3955179824, 3955179840]
[3955180080, 3955180096]
[3955180336, 3955180352]
[3955180592, 3955180608]
[3955180848, 3955180864]
[3955181104, 3955181120]
[3955181360, 3955181376]
[3955181616, 3955181632]
[3955181872, 3955181888]
[3955182128, 3955182144]
[3955182384, 3955182400]
[3955182640, 3955182656]
[3955182896, 3955182912]
[3955183152, 3955183168]
[3955183408, 3955183424]
[3955183664, 3955183680]
[3955183920, 3955183936]
[3955184176, 3955184192]
[3955184432, 3955184448]
[3955184688, 3955184704]
[3955184944, 3955184960]
[3955185200, 3955185216]
[3955185456, 3955185472]
[3955185712, 3955185728]
[3955185968, 3955185984]
[3955186224, 3955186240]
[3955186480, 3955186496]
[3955186736, 3955186752]
[3955186992, 3955187008]
[3955187248, 3955187264]
[3955187504, 3955187520]
[3955187760, 3955187776]
[3955188016, 3955188032]
[3955188272, 3955188288]
[3955188528, 3955188544]
[3955188784, 3955188800]
[3955189040, 3955189056]
[3955189296, 3955189312]
[3955189552, 3955189568]
[3955189808, 3955189824]
[3955190064, 3955190080]
[3955190320, 3955190336]
[3955190576, 3955190592]
[3955190832, 3955190848]
[3955191088, 3955191104]
[3955191344, 3955191360]
[3955191600, 3955191616]
[3955191856, 3955191872]
[3955192112, 3955192128]
[3955192368, 3955192384]
[3955192624, 3955192640]
[3955192880, 3955192896]
[3955193136, 3955193152]
[3955193392, 3955193408]
[3955193648, 3955193664]
[3955193904, 3955193920]
[3955194160, 3955194176]
[3955194416, 3955194432]
[3955194672, 3955194688]
[3955194928, 3955194944]
[3955195184, 3955195200]
[3955195440, 3955195456]
[3955195696, 3955195712]
[3955195904, 3955195952]
[3955195968, 3955196208]
[3955196224, 3955196464]
[3955196480, 3955196720]
[3955196736, 3955196976]
[3955196992, 3955197232]
[3955197248, 3955197488]
[3955197504, 3955197744]
[3955197760, 3955198000]
[3955198016, 3955198256]
[3955198272, 3955198512]
[3955198528, 3955198768]
[3955198784, 3955199024]
[3955199040, 3955199280]
[3955199296, 3955199536]
[3955199552, 3955199792]
[3955199808, 3955200000]
[3955200048, 3955200064]
[3955200304, 3955200320]
[3955200560, 3955200576]
[3955200816, 3955200832]
[3955201072, 3955201088]
[3955201328, 3955201344]
[3955201584, 3955201600]
[3955201840, 3955201856]
[3955202096, 3955202112]
[3955202352, 3955202368]
[3955202608, 3955202624]
[3955202864, 3955202880]
[3955203120, 3955203136]
[3955203376, 3955203392]
[3955203632, 3955203648]
[3955203888, 3955203904]
[3955204144, 3955204160]
[3955204400, 3955204416]
[3955204656, 3955204672]
[3955204912, 3955204928]
[3955205168, 3955205184]
[3955205424, 3955205440]
[3955205680, 3955205696]
[3955205936, 3955205952]
[3955206192, 3955206208]
[3955206448, 3955206464]
[3955206704, 3955206720]
[3955206960, 3955206976]
[3955207216, 3955207232]
[3955207472, 3955207488]
[3955207728, 3955207744]
[3955207984, 3955208000]
[3955208240, 3955208256]
[3955208496, 3955208512]
[3955208752, 3955208768]
[3955209008, 3955209024]
[3955209264, 3955209280]
[3955209520, 3955209536]
[3955209776, 3955209792]
[3955210032, 3955210048]
[3955210288, 3955210304]
[3955210544, 3955210560]
[3955210800, 3955210816]
[3955211056, 3955211072]
[3955211312, 3955211328]
[3955211568, 3955211584]
[3955211824, 3955211840]
[3955212080, 3955212096]
[3955212336, 3955212352]
[3955212592, 3955212608]
[3955212848, 3955212864]
[3955213104, 3955213120]
[3955213360, 3955213376]
[3955213616, 3955213632]
[3955213872, 3955213888]
[3955214128, 3955214144]
[3955214384, 3955214400]
[3955214640, 3955214656]
[3955214896, 3955214912]
[3955215152, 3955215168]
[3955215408, 3955215424]
[3955215664, 3955215680]
[3955215920, 3955215936]
[3955216176, 3955216192]
[3955216432, 3955216448]
[3955216688, 3955216704]
[3955216944, 3955216960]
[3955217200, 3955217216]
[3955217456, 3955217472]
[3955217712, 3955217728]
[3955217968, 3955217984]
[3955218224, 3955218240]
[3955218480, 3955218496]
[3955218736, 3955218752]
[3955218992, 3955219008]
[3955219248, 3955219264]
[3955219504, 3955219520]
[3955219760, 3955219776]
[3955220016, 3955220032]
[3955220272, 3955220288]
[3955220528, 3955220544]
[3955220784, 3955220800]
[3955221040, 3955221056]
[3955221296, 3955221312]
[3955221552, 3955221568]
[3955221808, 3955221824]
[3955222064, 3955222080]
[3955222320, 3955222336]
[3955222576, 3955222592]
[3955222832, 3955222848]
[3955223088, 3955223104]
[3955223344, 3955223360]
[3955223600, 3955223616]
[3955223856, 3955223872]
[3955224112, 3955224128]
[3955224368, 3955224384]
[3955224624, 3955224640]
[3955224880, 3955224896]
[3955225136, 3955225152]
[3955225392, 3955225408]
[3955225648, 3955225664]
[3955225904, 3955225920]
[3955226160, 3955226176]
[3955226416, 3955226432]
[3955226672, 3955226688]
[3955226928, 3955226944]
[3955227184, 3955227200]
[3955227440, 3955227456]
[3955227696, 3955227712]
[3955227952, 3955227968]
[3955228208, 3955228224]
[3955228464, 3955228480]
[3955228672, 3956277248]
[3957325824, 3959422976]
