[4194304000, 4194365568]
[4194365696, 4194365824]
[4194365952, 4194366080]
[4194366208, 4194366336]
[4194366464, 4194366592]
[4194366720, 4194366848]
[4194366976, 4194367104]
[4194367232, 4194367360]
[4194367488, 4194367616]
[4194367744, 4194367872]
[4194368000, 4194368128]
[4194368256, 4194368384]
[4194368512, 4194368640]
[4194368768, 4194368896]
[4194369024, 4194369152]
[4194369280, 4194369408]
[4194369536, 4194431104]
[4194431232, 4194431360]
[4194431488, 4194431616]
[4194431744, 4194431872]
[4194432000, 4194432128]
[4194432256, 4194432384]
[4194432512, 4194432640]
[4194432768, 4194432896]
[4194433024, 4194433152]
[4194433280, 4194433408]
[4194433536, 4194433664]
[4194433792, 4194433920]
[4194434048, 4194434176]
[4194434304, 4194434432]
[4194434560, 4194434688]
[4194434816, 4194434944]
[4194435072, 4194496640]
[4194496768, 4194496896]
[4194497024, 4194497152]
[4194497280, 4194497408]
[4194497536, 4194497664]
[4194497792, 4194497920]
[4194498048, 4194498176]
[4194498304, 4194498432]
[4194498560, 4194498688]
[4194498816, 4194498944]
[4194499072, 4194499200]
[4194499328, 4194499456]
[4194499584, 4194499712]
[4194499840, 4194499968]
[4194500096, 4194500224]
[4194500352, 4194500480]
[4194500608, 4194562176]
[4194562304, 4194562432]
[4194562560, 4194562688]
[4194562816, 4194562944]
[4194563072, 4194563200]
[4194563328, 4194563456]
[4194563584, 4194563712]
[4194563840, 4194563968]
[4194564096, 4194564224]
[4194564352, 4194564480]
[4194564608, 4194564736]
[4194564864, 4194564992]
[4194565120, 4194565248]
[4194565376, 4194565504]
[4194565632, 4194565760]
[4194565888, 4194566016]
[4194566144, 4194627712]
[4194627840, 4194627968]
[4194628096, 4194628224]
[4194628352, 4194628480]
[4194628608, 4194628736]
[4194628864, 4194628992]
[4194629120, 4194629248]
[4194629376, 4194629504]
[4194629632, 4194629760]
[4194629888, 4194630016]
[4194630144, 4194630272]
[4194630400, 4194630528]
[4194630656, 4194630784]
[4194630912, 4194631040]
[4194631168, 4194631296]
[4194631424, 4194631552]
[4194631680, 4194693248]
[4194693376, 4194693504]
[4194693632, 4194693760]
[4194693888, 4194694016]
[4194694144, 4194694272]
[4194694400, 4194694528]
[4194694656, 4194694784]
[4194694912, 4194695040]
[4194695168, 4194695296]
[4194695424, 4194695552]
[4194695680, 4194695808]
[4194695936, 4194696064]
[4194696192, 4194696320]
[4194696448, 4194696576]
[4194696704, 4194696832]
[4194696960, 4194697088]
[4194697216, 4194758784]
[4194758912, 4194759040]
[4194759168, 4194759296]
[4194759424, 4194759552]
[4194759680, 4194759808]
[4194759936, 4194760064]
[4194760192, 4194760320]
[4194760448, 4194760576]
[4194760704, 4194760832]
[4194760960, 4194761088]
[4194761216, 4194761344]
[4194761472, 4194761600]
[4194761728, 4194761856]
[4194761984, 4194762112]
[4194762240, 4194762368]
[4194762496, 4194762624]
[4194762752, 4194824320]
[4194824448, 4194824576]
[4194824704, 4194824832]
[4194824960, 4194825088]
[4194825216, 4194825344]
[4194825472, 4194825600]
[4194825728, 4194825856]
[4194825984, 4194826112]
[4194826240, 4194826368]
[4194826496, 4194826624]
[4194826752, 4194826880]
[4194827008, 4194827136]
[4194827264, 4194827392]
[4194827520, 4194827648]
[4194827776, 4194827904]
[4194828032, 4194828160]
[4194828288, 4194889856]
[4194889984, 4194890112]
[4194890240, 4194890368]
[4194890496, 4194890624]
[4194890752, 4194890880]
[4194891008, 4194891136]
[4194891264, 4194891392]
[4194891520, 4194891648]
[4194891776, 4194891904]
[4194892032, 4194892160]
[4194892288, 4194892416]
[4194892544, 4194892672]
[4194892800, 4194892928]
[4194893056, 4194893184]
[4194893312, 4194893440]
[4194893568, 4194893696]
[4194893824, 4194955392]
[4194955520, 4194955648]
[4194955776, 4194955904]
[4194956032, 4194956160]
[4194956288, 4194956416]
[4194956544, 4194956672]
[4194956800, 4194956928]
[4194957056, 4194957184]
[4194957312, 4194957440]
[4194957568, 4194957696]
[4194957824, 4194957952]
[4194958080, 4194958208]
[4194958336, 4194958464]
[4194958592, 4194958720]
[4194958848, 4194958976]
[4194959104, 4194959232]
[4194959360, 4195020928]
[4195021056, 4195021184]
[4195021312, 4195021440]
[4195021568, 4195021696]
[4195021824, 4195021952]
[4195022080, 4195022208]
[4195022336, 4195022464]
[4195022592, 4195022720]
[4195022848, 4195022976]
[4195023104, 4195023232]
[4195023360, 4195023488]
[4195023616, 4195023744]
[4195023872, 4195024000]
[4195024128, 4195024256]
[4195024384, 4195024512]
[4195024640, 4195024768]
[4195024896, 4195086464]
[4195086592, 4195086720]
[4195086848, 4195086976]
[4195087104, 4195087232]
[4195087360, 4195087488]
[4195087616, 4195087744]
[4195087872, 4195088000]
[4195088128, 4195088256]
[4195088384, 4195088512]
[4195088640, 4195088768]
[4195088896, 4195089024]
[4195089152, 4195089280]
[4195089408, 4195089536]
[4195089664, 4195089792]
[4195089920, 4195090048]
[4195090176, 4195090304]
[4195090432, 4195152000]
[4195152128, 4195152256]
[4195152384, 4195152512]
[4195152640, 4195152768]
[4195152896, 4195153024]
[4195153152, 4195153280]
[4195153408, 4195153536]
[4195153664, 4195153792]
[4195153920, 4195154048]
[4195154176, 4195154304]
[4195154432, 4195154560]
[4195154688, 4195154816]
[4195154944, 4195155072]
[4195155200, 4195155328]
[4195155456, 4195155584]
[4195155712, 4195155840]
[4195155968, 4195217536]
[4195217664, 4195217792]
[4195217920, 4195218048]
[4195218176, 4195218304]
[4195218432, 4195218560]
[4195218688, 4195218816]
[4195218944, 4195219072]
[4195219200, 4195219328]
[4195219456, 4195219584]
[4195219712, 4195219840]
[4195219968, 4195220096]
[4195220224, 4195220352]
[4195220480, 4195220608]
[4195220736, 4195220864]
[4195220992, 4195221120]
[4195221248, 4195221376]
[4195221504, 4195283072]
[4195283200, 4195283328]
[4195283456, 4195283584]
[4195283712, 4195283840]
[4195283968, 4195284096]
[4195284224, 4195284352]
[4195284480, 4195284608]
[4195284736, 4195284864]
[4195284992, 4195285120]
[4195285248, 4195285376]
[4195285504, 4195285632]
[4195285760, 4195285888]
[4195286016, 4195286144]
[4195286272, 4195286400]
[4195286528, 4195286656]
[4195286784, 4195286912]
[4195287040, 4195348608]
[4195348736, 4195348864]
[4195348992, 4195349120]
[4195349248, 4195349376]
[4195349504, 4195349632]
[4195349760, 4195349888]
[4195350016, 4195350144]
[4195350272, 4195350400]
[4195350528, 4195350656]
[4195350784, 4195350912]
[4195351040, 4195351168]
[4195351296, 4195351424]
[4195351552, 4195351680]
[4195351808, 4195351936]
[4195352064, 4195352192]
[4195352320, 4195352448]
[4195352576, 4195414016]
[4195414032, 4195414144]
[4195414288, 4195414400]
[4195414544, 4195414656]
[4195414800, 4195414912]
[4195415056, 4195415168]
[4195415312, 4195415424]
[4195415568, 4195415680]
[4195415824, 4195415936]
[4195416080, 4195416192]
[4195416336, 4195416448]
[4195416592, 4195416704]
[4195416848, 4195416960]
[4195417104, 4195417216]
[4195417360, 4195417472]
[4195417616, 4195417728]
[4195417872, 4195417984]
[4195418112, 4195479552]
[4195479568, 4195479680]
[4195479824, 4195479936]
[4195480080, 4195480192]
[4195480336, 4195480448]
[4195480592, 4195480704]
[4195480848, 4195480960]
[4195481104, 4195481216]
[4195481360, 4195481472]
[4195481616, 4195481728]
[4195481872, 4195481984]
[4195482128, 4195482240]
[4195482384, 4195482496]
[4195482640, 4195482752]
[4195482896, 4195483008]
[4195483152, 4195483264]
[4195483408, 4195483520]
[4195483648, 4195545088]
[4195545104, 4195545216]
[4195545360, 4195545472]
[4195545616, 4195545728]
[4195545872, 4195545984]
[4195546128, 4195546240]
[4195546384, 4195546496]
[4195546640, 4195546752]
[4195546896, 4195547008]
[4195547152, 4195547264]
[4195547408, 4195547520]
[4195547664, 4195547776]
[4195547920, 4195548032]
[4195548176, 4195548288]
[4195548432, 4195548544]
[4195548688, 4195548800]
[4195548944, 4195549056]
[4195549184, 4195610624]
[4195610640, 4195610752]
[4195610896, 4195611008]
[4195611152, 4195611264]
[4195611408, 4195611520]
[4195611664, 4195611776]
[4195611920, 4195612032]
[4195612176, 4195612288]
[4195612432, 4195612544]
[4195612688, 4195612800]
[4195612944, 4195613056]
[4195613200, 4195613312]
[4195613456, 4195613568]
[4195613712, 4195613824]
[4195613968, 4195614080]
[4195614224, 4195614336]
[4195614480, 4195614592]
[4195614720, 4195676160]
[4195676176, 4195676288]
[4195676432, 4195676544]
[4195676688, 4195676800]
[4195676944, 4195677056]
[4195677200, 4195677312]
[4195677456, 4195677568]
[4195677712, 4195677824]
[4195677968, 4195678080]
[4195678224, 4195678336]
[4195678480, 4195678592]
[4195678736, 4195678848]
[4195678992, 4195679104]
[4195679248, 4195679360]
[4195679504, 4195679616]
[4195679760, 4195679872]
[4195680016, 4195680128]
[4195680256, 4195741696]
[4195741712, 4195741824]
[4195741968, 4195742080]
[4195742224, 4195742336]
[4195742480, 4195742592]
[4195742736, 4195742848]
[4195742992, 4195743104]
[4195743248, 4195743360]
[4195743504, 4195743616]
[4195743760, 4195743872]
[4195744016, 4195744128]
[4195744272, 4195744384]
[4195744528, 4195744640]
[4195744784, 4195744896]
[4195745040, 4195745152]
[4195745296, 4195745408]
[4195745552, 4195745664]
[4195745792, 4195807232]
[4195807248, 4195807360]
[4195807504, 4195807616]
[4195807760, 4195807872]
[4195808016, 4195808128]
[4195808272, 4195808384]
[4195808528, 4195808640]
[4195808784, 4195808896]
[4195809040, 4195809152]
[4195809296, 4195809408]
[4195809552, 4195809664]
[4195809808, 4195809920]
[4195810064, 4195810176]
[4195810320, 4195810432]
[4195810576, 4195810688]
[4195810832, 4195810944]
[4195811088, 4195811200]
[4195811328, 4195872768]
[4195872784, 4195872896]
[4195873040, 4195873152]
[4195873296, 4195873408]
[4195873552, 4195873664]
[4195873808, 4195873920]
[4195874064, 4195874176]
[4195874320, 4195874432]
[4195874576, 4195874688]
[4195874832, 4195874944]
[4195875088, 4195875200]
[4195875344, 4195875456]
[4195875600, 4195875712]
[4195875856, 4195875968]
[4195876112, 4195876224]
[4195876368, 4195876480]
[4195876624, 4195876736]
[4195876864, 4195938304]
[4195938320, 4195938432]
[4195938576, 4195938688]
[4195938832, 4195938944]
[4195939088, 4195939200]
[4195939344, 4195939456]
[4195939600, 4195939712]
[4195939856, 4195939968]
[4195940112, 4195940224]
[4195940368, 4195940480]
[4195940624, 4195940736]
[4195940880, 4195940992]
[4195941136, 4195941248]
[4195941392, 4195941504]
[4195941648, 4195941760]
[4195941904, 4195942016]
[4195942160, 4195942272]
[4195942400, 4196003840]
[4196003856, 4196003968]
[4196004112, 4196004224]
[4196004368, 4196004480]
[4196004624, 4196004736]
[4196004880, 4196004992]
[4196005136, 4196005248]
[4196005392, 4196005504]
[4196005648, 4196005760]
[4196005904, 4196006016]
[4196006160, 4196006272]
[4196006416, 4196006528]
[4196006672, 4196006784]
[4196006928, 4196007040]
[4196007184, 4196007296]
[4196007440, 4196007552]
[4196007696, 4196007808]
[4196007936, 4196069376]
[4196069392, 4196069504]
[4196069648, 4196069760]
[4196069904, 4196070016]
[4196070160, 4196070272]
[4196070416, 4196070528]
[4196070672, 4196070784]
[4196070928, 4196071040]
[4196071184, 4196071296]
[4196071440, 4196071552]
[4196071696, 4196071808]
[4196071952, 4196072064]
[4196072208, 4196072320]
[4196072464, 4196072576]
[4196072720, 4196072832]
[4196072976, 4196073088]
[4196073232, 4196073344]
[4196073472, 4196134912]
[4196134928, 4196135040]
[4196135184, 4196135296]
[4196135440, 4196135552]
[4196135696, 4196135808]
[4196135952, 4196136064]
[4196136208, 4196136320]
[4196136464, 4196136576]
[4196136720, 4196136832]
[4196136976, 4196137088]
[4196137232, 4196137344]
[4196137488, 4196137600]
[4196137744, 4196137856]
[4196138000, 4196138112]
[4196138256, 4196138368]
[4196138512, 4196138624]
[4196138768, 4196138880]
[4196139008, 4196200448]
[4196200464, 4196200576]
[4196200720, 4196200832]
[4196200976, 4196201088]
[4196201232, 4196201344]
[4196201488, 4196201600]
[4196201744, 4196201856]
[4196202000, 4196202112]
[4196202256, 4196202368]
[4196202512, 4196202624]
[4196202768, 4196202880]
[4196203024, 4196203136]
[4196203280, 4196203392]
[4196203536, 4196203648]
[4196203792, 4196203904]
[4196204048, 4196204160]
[4196204304, 4196204416]
[4196204544, 4196265984]
[4196266000, 4196266112]
[4196266256, 4196266368]
[4196266512, 4196266624]
[4196266768, 4196266880]
[4196267024, 4196267136]
[4196267280, 4196267392]
[4196267536, 4196267648]
[4196267792, 4196267904]
[4196268048, 4196268160]
[4196268304, 4196268416]
[4196268560, 4196268672]
[4196268816, 4196268928]
[4196269072, 4196269184]
[4196269328, 4196269440]
[4196269584, 4196269696]
[4196269840, 4196269952]
[4196270080, 4196331520]
[4196331536, 4196331648]
[4196331792, 4196331904]
[4196332048, 4196332160]
[4196332304, 4196332416]
[4196332560, 4196332672]
[4196332816, 4196332928]
[4196333072, 4196333184]
[4196333328, 4196333440]
[4196333584, 4196333696]
[4196333840, 4196333952]
[4196334096, 4196334208]
[4196334352, 4196334464]
[4196334608, 4196334720]
[4196334864, 4196334976]
[4196335120, 4196335232]
[4196335376, 4196335488]
[4196335616, 4196397056]
[4196397072, 4196397184]
[4196397328, 4196397440]
[4196397584, 4196397696]
[4196397840, 4196397952]
[4196398096, 4196398208]
[4196398352, 4196398464]
[4196398608, 4196398720]
[4196398864, 4196398976]
[4196399120, 4196399232]
[4196399376, 4196399488]
[4196399632, 4196399744]
[4196399888, 4196400000]
[4196400144, 4196400256]
[4196400400, 4196400512]
[4196400656, 4196400768]
[4196400912, 4196401024]
[4196401152, 4196462720]
[4196462848, 4196462976]
[4196463104, 4196463232]
[4196463360, 4196463488]
[4196463616, 4196463744]
[4196463872, 4196464000]
[4196464128, 4196464256]
[4196464384, 4196464512]
[4196464640, 4196464768]
[4196464896, 4196465024]
[4196465152, 4196465280]
[4196465408, 4196465536]
[4196465664, 4196465792]
[4196465920, 4196466048]
[4196466176, 4196466304]
[4196466432, 4196466560]
[4196466688, 4196528256]
[4196528384, 4196528512]
[4196528640, 4196528768]
[4196528896, 4196529024]
[4196529152, 4196529280]
[4196529408, 4196529536]
[4196529664, 4196529792]
[4196529920, 4196530048]
[4196530176, 4196530304]
[4196530432, 4196530560]
[4196530688, 4196530816]
[4196530944, 4196531072]
[4196531200, 4196531328]
[4196531456, 4196531584]
[4196531712, 4196531840]
[4196531968, 4196532096]
[4196532224, 4196593792]
[4196593920, 4196594048]
[4196594176, 4196594304]
[4196594432, 4196594560]
[4196594688, 4196594816]
[4196594944, 4196595072]
[4196595200, 4196595328]
[4196595456, 4196595584]
[4196595712, 4196595840]
[4196595968, 4196596096]
[4196596224, 4196596352]
[4196596480, 4196596608]
[4196596736, 4196596864]
[4196596992, 4196597120]
[4196597248, 4196597376]
[4196597504, 4196597632]
[4196597760, 4196659328]
[4196659456, 4196659584]
[4196659712, 4196659840]
[4196659968, 4196660096]
[4196660224, 4196660352]
[4196660480, 4196660608]
[4196660736, 4196660864]
[4196660992, 4196661120]
[4196661248, 4196661376]
[4196661504, 4196661632]
[4196661760, 4196661888]
[4196662016, 4196662144]
[4196662272, 4196662400]
[4196662528, 4196662656]
[4196662784, 4196662912]
[4196663040, 4196663168]
[4196663296, 4196724864]
[4196724992, 4196725120]
[4196725248, 4196725376]
[4196725504, 4196725632]
[4196725760, 4196725888]
[4196726016, 4196726144]
[4196726272, 4196726400]
[4196726528, 4196726656]
[4196726784, 4196726912]
[4196727040, 4196727168]
[4196727296, 4196727424]
[4196727552, 4196727680]
[4196727808, 4196727936]
[4196728064, 4196728192]
[4196728320, 4196728448]
[4196728576, 4196728704]
[4196728832, 4196790400]
[4196790528, 4196790656]
[4196790784, 4196790912]
[4196791040, 4196791168]
[4196791296, 4196791424]
[4196791552, 4196791680]
[4196791808, 4196791936]
[4196792064, 4196792192]
[4196792320, 4196792448]
[4196792576, 4196792704]
[4196792832, 4196792960]
[4196793088, 4196793216]
[4196793344, 4196793472]
[4196793600, 4196793728]
[4196793856, 4196793984]
[4196794112, 4196794240]
[4196794368, 4196855936]
[4196856064, 4196856192]
[4196856320, 4196856448]
[4196856576, 4196856704]
[4196856832, 4196856960]
[4196857088, 4196857216]
[4196857344, 4196857472]
[4196857600, 4196857728]
[4196857856, 4196857984]
[4196858112, 4196858240]
[4196858368, 4196858496]
[4196858624, 4196858752]
[4196858880, 4196859008]
[4196859136, 4196859264]
[4196859392, 4196859520]
[4196859648, 4196859776]
[4196859904, 4196921472]
[4196921600, 4196921728]
[4196921856, 4196921984]
[4196922112, 4196922240]
[4196922368, 4196922496]
[4196922624, 4196922752]
[4196922880, 4196923008]
[4196923136, 4196923264]
[4196923392, 4196923520]
[4196923648, 4196923776]
[4196923904, 4196924032]
[4196924160, 4196924288]
[4196924416, 4196924544]
[4196924672, 4196924800]
[4196924928, 4196925056]
[4196925184, 4196925312]
[4196925440, 4196987008]
[4196987136, 4196987264]
[4196987392, 4196987520]
[4196987648, 4196987776]
[4196987904, 4196988032]
[4196988160, 4196988288]
[4196988416, 4196988544]
[4196988672, 4196988800]
[4196988928, 4196989056]
[4196989184, 4196989312]
[4196989440, 4196989568]
[4196989696, 4196989824]
[4196989952, 4196990080]
[4196990208, 4196990336]
[4196990464, 4196990592]
[4196990720, 4196990848]
[4196990976, 4197052544]
[4197052672, 4197052800]
[4197052928, 4197053056]
[4197053184, 4197053312]
[4197053440, 4197053568]
[4197053696, 4197053824]
[4197053952, 4197054080]
[4197054208, 4197054336]
[4197054464, 4197054592]
[4197054720, 4197054848]
[4197054976, 4197055104]
[4197055232, 4197055360]
[4197055488, 4197055616]
[4197055744, 4197055872]
[4197056000, 4197056128]
[4197056256, 4197056384]
[4197056512, 4197118080]
[4197118208, 4197118336]
[4197118464, 4197118592]
[4197118720, 4197118848]
[4197118976, 4197119104]
[4197119232, 4197119360]
[4197119488, 4197119616]
[4197119744, 4197119872]
[4197120000, 4197120128]
[4197120256, 4197120384]
[4197120512, 4197120640]
[4197120768, 4197120896]
[4197121024, 4197121152]
[4197121280, 4197121408]
[4197121536, 4197121664]
[4197121792, 4197121920]
[4197122048, 4197183616]
[4197183744, 4197183872]
[4197184000, 4197184128]
[4197184256, 4197184384]
[4197184512, 4197184640]
[4197184768, 4197184896]
[4197185024, 4197185152]
[4197185280, 4197185408]
[4197185536, 4197185664]
[4197185792, 4197185920]
[4197186048, 4197186176]
[4197186304, 4197186432]
[4197186560, 4197186688]
[4197186816, 4197186944]
[4197187072, 4197187200]
[4197187328, 4197187456]
[4197187584, 4197249152]
[4197249280, 4197249408]
[4197249536, 4197249664]
[4197249792, 4197249920]
[4197250048, 4197250176]
[4197250304, 4197250432]
[4197250560, 4197250688]
[4197250816, 4197250944]
[4197251072, 4197251200]
[4197251328, 4197251456]
[4197251584, 4197251712]
[4197251840, 4197251968]
[4197252096, 4197252224]
[4197252352, 4197252480]
[4197252608, 4197252736]
[4197252864, 4197252992]
[4197253120, 4197314688]
[4197314816, 4197314944]
[4197315072, 4197315200]
[4197315328, 4197315456]
[4197315584, 4197315712]
[4197315840, 4197315968]
[4197316096, 4197316224]
[4197316352, 4197316480]
[4197316608, 4197316736]
[4197316864, 4197316992]
[4197317120, 4197317248]
[4197317376, 4197317504]
[4197317632, 4197317760]
[4197317888, 4197318016]
[4197318144, 4197318272]
[4197318400, 4197318528]
[4197318656, 4197380224]
[4197380352, 4197380480]
[4197380608, 4197380736]
[4197380864, 4197380992]
[4197381120, 4197381248]
[4197381376, 4197381504]
[4197381632, 4197381760]
[4197381888, 4197382016]
[4197382144, 4197382272]
[4197382400, 4197382528]
[4197382656, 4197382784]
[4197382912, 4197383040]
[4197383168, 4197383296]
[4197383424, 4197383552]
[4197383680, 4197383808]
[4197383936, 4197384064]
[4197384192, 4197445760]
[4197445888, 4197446016]
[4197446144, 4197446272]
[4197446400, 4197446528]
[4197446656, 4197446784]
[4197446912, 4197447040]
[4197447168, 4197447296]
[4197447424, 4197447552]
[4197447680, 4197447808]
[4197447936, 4197448064]
[4197448192, 4197448320]
[4197448448, 4197448576]
[4197448704, 4197448832]
[4197448960, 4197449088]
[4197449216, 4197449344]
[4197449472, 4197449600]
[4197449728, 4197511168]
[4197511184, 4197511296]
[4197511440, 4197511552]
[4197511696, 4197511808]
[4197511952, 4197512064]
[4197512208, 4197512320]
[4197512464, 4197512576]
[4197512720, 4197512832]
[4197512976, 4197513088]
[4197513232, 4197513344]
[4197513488, 4197513600]
[4197513744, 4197513856]
[4197514000, 4197514112]
[4197514256, 4197514368]
[4197514512, 4197514624]
[4197514768, 4197514880]
[4197515024, 4197515136]
[4197515264, 4197576704]
[4197576720, 4197576832]
[4197576976, 4197577088]
[4197577232, 4197577344]
[4197577488, 4197577600]
[4197577744, 4197577856]
[4197578000, 4197578112]
[4197578256, 4197578368]
[4197578512, 4197578624]
[4197578768, 4197578880]
[4197579024, 4197579136]
[4197579280, 4197579392]
[4197579536, 4197579648]
[4197579792, 4197579904]
[4197580048, 4197580160]
[4197580304, 4197580416]
[4197580560, 4197580672]
[4197580800, 4197642240]
[4197642256, 4197642368]
[4197642512, 4197642624]
[4197642768, 4197642880]
[4197643024, 4197643136]
[4197643280, 4197643392]
[4197643536, 4197643648]
[4197643792, 4197643904]
[4197644048, 4197644160]
[4197644304, 4197644416]
[4197644560, 4197644672]
[4197644816, 4197644928]
[4197645072, 4197645184]
[4197645328, 4197645440]
[4197645584, 4197645696]
[4197645840, 4197645952]
[4197646096, 4197646208]
[4197646336, 4197707776]
[4197707792, 4197707904]
[4197708048, 4197708160]
[4197708304, 4197708416]
[4197708560, 4197708672]
[4197708816, 4197708928]
[4197709072, 4197709184]
[4197709328, 4197709440]
[4197709584, 4197709696]
[4197709840, 4197709952]
[4197710096, 4197710208]
[4197710352, 4197710464]
[4197710608, 4197710720]
[4197710864, 4197710976]
[4197711120, 4197711232]
[4197711376, 4197711488]
[4197711632, 4197711744]
[4197711872, 4197773312]
[4197773328, 4197773440]
[4197773584, 4197773696]
[4197773840, 4197773952]
[4197774096, 4197774208]
[4197774352, 4197774464]
[4197774608, 4197774720]
[4197774864, 4197774976]
[4197775120, 4197775232]
[4197775376, 4197775488]
[4197775632, 4197775744]
[4197775888, 4197776000]
[4197776144, 4197776256]
[4197776400, 4197776512]
[4197776656, 4197776768]
[4197776912, 4197777024]
[4197777168, 4197777280]
[4197777408, 4197838848]
[4197838864, 4197838976]
[4197839120, 4197839232]
[4197839376, 4197839488]
[4197839632, 4197839744]
[4197839888, 4197840000]
[4197840144, 4197840256]
[4197840400, 4197840512]
[4197840656, 4197840768]
[4197840912, 4197841024]
[4197841168, 4197841280]
[4197841424, 4197841536]
[4197841680, 4197841792]
[4197841936, 4197842048]
[4197842192, 4197842304]
[4197842448, 4197842560]
[4197842704, 4197842816]
[4197842944, 4197904384]
[4197904400, 4197904512]
[4197904656, 4197904768]
[4197904912, 4197905024]
[4197905168, 4197905280]
[4197905424, 4197905536]
[4197905680, 4197905792]
[4197905936, 4197906048]
[4197906192, 4197906304]
[4197906448, 4197906560]
[4197906704, 4197906816]
[4197906960, 4197907072]
[4197907216, 4197907328]
[4197907472, 4197907584]
[4197907728, 4197907840]
[4197907984, 4197908096]
[4197908240, 4197908352]
[4197908480, 4197969920]
[4197969936, 4197970048]
[4197970192, 4197970304]
[4197970448, 4197970560]
[4197970704, 4197970816]
[4197970960, 4197971072]
[4197971216, 4197971328]
[4197971472, 4197971584]
[4197971728, 4197971840]
[4197971984, 4197972096]
[4197972240, 4197972352]
[4197972496, 4197972608]
[4197972752, 4197972864]
[4197973008, 4197973120]
[4197973264, 4197973376]
[4197973520, 4197973632]
[4197973776, 4197973888]
[4197974016, 4198035456]
[4198035472, 4198035584]
[4198035728, 4198035840]
[4198035984, 4198036096]
[4198036240, 4198036352]
[4198036496, 4198036608]
[4198036752, 4198036864]
[4198037008, 4198037120]
[4198037264, 4198037376]
[4198037520, 4198037632]
[4198037776, 4198037888]
[4198038032, 4198038144]
[4198038288, 4198038400]
[4198038544, 4198038656]
[4198038800, 4198038912]
[4198039056, 4198039168]
[4198039312, 4198039424]
[4198039552, 4198100992]
[4198101008, 4198101120]
[4198101264, 4198101376]
[4198101520, 4198101632]
[4198101776, 4198101888]
[4198102032, 4198102144]
[4198102288, 4198102400]
[4198102544, 4198102656]
[4198102800, 4198102912]
[4198103056, 4198103168]
[4198103312, 4198103424]
[4198103568, 4198103680]
[4198103824, 4198103936]
[4198104080, 4198104192]
[4198104336, 4198104448]
[4198104592, 4198104704]
[4198104848, 4198104960]
[4198105088, 4198166528]
[4198166544, 4198166656]
[4198166800, 4198166912]
[4198167056, 4198167168]
[4198167312, 4198167424]
[4198167568, 4198167680]
[4198167824, 4198167936]
[4198168080, 4198168192]
[4198168336, 4198168448]
[4198168592, 4198168704]
[4198168848, 4198168960]
[4198169104, 4198169216]
[4198169360, 4198169472]
[4198169616, 4198169728]
[4198169872, 4198169984]
[4198170128, 4198170240]
[4198170384, 4198170496]
[4198170624, 4198232064]
[4198232080, 4198232192]
[4198232336, 4198232448]
[4198232592, 4198232704]
[4198232848, 4198232960]
[4198233104, 4198233216]
[4198233360, 4198233472]
[4198233616, 4198233728]
[4198233872, 4198233984]
[4198234128, 4198234240]
[4198234384, 4198234496]
[4198234640, 4198234752]
[4198234896, 4198235008]
[4198235152, 4198235264]
[4198235408, 4198235520]
[4198235664, 4198235776]
[4198235920, 4198236032]
[4198236160, 4198297600]
[4198297616, 4198297728]
[4198297872, 4198297984]
[4198298128, 4198298240]
[4198298384, 4198298496]
[4198298640, 4198298752]
[4198298896, 4198299008]
[4198299152, 4198299264]
[4198299408, 4198299520]
[4198299664, 4198299776]
[4198299920, 4198300032]
[4198300176, 4198300288]
[4198300432, 4198300544]
[4198300688, 4198300800]
[4198300944, 4198301056]
[4198301200, 4198301312]
[4198301456, 4198301568]
[4198301696, 4198363136]
[4198363152, 4198363264]
[4198363408, 4198363520]
[4198363664, 4198363776]
[4198363920, 4198364032]
[4198364176, 4198364288]
[4198364432, 4198364544]
[4198364688, 4198364800]
[4198364944, 4198365056]
[4198365200, 4198365312]
[4198365456, 4198365568]
[4198365712, 4198365824]
[4198365968, 4198366080]
[4198366224, 4198366336]
[4198366480, 4198366592]
[4198366736, 4198366848]
[4198366992, 4198367104]
[4198367232, 4198428672]
[4198428688, 4198428800]
[4198428944, 4198429056]
[4198429200, 4198429312]
[4198429456, 4198429568]
[4198429712, 4198429824]
[4198429968, 4198430080]
[4198430224, 4198430336]
[4198430480, 4198430592]
[4198430736, 4198430848]
[4198430992, 4198431104]
[4198431248, 4198431360]
[4198431504, 4198431616]
[4198431760, 4198431872]
[4198432016, 4198432128]
[4198432272, 4198432384]
[4198432528, 4198432640]
[4198432768, 4198494208]
[4198494224, 4198494336]
[4198494480, 4198494592]
[4198494736, 4198494848]
[4198494992, 4198495104]
[4198495248, 4198495360]
[4198495504, 4198495616]
[4198495760, 4198495872]
[4198496016, 4198496128]
[4198496272, 4198496384]
[4198496528, 4198496640]
[4198496784, 4198496896]
[4198497040, 4198497152]
[4198497296, 4198497408]
[4198497552, 4198497664]
[4198497808, 4198497920]
[4198498064, 4198498176]
[4198498304, 4198559872]
[4198560000, 4198560128]
[4198560256, 4198560384]
[4198560512, 4198560640]
[4198560768, 4198560896]
[4198561024, 4198561152]
[4198561280, 4198561408]
[4198561536, 4198561664]
[4198561792, 4198561920]
[4198562048, 4198562176]
[4198562304, 4198562432]
[4198562560, 4198562688]
[4198562816, 4198562944]
[4198563072, 4198563200]
[4198563328, 4198563456]
[4198563584, 4198563712]
[4198563840, 4198625408]
[4198625536, 4198625664]
[4198625792, 4198625920]
[4198626048, 4198626176]
[4198626304, 4198626432]
[4198626560, 4198626688]
[4198626816, 4198626944]
[4198627072, 4198627200]
[4198627328, 4198627456]
[4198627584, 4198627712]
[4198627840, 4198627968]
[4198628096, 4198628224]
[4198628352, 4198628480]
[4198628608, 4198628736]
[4198628864, 4198628992]
[4198629120, 4198629248]
[4198629376, 4198690944]
[4198691072, 4198691200]
[4198691328, 4198691456]
[4198691584, 4198691712]
[4198691840, 4198691968]
[4198692096, 4198692224]
[4198692352, 4198692480]
[4198692608, 4198692736]
[4198692864, 4198692992]
[4198693120, 4198693248]
[4198693376, 4198693504]
[4198693632, 4198693760]
[4198693888, 4198694016]
[4198694144, 4198694272]
[4198694400, 4198694528]
[4198694656, 4198694784]
[4198694912, 4198756480]
[4198756608, 4198756736]
[4198756864, 4198756992]
[4198757120, 4198757248]
[4198757376, 4198757504]
[4198757632, 4198757760]
[4198757888, 4198758016]
[4198758144, 4198758272]
[4198758400, 4198758528]
[4198758656, 4198758784]
[4198758912, 4198759040]
[4198759168, 4198759296]
[4198759424, 4198759552]
[4198759680, 4198759808]
[4198759936, 4198760064]
[4198760192, 4198760320]
[4198760448, 4198822016]
[4198822144, 4198822272]
[4198822400, 4198822528]
[4198822656, 4198822784]
[4198822912, 4198823040]
[4198823168, 4198823296]
[4198823424, 4198823552]
[4198823680, 4198823808]
[4198823936, 4198824064]
[4198824192, 4198824320]
[4198824448, 4198824576]
[4198824704, 4198824832]
[4198824960, 4198825088]
[4198825216, 4198825344]
[4198825472, 4198825600]
[4198825728, 4198825856]
[4198825984, 4198887552]
[4198887680, 4198887808]
[4198887936, 4198888064]
[4198888192, 4198888320]
[4198888448, 4198888576]
[4198888704, 4198888832]
[4198888960, 4198889088]
[4198889216, 4198889344]
[4198889472, 4198889600]
[4198889728, 4198889856]
[4198889984, 4198890112]
[4198890240, 4198890368]
[4198890496, 4198890624]
[4198890752, 4198890880]
[4198891008, 4198891136]
[4198891264, 4198891392]
[4198891520, 4198953088]
[4198953216, 4198953344]
[4198953472, 4198953600]
[4198953728, 4198953856]
[4198953984, 4198954112]
[4198954240, 4198954368]
[4198954496, 4198954624]
[4198954752, 4198954880]
[4198955008, 4198955136]
[4198955264, 4198955392]
[4198955520, 4198955648]
[4198955776, 4198955904]
[4198956032, 4198956160]
[4198956288, 4198956416]
[4198956544, 4198956672]
[4198956800, 4198956928]
[4198957056, 4199018624]
[4199018752, 4199018880]
[4199019008, 4199019136]
[4199019264, 4199019392]
[4199019520, 4199019648]
[4199019776, 4199019904]
[4199020032, 4199020160]
[4199020288, 4199020416]
[4199020544, 4199020672]
[4199020800, 4199020928]
[4199021056, 4199021184]
[4199021312, 4199021440]
[4199021568, 4199021696]
[4199021824, 4199021952]
[4199022080, 4199022208]
[4199022336, 4199022464]
[4199022592, 4199084160]
[4199084288, 4199084416]
[4199084544, 4199084672]
[4199084800, 4199084928]
[4199085056, 4199085184]
[4199085312, 4199085440]
[4199085568, 4199085696]
[4199085824, 4199085952]
[4199086080, 4199086208]
[4199086336, 4199086464]
[4199086592, 4199086720]
[4199086848, 4199086976]
[4199087104, 4199087232]
[4199087360, 4199087488]
[4199087616, 4199087744]
[4199087872, 4199088000]
[4199088128, 4199149696]
[4199149824, 4199149952]
[4199150080, 4199150208]
[4199150336, 4199150464]
[4199150592, 4199150720]
[4199150848, 4199150976]
[4199151104, 4199151232]
[4199151360, 4199151488]
[4199151616, 4199151744]
[4199151872, 4199152000]
[4199152128, 4199152256]
[4199152384, 4199152512]
[4199152640, 4199152768]
[4199152896, 4199153024]
[4199153152, 4199153280]
[4199153408, 4199153536]
[4199153664, 4199215232]
[4199215360, 4199215488]
[4199215616, 4199215744]
[4199215872, 4199216000]
[4199216128, 4199216256]
[4199216384, 4199216512]
[4199216640, 4199216768]
[4199216896, 4199217024]
[4199217152, 4199217280]
[4199217408, 4199217536]
[4199217664, 4199217792]
[4199217920, 4199218048]
[4199218176, 4199218304]
[4199218432, 4199218560]
[4199218688, 4199218816]
[4199218944, 4199219072]
[4199219200, 4199280768]
[4199280896, 4199281024]
[4199281152, 4199281280]
[4199281408, 4199281536]
[4199281664, 4199281792]
[4199281920, 4199282048]
[4199282176, 4199282304]
[4199282432, 4199282560]
[4199282688, 4199282816]
[4199282944, 4199283072]
[4199283200, 4199283328]
[4199283456, 4199283584]
[4199283712, 4199283840]
[4199283968, 4199284096]
[4199284224, 4199284352]
[4199284480, 4199284608]
[4199284736, 4199346304]
[4199346432, 4199346560]
[4199346688, 4199346816]
[4199346944, 4199347072]
[4199347200, 4199347328]
[4199347456, 4199347584]
[4199347712, 4199347840]
[4199347968, 4199348096]
[4199348224, 4199348352]
[4199348480, 4199348608]
[4199348736, 4199348864]
[4199348992, 4199349120]
[4199349248, 4199349376]
[4199349504, 4199349632]
[4199349760, 4199349888]
[4199350016, 4199350144]
[4199350272, 4199411840]
[4199411968, 4199412096]
[4199412224, 4199412352]
[4199412480, 4199412608]
[4199412736, 4199412864]
[4199412992, 4199413120]
[4199413248, 4199413376]
[4199413504, 4199413632]
[4199413760, 4199413888]
[4199414016, 4199414144]
[4199414272, 4199414400]
[4199414528, 4199414656]
[4199414784, 4199414912]
[4199415040, 4199415168]
[4199415296, 4199415424]
[4199415552, 4199415680]
[4199415808, 4199477376]
[4199477504, 4199477632]
[4199477760, 4199477888]
[4199478016, 4199478144]
[4199478272, 4199478400]
[4199478528, 4199478656]
[4199478784, 4199478912]
[4199479040, 4199479168]
[4199479296, 4199479424]
[4199479552, 4199479680]
[4199479808, 4199479936]
[4199480064, 4199480192]
[4199480320, 4199480448]
[4199480576, 4199480704]
[4199480832, 4199480960]
[4199481088, 4199481216]
[4199481344, 4199542912]
[4199543040, 4199543168]
[4199543296, 4199543424]
[4199543552, 4199543680]
[4199543808, 4199543936]
[4199544064, 4199544192]
[4199544320, 4199544448]
[4199544576, 4199544704]
[4199544832, 4199544960]
[4199545088, 4199545216]
[4199545344, 4199545472]
[4199545600, 4199545728]
[4199545856, 4199545984]
[4199546112, 4199546240]
[4199546368, 4199546496]
[4199546624, 4199546752]
[4199546880, 4199608320]
[4199608336, 4199608448]
[4199608592, 4199608704]
[4199608848, 4199608960]
[4199609104, 4199609216]
[4199609360, 4199609472]
[4199609616, 4199609728]
[4199609872, 4199609984]
[4199610128, 4199610240]
[4199610384, 4199610496]
[4199610640, 4199610752]
[4199610896, 4199611008]
[4199611152, 4199611264]
[4199611408, 4199611520]
[4199611664, 4199611776]
[4199611920, 4199612032]
[4199612176, 4199612288]
[4199612416, 4199673856]
[4199673872, 4199673984]
[4199674128, 4199674240]
[4199674384, 4199674496]
[4199674640, 4199674752]
[4199674896, 4199675008]
[4199675152, 4199675264]
[4199675408, 4199675520]
[4199675664, 4199675776]
[4199675920, 4199676032]
[4199676176, 4199676288]
[4199676432, 4199676544]
[4199676688, 4199676800]
[4199676944, 4199677056]
[4199677200, 4199677312]
[4199677456, 4199677568]
[4199677712, 4199677824]
[4199677952, 4199739392]
[4199739408, 4199739520]
[4199739664, 4199739776]
[4199739920, 4199740032]
[4199740176, 4199740288]
[4199740432, 4199740544]
[4199740688, 4199740800]
[4199740944, 4199741056]
[4199741200, 4199741312]
[4199741456, 4199741568]
[4199741712, 4199741824]
[4199741968, 4199742080]
[4199742224, 4199742336]
[4199742480, 4199742592]
[4199742736, 4199742848]
[4199742992, 4199743104]
[4199743248, 4199743360]
[4199743488, 4199804928]
[4199804944, 4199805056]
[4199805200, 4199805312]
[4199805456, 4199805568]
[4199805712, 4199805824]
[4199805968, 4199806080]
[4199806224, 4199806336]
[4199806480, 4199806592]
[4199806736, 4199806848]
[4199806992, 4199807104]
[4199807248, 4199807360]
[4199807504, 4199807616]
[4199807760, 4199807872]
[4199808016, 4199808128]
[4199808272, 4199808384]
[4199808528, 4199808640]
[4199808784, 4199808896]
[4199809024, 4199870464]
[4199870480, 4199870592]
[4199870736, 4199870848]
[4199870992, 4199871104]
[4199871248, 4199871360]
[4199871504, 4199871616]
[4199871760, 4199871872]
[4199872016, 4199872128]
[4199872272, 4199872384]
[4199872528, 4199872640]
[4199872784, 4199872896]
[4199873040, 4199873152]
[4199873296, 4199873408]
[4199873552, 4199873664]
[4199873808, 4199873920]
[4199874064, 4199874176]
[4199874320, 4199874432]
[4199874560, 4199936000]
[4199936016, 4199936128]
[4199936272, 4199936384]
[4199936528, 4199936640]
[4199936784, 4199936896]
[4199937040, 4199937152]
[4199937296, 4199937408]
[4199937552, 4199937664]
[4199937808, 4199937920]
[4199938064, 4199938176]
[4199938320, 4199938432]
[4199938576, 4199938688]
[4199938832, 4199938944]
[4199939088, 4199939200]
[4199939344, 4199939456]
[4199939600, 4199939712]
[4199939856, 4199939968]
[4199940096, 4200001536]
[4200001552, 4200001664]
[4200001808, 4200001920]
[4200002064, 4200002176]
[4200002320, 4200002432]
[4200002576, 4200002688]
[4200002832, 4200002944]
[4200003088, 4200003200]
[4200003344, 4200003456]
[4200003600, 4200003712]
[4200003856, 4200003968]
[4200004112, 4200004224]
[4200004368, 4200004480]
[4200004624, 4200004736]
[4200004880, 4200004992]
[4200005136, 4200005248]
[4200005392, 4200005504]
[4200005632, 4200067072]
[4200067088, 4200067200]
[4200067344, 4200067456]
[4200067600, 4200067712]
[4200067856, 4200067968]
[4200068112, 4200068224]
[4200068368, 4200068480]
[4200068624, 4200068736]
[4200068880, 4200068992]
[4200069136, 4200069248]
[4200069392, 4200069504]
[4200069648, 4200069760]
[4200069904, 4200070016]
[4200070160, 4200070272]
[4200070416, 4200070528]
[4200070672, 4200070784]
[4200070928, 4200071040]
[4200071168, 4200132608]
[4200132624, 4200132736]
[4200132880, 4200132992]
[4200133136, 4200133248]
[4200133392, 4200133504]
[4200133648, 4200133760]
[4200133904, 4200134016]
[4200134160, 4200134272]
[4200134416, 4200134528]
[4200134672, 4200134784]
[4200134928, 4200135040]
[4200135184, 4200135296]
[4200135440, 4200135552]
[4200135696, 4200135808]
[4200135952, 4200136064]
[4200136208, 4200136320]
[4200136464, 4200136576]
[4200136704, 4200198144]
[4200198160, 4200198272]
[4200198416, 4200198528]
[4200198672, 4200198784]
[4200198928, 4200199040]
[4200199184, 4200199296]
[4200199440, 4200199552]
[4200199696, 4200199808]
[4200199952, 4200200064]
[4200200208, 4200200320]
[4200200464, 4200200576]
[4200200720, 4200200832]
[4200200976, 4200201088]
[4200201232, 4200201344]
[4200201488, 4200201600]
[4200201744, 4200201856]
[4200202000, 4200202112]
[4200202240, 4200263680]
[4200263696, 4200263808]
[4200263952, 4200264064]
[4200264208, 4200264320]
[4200264464, 4200264576]
[4200264720, 4200264832]
[4200264976, 4200265088]
[4200265232, 4200265344]
[4200265488, 4200265600]
[4200265744, 4200265856]
[4200266000, 4200266112]
[4200266256, 4200266368]
[4200266512, 4200266624]
[4200266768, 4200266880]
[4200267024, 4200267136]
[4200267280, 4200267392]
[4200267536, 4200267648]
[4200267776, 4200329216]
[4200329232, 4200329344]
[4200329488, 4200329600]
[4200329744, 4200329856]
[4200330000, 4200330112]
[4200330256, 4200330368]
[4200330512, 4200330624]
[4200330768, 4200330880]
[4200331024, 4200331136]
[4200331280, 4200331392]
[4200331536, 4200331648]
[4200331792, 4200331904]
[4200332048, 4200332160]
[4200332304, 4200332416]
[4200332560, 4200332672]
[4200332816, 4200332928]
[4200333072, 4200333184]
[4200333312, 4200394752]
[4200394768, 4200394880]
[4200395024, 4200395136]
[4200395280, 4200395392]
[4200395536, 4200395648]
[4200395792, 4200395904]
[4200396048, 4200396160]
[4200396304, 4200396416]
[4200396560, 4200396672]
[4200396816, 4200396928]
[4200397072, 4200397184]
[4200397328, 4200397440]
[4200397584, 4200397696]
[4200397840, 4200397952]
[4200398096, 4200398208]
[4200398352, 4200398464]
[4200398608, 4200398720]
[4200398848, 4200460288]
[4200460304, 4200460416]
[4200460560, 4200460672]
[4200460816, 4200460928]
[4200461072, 4200461184]
[4200461328, 4200461440]
[4200461584, 4200461696]
[4200461840, 4200461952]
[4200462096, 4200462208]
[4200462352, 4200462464]
[4200462608, 4200462720]
[4200462864, 4200462976]
[4200463120, 4200463232]
[4200463376, 4200463488]
[4200463632, 4200463744]
[4200463888, 4200464000]
[4200464144, 4200464256]
[4200464384, 4200525824]
[4200525840, 4200525952]
[4200526096, 4200526208]
[4200526352, 4200526464]
[4200526608, 4200526720]
[4200526864, 4200526976]
[4200527120, 4200527232]
[4200527376, 4200527488]
[4200527632, 4200527744]
[4200527888, 4200528000]
[4200528144, 4200528256]
[4200528400, 4200528512]
[4200528656, 4200528768]
[4200528912, 4200529024]
[4200529168, 4200529280]
[4200529424, 4200529536]
[4200529680, 4200529792]
[4200529920, 4200591360]
[4200591376, 4200591488]
[4200591632, 4200591744]
[4200591888, 4200592000]
[4200592144, 4200592256]
[4200592400, 4200592512]
[4200592656, 4200592768]
[4200592912, 4200593024]
[4200593168, 4200593280]
[4200593424, 4200593536]
[4200593680, 4200593792]
[4200593936, 4200594048]
[4200594192, 4200594304]
[4200594448, 4200594560]
[4200594704, 4200594816]
[4200594960, 4200595072]
[4200595216, 4200595328]
[4200595456, 4201705472]
[4201705488, 4201705728]
[4201705744, 4201705984]
[4201706000, 4201706240]
[4201706256, 4201706496]
[4201706512, 4201706752]
[4201706768, 4201707008]
[4201707024, 4201707264]
[4201707280, 4201707520]
[4201707536, 4201707776]
[4201707792, 4201708032]
[4201708048, 4201708288]
[4201708304, 4201708544]
[4201708560, 4201708800]
[4201708816, 4201709056]
[4201709072, 4201709312]
[4201709328, 4201771008]
[4201771024, 4201771264]
[4201771280, 4201771520]
[4201771536, 4201771776]
[4201771792, 4201772032]
[4201772048, 4201772288]
[4201772304, 4201772544]
[4201772560, 4201772800]
[4201772816, 4201773056]
[4201773072, 4201773312]
[4201773328, 4201773568]
[4201773584, 4201773824]
[4201773840, 4201774080]
[4201774096, 4201774336]
[4201774352, 4201774592]
[4201774608, 4201774848]
[4201774864, 4201836544]
[4201836560, 4201836800]
[4201836816, 4201837056]
[4201837072, 4201837312]
[4201837328, 4201837568]
[4201837584, 4201837824]
[4201837840, 4201838080]
[4201838096, 4201838336]
[4201838352, 4201838592]
[4201838608, 4201838848]
[4201838864, 4201839104]
[4201839120, 4201839360]
[4201839376, 4201839616]
[4201839632, 4201839872]
[4201839888, 4201840128]
[4201840144, 4201840384]
[4201840400, 4201902080]
[4201902096, 4201902336]
[4201902352, 4201902592]
[4201902608, 4201902848]
[4201902864, 4201903104]
[4201903120, 4201903360]
[4201903376, 4201903616]
[4201903632, 4201903872]
[4201903888, 4201904128]
[4201904144, 4201904384]
[4201904400, 4201904640]
[4201904656, 4201904896]
[4201904912, 4201905152]
[4201905168, 4201905408]
[4201905424, 4201905664]
[4201905680, 4201905920]
[4201905936, 4201967616]
[4201967632, 4201967872]
[4201967888, 4201968128]
[4201968144, 4201968384]
[4201968400, 4201968640]
[4201968656, 4201968896]
[4201968912, 4201969152]
[4201969168, 4201969408]
[4201969424, 4201969664]
[4201969680, 4201969920]
[4201969936, 4201970176]
[4201970192, 4201970432]
[4201970448, 4201970688]
[4201970704, 4201970944]
[4201970960, 4201971200]
[4201971216, 4201971456]
[4201971472, 4202033152]
[4202033168, 4202033408]
[4202033424, 4202033664]
[4202033680, 4202033920]
[4202033936, 4202034176]
[4202034192, 4202034432]
[4202034448, 4202034688]
[4202034704, 4202034944]
[4202034960, 4202035200]
[4202035216, 4202035456]
[4202035472, 4202035712]
[4202035728, 4202035968]
[4202035984, 4202036224]
[4202036240, 4202036480]
[4202036496, 4202036736]
[4202036752, 4202036992]
[4202037008, 4202098688]
[4202098704, 4202098944]
[4202098960, 4202099200]
[4202099216, 4202099456]
[4202099472, 4202099712]
[4202099728, 4202099968]
[4202099984, 4202100224]
[4202100240, 4202100480]
[4202100496, 4202100736]
[4202100752, 4202100992]
[4202101008, 4202101248]
[4202101264, 4202101504]
[4202101520, 4202101760]
[4202101776, 4202102016]
[4202102032, 4202102272]
[4202102288, 4202102528]
[4202102544, 4202164224]
[4202164240, 4202164480]
[4202164496, 4202164736]
[4202164752, 4202164992]
[4202165008, 4202165248]
[4202165264, 4202165504]
[4202165520, 4202165760]
[4202165776, 4202166016]
[4202166032, 4202166272]
[4202166288, 4202166528]
[4202166544, 4202166784]
[4202166800, 4202167040]
[4202167056, 4202167296]
[4202167312, 4202167552]
[4202167568, 4202167808]
[4202167824, 4202168064]
[4202168080, 4202229760]
[4202229776, 4202230016]
[4202230032, 4202230272]
[4202230288, 4202230528]
[4202230544, 4202230784]
[4202230800, 4202231040]
[4202231056, 4202231296]
[4202231312, 4202231552]
[4202231568, 4202231808]
[4202231824, 4202232064]
[4202232080, 4202232320]
[4202232336, 4202232576]
[4202232592, 4202232832]
[4202232848, 4202233088]
[4202233104, 4202233344]
[4202233360, 4202233600]
[4202233616, 4202295296]
[4202295312, 4202295552]
[4202295568, 4202295808]
[4202295824, 4202296064]
[4202296080, 4202296320]
[4202296336, 4202296576]
[4202296592, 4202296832]
[4202296848, 4202297088]
[4202297104, 4202297344]
[4202297360, 4202297600]
[4202297616, 4202297856]
[4202297872, 4202298112]
[4202298128, 4202298368]
[4202298384, 4202298624]
[4202298640, 4202298880]
[4202298896, 4202299136]
[4202299152, 4202360832]
[4202360848, 4202361088]
[4202361104, 4202361344]
[4202361360, 4202361600]
[4202361616, 4202361856]
[4202361872, 4202362112]
[4202362128, 4202362368]
[4202362384, 4202362624]
[4202362640, 4202362880]
[4202362896, 4202363136]
[4202363152, 4202363392]
[4202363408, 4202363648]
[4202363664, 4202363904]
[4202363920, 4202364160]
[4202364176, 4202364416]
[4202364432, 4202364672]
[4202364688, 4202426368]
[4202426384, 4202426624]
[4202426640, 4202426880]
[4202426896, 4202427136]
[4202427152, 4202427392]
[4202427408, 4202427648]
[4202427664, 4202427904]
[4202427920, 4202428160]
[4202428176, 4202428416]
[4202428432, 4202428672]
[4202428688, 4202428928]
[4202428944, 4202429184]
[4202429200, 4202429440]
[4202429456, 4202429696]
[4202429712, 4202429952]
[4202429968, 4202430208]
[4202430224, 4202491904]
[4202491920, 4202492160]
[4202492176, 4202492416]
[4202492432, 4202492672]
[4202492688, 4202492928]
[4202492944, 4202493184]
[4202493200, 4202493440]
[4202493456, 4202493696]
[4202493712, 4202493952]
[4202493968, 4202494208]
[4202494224, 4202494464]
[4202494480, 4202494720]
[4202494736, 4202494976]
[4202494992, 4202495232]
[4202495248, 4202495488]
[4202495504, 4202495744]
[4202495760, 4202557440]
[4202557456, 4202557696]
[4202557712, 4202557952]
[4202557968, 4202558208]
[4202558224, 4202558464]
[4202558480, 4202558720]
[4202558736, 4202558976]
[4202558992, 4202559232]
[4202559248, 4202559488]
[4202559504, 4202559744]
[4202559760, 4202560000]
[4202560016, 4202560256]
[4202560272, 4202560512]
[4202560528, 4202560768]
[4202560784, 4202561024]
[4202561040, 4202561280]
[4202561296, 4202622976]
[4202622992, 4202623232]
[4202623248, 4202623488]
[4202623504, 4202623744]
[4202623760, 4202624000]
[4202624016, 4202624256]
[4202624272, 4202624512]
[4202624528, 4202624768]
[4202624784, 4202625024]
[4202625040, 4202625280]
[4202625296, 4202625536]
[4202625552, 4202625792]
[4202625808, 4202626048]
[4202626064, 4202626304]
[4202626320, 4202626560]
[4202626576, 4202626816]
[4202626832, 4202688512]
[4202688528, 4202688768]
[4202688784, 4202689024]
[4202689040, 4202689280]
[4202689296, 4202689536]
[4202689552, 4202689792]
[4202689808, 4202690048]
[4202690064, 4202690304]
[4202690320, 4202690560]
[4202690576, 4202690816]
[4202690832, 4202691072]
[4202691088, 4202691328]
[4202691344, 4202691584]
[4202691600, 4202691840]
[4202691856, 4202692096]
[4202692112, 4202692352]
[4202692368, 4202754048]
[4202754096, 4202754112]
[4202754160, 4202754176]
[4202754240, 4202754304]
[4202754352, 4202754368]
[4202754416, 4202754432]
[4202754496, 4202754560]
[4202754608, 4202754624]
[4202754672, 4202754688]
[4202754752, 4202754816]
[4202754864, 4202754880]
[4202754928, 4202754944]
[4202755008, 4202755072]
[4202755120, 4202755136]
[4202755184, 4202755200]
[4202755264, 4202755328]
[4202755376, 4202755392]
[4202755440, 4202755456]
[4202755520, 4202755584]
[4202755632, 4202755648]
[4202755696, 4202755712]
[4202755776, 4202755840]
[4202755888, 4202755904]
[4202755952, 4202755968]
[4202756032, 4202756096]
[4202756144, 4202756160]
[4202756208, 4202756224]
[4202756288, 4202756352]
[4202756400, 4202756416]
[4202756464, 4202756480]
[4202756544, 4202756608]
[4202756656, 4202756672]
[4202756720, 4202756736]
[4202756800, 4202756864]
[4202756912, 4202756928]
[4202756976, 4202756992]
[4202757056, 4202757120]
[4202757168, 4202757184]
[4202757232, 4202757248]
[4202757312, 4202757376]
[4202757424, 4202757440]
[4202757488, 4202757504]
[4202757568, 4202757632]
[4202757680, 4202757696]
[4202757744, 4202757760]
[4202757824, 4202757888]
[4202757936, 4202757952]
[4202758000, 4202758016]
[4202758080, 4202819584]
[4202819632, 4202819648]
[4202819696, 4202819712]
[4202819776, 4202819840]
[4202819888, 4202819904]
[4202819952, 4202819968]
[4202820032, 4202820096]
[4202820144, 4202820160]
[4202820208, 4202820224]
[4202820288, 4202820352]
[4202820400, 4202820416]
[4202820464, 4202820480]
[4202820544, 4202820608]
[4202820656, 4202820672]
[4202820720, 4202820736]
[4202820800, 4202820864]
[4202820912, 4202820928]
[4202820976, 4202820992]
[4202821056, 4202821120]
[4202821168, 4202821184]
[4202821232, 4202821248]
[4202821312, 4202821376]
[4202821424, 4202821440]
[4202821488, 4202821504]
[4202821568, 4202821632]
[4202821680, 4202821696]
[4202821744, 4202821760]
[4202821824, 4202821888]
[4202821936, 4202821952]
[4202822000, 4202822016]
[4202822080, 4202822144]
[4202822192, 4202822208]
[4202822256, 4202822272]
[4202822336, 4202822400]
[4202822448, 4202822464]
[4202822512, 4202822528]
[4202822592, 4202822656]
[4202822704, 4202822720]
[4202822768, 4202822784]
[4202822848, 4202822912]
[4202822960, 4202822976]
[4202823024, 4202823040]
[4202823104, 4202823168]
[4202823216, 4202823232]
[4202823280, 4202823296]
[4202823360, 4202823424]
[4202823472, 4202823488]
[4202823536, 4202823552]
[4202823616, 4202885120]
[4202885168, 4202885184]
[4202885232, 4202885248]
[4202885312, 4202885376]
[4202885424, 4202885440]
[4202885488, 4202885504]
[4202885568, 4202885632]
[4202885680, 4202885696]
[4202885744, 4202885760]
[4202885824, 4202885888]
[4202885936, 4202885952]
[4202886000, 4202886016]
[4202886080, 4202886144]
[4202886192, 4202886208]
[4202886256, 4202886272]
[4202886336, 4202886400]
[4202886448, 4202886464]
[4202886512, 4202886528]
[4202886592, 4202886656]
[4202886704, 4202886720]
[4202886768, 4202886784]
[4202886848, 4202886912]
[4202886960, 4202886976]
[4202887024, 4202887040]
[4202887104, 4202887168]
[4202887216, 4202887232]
[4202887280, 4202887296]
[4202887360, 4202887424]
[4202887472, 4202887488]
[4202887536, 4202887552]
[4202887616, 4202887680]
[4202887728, 4202887744]
[4202887792, 4202887808]
[4202887872, 4202887936]
[4202887984, 4202888000]
[4202888048, 4202888064]
[4202888128, 4202888192]
[4202888240, 4202888256]
[4202888304, 4202888320]
[4202888384, 4202888448]
[4202888496, 4202888512]
[4202888560, 4202888576]
[4202888640, 4202888704]
[4202888752, 4202888768]
[4202888816, 4202888832]
[4202888896, 4202888960]
[4202889008, 4202889024]
[4202889072, 4202889088]
[4202889152, 4202950656]
[4202950704, 4202950720]
[4202950768, 4202950784]
[4202950848, 4202950912]
[4202950960, 4202950976]
[4202951024, 4202951040]
[4202951104, 4202951168]
[4202951216, 4202951232]
[4202951280, 4202951296]
[4202951360, 4202951424]
[4202951472, 4202951488]
[4202951536, 4202951552]
[4202951616, 4202951680]
[4202951728, 4202951744]
[4202951792, 4202951808]
[4202951872, 4202951936]
[4202951984, 4202952000]
[4202952048, 4202952064]
[4202952128, 4202952192]
[4202952240, 4202952256]
[4202952304, 4202952320]
[4202952384, 4202952448]
[4202952496, 4202952512]
[4202952560, 4202952576]
[4202952640, 4202952704]
[4202952752, 4202952768]
[4202952816, 4202952832]
[4202952896, 4202952960]
[4202953008, 4202953024]
[4202953072, 4202953088]
[4202953152, 4202953216]
[4202953264, 4202953280]
[4202953328, 4202953344]
[4202953408, 4202953472]
[4202953520, 4202953536]
[4202953584, 4202953600]
[4202953664, 4202953728]
[4202953776, 4202953792]
[4202953840, 4202953856]
[4202953920, 4202953984]
[4202954032, 4202954048]
[4202954096, 4202954112]
[4202954176, 4202954240]
[4202954288, 4202954304]
[4202954352, 4202954368]
[4202954432, 4202954496]
[4202954544, 4202954560]
[4202954608, 4202954624]
[4202954688, 4203016192]
[4203016240, 4203016256]
[4203016304, 4203016320]
[4203016384, 4203016448]
[4203016496, 4203016512]
[4203016560, 4203016576]
[4203016640, 4203016704]
[4203016752, 4203016768]
[4203016816, 4203016832]
[4203016896, 4203016960]
[4203017008, 4203017024]
[4203017072, 4203017088]
[4203017152, 4203017216]
[4203017264, 4203017280]
[4203017328, 4203017344]
[4203017408, 4203017472]
[4203017520, 4203017536]
[4203017584, 4203017600]
[4203017664, 4203017728]
[4203017776, 4203017792]
[4203017840, 4203017856]
[4203017920, 4203017984]
[4203018032, 4203018048]
[4203018096, 4203018112]
[4203018176, 4203018240]
[4203018288, 4203018304]
[4203018352, 4203018368]
[4203018432, 4203018496]
[4203018544, 4203018560]
[4203018608, 4203018624]
[4203018688, 4203018752]
[4203018800, 4203018816]
[4203018864, 4203018880]
[4203018944, 4203019008]
[4203019056, 4203019072]
[4203019120, 4203019136]
[4203019200, 4203019264]
[4203019312, 4203019328]
[4203019376, 4203019392]
[4203019456, 4203019520]
[4203019568, 4203019584]
[4203019632, 4203019648]
[4203019712, 4203019776]
[4203019824, 4203019840]
[4203019888, 4203019904]
[4203019968, 4203020032]
[4203020080, 4203020096]
[4203020144, 4203020160]
[4203020224, 4203081728]
[4203081776, 4203081792]
[4203081840, 4203081856]
[4203081920, 4203081984]
[4203082032, 4203082048]
[4203082096, 4203082112]
[4203082176, 4203082240]
[4203082288, 4203082304]
[4203082352, 4203082368]
[4203082432, 4203082496]
[4203082544, 4203082560]
[4203082608, 4203082624]
[4203082688, 4203082752]
[4203082800, 4203082816]
[4203082864, 4203082880]
[4203082944, 4203083008]
[4203083056, 4203083072]
[4203083120, 4203083136]
[4203083200, 4203083264]
[4203083312, 4203083328]
[4203083376, 4203083392]
[4203083456, 4203083520]
[4203083568, 4203083584]
[4203083632, 4203083648]
[4203083712, 4203083776]
[4203083824, 4203083840]
[4203083888, 4203083904]
[4203083968, 4203084032]
[4203084080, 4203084096]
[4203084144, 4203084160]
[4203084224, 4203084288]
[4203084336, 4203084352]
[4203084400, 4203084416]
[4203084480, 4203084544]
[4203084592, 4203084608]
[4203084656, 4203084672]
[4203084736, 4203084800]
[4203084848, 4203084864]
[4203084912, 4203084928]
[4203084992, 4203085056]
[4203085104, 4203085120]
[4203085168, 4203085184]
[4203085248, 4203085312]
[4203085360, 4203085376]
[4203085424, 4203085440]
[4203085504, 4203085568]
[4203085616, 4203085632]
[4203085680, 4203085696]
[4203085760, 4203147264]
[4203147312, 4203147328]
[4203147376, 4203147392]
[4203147456, 4203147520]
[4203147568, 4203147584]
[4203147632, 4203147648]
[4203147712, 4203147776]
[4203147824, 4203147840]
[4203147888, 4203147904]
[4203147968, 4203148032]
[4203148080, 4203148096]
[4203148144, 4203148160]
[4203148224, 4203148288]
[4203148336, 4203148352]
[4203148400, 4203148416]
[4203148480, 4203148544]
[4203148592, 4203148608]
[4203148656, 4203148672]
[4203148736, 4203148800]
[4203148848, 4203148864]
[4203148912, 4203148928]
[4203148992, 4203149056]
[4203149104, 4203149120]
[4203149168, 4203149184]
[4203149248, 4203149312]
[4203149360, 4203149376]
[4203149424, 4203149440]
[4203149504, 4203149568]
[4203149616, 4203149632]
[4203149680, 4203149696]
[4203149760, 4203149824]
[4203149872, 4203149888]
[4203149936, 4203149952]
[4203150016, 4203150080]
[4203150128, 4203150144]
[4203150192, 4203150208]
[4203150272, 4203150336]
[4203150384, 4203150400]
[4203150448, 4203150464]
[4203150528, 4203150592]
[4203150640, 4203150656]
[4203150704, 4203150720]
[4203150784, 4203150848]
[4203150896, 4203150912]
[4203150960, 4203150976]
[4203151040, 4203151104]
[4203151152, 4203151168]
[4203151216, 4203151232]
[4203151296, 4203212800]
[4203212848, 4203212864]
[4203212912, 4203212928]
[4203212992, 4203213056]
[4203213104, 4203213120]
[4203213168, 4203213184]
[4203213248, 4203213312]
[4203213360, 4203213376]
[4203213424, 4203213440]
[4203213504, 4203213568]
[4203213616, 4203213632]
[4203213680, 4203213696]
[4203213760, 4203213824]
[4203213872, 4203213888]
[4203213936, 4203213952]
[4203214016, 4203214080]
[4203214128, 4203214144]
[4203214192, 4203214208]
[4203214272, 4203214336]
[4203214384, 4203214400]
[4203214448, 4203214464]
[4203214528, 4203214592]
[4203214640, 4203214656]
[4203214704, 4203214720]
[4203214784, 4203214848]
[4203214896, 4203214912]
[4203214960, 4203214976]
[4203215040, 4203215104]
[4203215152, 4203215168]
[4203215216, 4203215232]
[4203215296, 4203215360]
[4203215408, 4203215424]
[4203215472, 4203215488]
[4203215552, 4203215616]
[4203215664, 4203215680]
[4203215728, 4203215744]
[4203215808, 4203215872]
[4203215920, 4203215936]
[4203215984, 4203216000]
[4203216064, 4203216128]
[4203216176, 4203216192]
[4203216240, 4203216256]
[4203216320, 4203216384]
[4203216432, 4203216448]
[4203216496, 4203216512]
[4203216576, 4203216640]
[4203216688, 4203216704]
[4203216752, 4203216768]
[4203216832, 4203278336]
[4203278384, 4203278400]
[4203278448, 4203278464]
[4203278528, 4203278592]
[4203278640, 4203278656]
[4203278704, 4203278720]
[4203278784, 4203278848]
[4203278896, 4203278912]
[4203278960, 4203278976]
[4203279040, 4203279104]
[4203279152, 4203279168]
[4203279216, 4203279232]
[4203279296, 4203279360]
[4203279408, 4203279424]
[4203279472, 4203279488]
[4203279552, 4203279616]
[4203279664, 4203279680]
[4203279728, 4203279744]
[4203279808, 4203279872]
[4203279920, 4203279936]
[4203279984, 4203280000]
[4203280064, 4203280128]
[4203280176, 4203280192]
[4203280240, 4203280256]
[4203280320, 4203280384]
[4203280432, 4203280448]
[4203280496, 4203280512]
[4203280576, 4203280640]
[4203280688, 4203280704]
[4203280752, 4203280768]
[4203280832, 4203280896]
[4203280944, 4203280960]
[4203281008, 4203281024]
[4203281088, 4203281152]
[4203281200, 4203281216]
[4203281264, 4203281280]
[4203281344, 4203281408]
[4203281456, 4203281472]
[4203281520, 4203281536]
[4203281600, 4203281664]
[4203281712, 4203281728]
[4203281776, 4203281792]
[4203281856, 4203281920]
[4203281968, 4203281984]
[4203282032, 4203282048]
[4203282112, 4203282176]
[4203282224, 4203282240]
[4203282288, 4203282304]
[4203282368, 4203343872]
[4203343920, 4203343936]
[4203343984, 4203344000]
[4203344064, 4203344128]
[4203344176, 4203344192]
[4203344240, 4203344256]
[4203344320, 4203344384]
[4203344432, 4203344448]
[4203344496, 4203344512]
[4203344576, 4203344640]
[4203344688, 4203344704]
[4203344752, 4203344768]
[4203344832, 4203344896]
[4203344944, 4203344960]
[4203345008, 4203345024]
[4203345088, 4203345152]
[4203345200, 4203345216]
[4203345264, 4203345280]
[4203345344, 4203345408]
[4203345456, 4203345472]
[4203345520, 4203345536]
[4203345600, 4203345664]
[4203345712, 4203345728]
[4203345776, 4203345792]
[4203345856, 4203345920]
[4203345968, 4203345984]
[4203346032, 4203346048]
[4203346112, 4203346176]
[4203346224, 4203346240]
[4203346288, 4203346304]
[4203346368, 4203346432]
[4203346480, 4203346496]
[4203346544, 4203346560]
[4203346624, 4203346688]
[4203346736, 4203346752]
[4203346800, 4203346816]
[4203346880, 4203346944]
[4203346992, 4203347008]
[4203347056, 4203347072]
[4203347136, 4203347200]
[4203347248, 4203347264]
[4203347312, 4203347328]
[4203347392, 4203347456]
[4203347504, 4203347520]
[4203347568, 4203347584]
[4203347648, 4203347712]
[4203347760, 4203347776]
[4203347824, 4203347840]
[4203347904, 4203409408]
[4203409456, 4203409472]
[4203409520, 4203409536]
[4203409600, 4203409664]
[4203409712, 4203409728]
[4203409776, 4203409792]
[4203409856, 4203409920]
[4203409968, 4203409984]
[4203410032, 4203410048]
[4203410112, 4203410176]
[4203410224, 4203410240]
[4203410288, 4203410304]
[4203410368, 4203410432]
[4203410480, 4203410496]
[4203410544, 4203410560]
[4203410624, 4203410688]
[4203410736, 4203410752]
[4203410800, 4203410816]
[4203410880, 4203410944]
[4203410992, 4203411008]
[4203411056, 4203411072]
[4203411136, 4203411200]
[4203411248, 4203411264]
[4203411312, 4203411328]
[4203411392, 4203411456]
[4203411504, 4203411520]
[4203411568, 4203411584]
[4203411648, 4203411712]
[4203411760, 4203411776]
[4203411824, 4203411840]
[4203411904, 4203411968]
[4203412016, 4203412032]
[4203412080, 4203412096]
[4203412160, 4203412224]
[4203412272, 4203412288]
[4203412336, 4203412352]
[4203412416, 4203412480]
[4203412528, 4203412544]
[4203412592, 4203412608]
[4203412672, 4203412736]
[4203412784, 4203412800]
[4203412848, 4203412864]
[4203412928, 4203412992]
[4203413040, 4203413056]
[4203413104, 4203413120]
[4203413184, 4203413248]
[4203413296, 4203413312]
[4203413360, 4203413376]
[4203413440, 4203474944]
[4203474992, 4203475008]
[4203475056, 4203475072]
[4203475136, 4203475200]
[4203475248, 4203475264]
[4203475312, 4203475328]
[4203475392, 4203475456]
[4203475504, 4203475520]
[4203475568, 4203475584]
[4203475648, 4203475712]
[4203475760, 4203475776]
[4203475824, 4203475840]
[4203475904, 4203475968]
[4203476016, 4203476032]
[4203476080, 4203476096]
[4203476160, 4203476224]
[4203476272, 4203476288]
[4203476336, 4203476352]
[4203476416, 4203476480]
[4203476528, 4203476544]
[4203476592, 4203476608]
[4203476672, 4203476736]
[4203476784, 4203476800]
[4203476848, 4203476864]
[4203476928, 4203476992]
[4203477040, 4203477056]
[4203477104, 4203477120]
[4203477184, 4203477248]
[4203477296, 4203477312]
[4203477360, 4203477376]
[4203477440, 4203477504]
[4203477552, 4203477568]
[4203477616, 4203477632]
[4203477696, 4203477760]
[4203477808, 4203477824]
[4203477872, 4203477888]
[4203477952, 4203478016]
[4203478064, 4203478080]
[4203478128, 4203478144]
[4203478208, 4203478272]
[4203478320, 4203478336]
[4203478384, 4203478400]
[4203478464, 4203478528]
[4203478576, 4203478592]
[4203478640, 4203478656]
[4203478720, 4203478784]
[4203478832, 4203478848]
[4203478896, 4203478912]
[4203478976, 4203540480]
[4203540528, 4203540544]
[4203540592, 4203540608]
[4203540672, 4203540736]
[4203540784, 4203540800]
[4203540848, 4203540864]
[4203540928, 4203540992]
[4203541040, 4203541056]
[4203541104, 4203541120]
[4203541184, 4203541248]
[4203541296, 4203541312]
[4203541360, 4203541376]
[4203541440, 4203541504]
[4203541552, 4203541568]
[4203541616, 4203541632]
[4203541696, 4203541760]
[4203541808, 4203541824]
[4203541872, 4203541888]
[4203541952, 4203542016]
[4203542064, 4203542080]
[4203542128, 4203542144]
[4203542208, 4203542272]
[4203542320, 4203542336]
[4203542384, 4203542400]
[4203542464, 4203542528]
[4203542576, 4203542592]
[4203542640, 4203542656]
[4203542720, 4203542784]
[4203542832, 4203542848]
[4203542896, 4203542912]
[4203542976, 4203543040]
[4203543088, 4203543104]
[4203543152, 4203543168]
[4203543232, 4203543296]
[4203543344, 4203543360]
[4203543408, 4203543424]
[4203543488, 4203543552]
[4203543600, 4203543616]
[4203543664, 4203543680]
[4203543744, 4203543808]
[4203543856, 4203543872]
[4203543920, 4203543936]
[4203544000, 4203544064]
[4203544112, 4203544128]
[4203544176, 4203544192]
[4203544256, 4203544320]
[4203544368, 4203544384]
[4203544432, 4203544448]
[4203544512, 4203606016]
[4203606064, 4203606080]
[4203606128, 4203606144]
[4203606208, 4203606272]
[4203606320, 4203606336]
[4203606384, 4203606400]
[4203606464, 4203606528]
[4203606576, 4203606592]
[4203606640, 4203606656]
[4203606720, 4203606784]
[4203606832, 4203606848]
[4203606896, 4203606912]
[4203606976, 4203607040]
[4203607088, 4203607104]
[4203607152, 4203607168]
[4203607232, 4203607296]
[4203607344, 4203607360]
[4203607408, 4203607424]
[4203607488, 4203607552]
[4203607600, 4203607616]
[4203607664, 4203607680]
[4203607744, 4203607808]
[4203607856, 4203607872]
[4203607920, 4203607936]
[4203608000, 4203608064]
[4203608112, 4203608128]
[4203608176, 4203608192]
[4203608256, 4203608320]
[4203608368, 4203608384]
[4203608432, 4203608448]
[4203608512, 4203608576]
[4203608624, 4203608640]
[4203608688, 4203608704]
[4203608768, 4203608832]
[4203608880, 4203608896]
[4203608944, 4203608960]
[4203609024, 4203609088]
[4203609136, 4203609152]
[4203609200, 4203609216]
[4203609280, 4203609344]
[4203609392, 4203609408]
[4203609456, 4203609472]
[4203609536, 4203609600]
[4203609648, 4203609664]
[4203609712, 4203609728]
[4203609792, 4203609856]
[4203609904, 4203609920]
[4203609968, 4203609984]
[4203610048, 4203671552]
[4203671600, 4203671616]
[4203671664, 4203671680]
[4203671744, 4203671808]
[4203671856, 4203671872]
[4203671920, 4203671936]
[4203672000, 4203672064]
[4203672112, 4203672128]
[4203672176, 4203672192]
[4203672256, 4203672320]
[4203672368, 4203672384]
[4203672432, 4203672448]
[4203672512, 4203672576]
[4203672624, 4203672640]
[4203672688, 4203672704]
[4203672768, 4203672832]
[4203672880, 4203672896]
[4203672944, 4203672960]
[4203673024, 4203673088]
[4203673136, 4203673152]
[4203673200, 4203673216]
[4203673280, 4203673344]
[4203673392, 4203673408]
[4203673456, 4203673472]
[4203673536, 4203673600]
[4203673648, 4203673664]
[4203673712, 4203673728]
[4203673792, 4203673856]
[4203673904, 4203673920]
[4203673968, 4203673984]
[4203674048, 4203674112]
[4203674160, 4203674176]
[4203674224, 4203674240]
[4203674304, 4203674368]
[4203674416, 4203674432]
[4203674480, 4203674496]
[4203674560, 4203674624]
[4203674672, 4203674688]
[4203674736, 4203674752]
[4203674816, 4203674880]
[4203674928, 4203674944]
[4203674992, 4203675008]
[4203675072, 4203675136]
[4203675184, 4203675200]
[4203675248, 4203675264]
[4203675328, 4203675392]
[4203675440, 4203675456]
[4203675504, 4203675520]
[4203675584, 4203737088]
[4203737136, 4203737152]
[4203737200, 4203737216]
[4203737280, 4203737344]
[4203737392, 4203737408]
[4203737456, 4203737472]
[4203737536, 4203737600]
[4203737648, 4203737664]
[4203737712, 4203737728]
[4203737792, 4203737856]
[4203737904, 4203737920]
[4203737968, 4203737984]
[4203738048, 4203738112]
[4203738160, 4203738176]
[4203738224, 4203738240]
[4203738304, 4203738368]
[4203738416, 4203738432]
[4203738480, 4203738496]
[4203738560, 4203738624]
[4203738672, 4203738688]
[4203738736, 4203738752]
[4203738816, 4203738880]
[4203738928, 4203738944]
[4203738992, 4203739008]
[4203739072, 4203739136]
[4203739184, 4203739200]
[4203739248, 4203739264]
[4203739328, 4203739392]
[4203739440, 4203739456]
[4203739504, 4203739520]
[4203739584, 4203739648]
[4203739696, 4203739712]
[4203739760, 4203739776]
[4203739840, 4203739904]
[4203739952, 4203739968]
[4203740016, 4203740032]
[4203740096, 4203740160]
[4203740208, 4203740224]
[4203740272, 4203740288]
[4203740352, 4203740416]
[4203740464, 4203740480]
[4203740528, 4203740544]
[4203740608, 4203740672]
[4203740720, 4203740736]
[4203740784, 4203740800]
[4203740864, 4203740928]
[4203740976, 4203740992]
[4203741040, 4203741056]
[4203741120, 4203802624]
[4203802672, 4203802688]
[4203802736, 4203802752]
[4203802816, 4203802880]
[4203802928, 4203802944]
[4203802992, 4203803008]
[4203803072, 4203803136]
[4203803184, 4203803200]
[4203803248, 4203803264]
[4203803328, 4203803392]
[4203803440, 4203803456]
[4203803504, 4203803520]
[4203803584, 4203803648]
[4203803696, 4203803712]
[4203803760, 4203803776]
[4203803840, 4203803904]
[4203803952, 4203803968]
[4203804016, 4203804032]
[4203804096, 4203804160]
[4203804208, 4203804224]
[4203804272, 4203804288]
[4203804352, 4203804416]
[4203804464, 4203804480]
[4203804528, 4203804544]
[4203804608, 4203804672]
[4203804720, 4203804736]
[4203804784, 4203804800]
[4203804864, 4203804928]
[4203804976, 4203804992]
[4203805040, 4203805056]
[4203805120, 4203805184]
[4203805232, 4203805248]
[4203805296, 4203805312]
[4203805376, 4203805440]
[4203805488, 4203805504]
[4203805552, 4203805568]
[4203805632, 4203805696]
[4203805744, 4203805760]
[4203805808, 4203805824]
[4203805888, 4203805952]
[4203806000, 4203806016]
[4203806064, 4203806080]
[4203806144, 4203806208]
[4203806256, 4203806272]
[4203806320, 4203806336]
[4203806400, 4203806464]
[4203806512, 4203806528]
[4203806576, 4203806592]
[4203806656, 4203868160]
[4203868208, 4203868224]
[4203868272, 4203868288]
[4203868352, 4203868416]
[4203868464, 4203868480]
[4203868528, 4203868544]
[4203868608, 4203868672]
[4203868720, 4203868736]
[4203868784, 4203868800]
[4203868864, 4203868928]
[4203868976, 4203868992]
[4203869040, 4203869056]
[4203869120, 4203869184]
[4203869232, 4203869248]
[4203869296, 4203869312]
[4203869376, 4203869440]
[4203869488, 4203869504]
[4203869552, 4203869568]
[4203869632, 4203869696]
[4203869744, 4203869760]
[4203869808, 4203869824]
[4203869888, 4203869952]
[4203870000, 4203870016]
[4203870064, 4203870080]
[4203870144, 4203870208]
[4203870256, 4203870272]
[4203870320, 4203870336]
[4203870400, 4203870464]
[4203870512, 4203870528]
[4203870576, 4203870592]
[4203870656, 4203870720]
[4203870768, 4203870784]
[4203870832, 4203870848]
[4203870912, 4203870976]
[4203871024, 4203871040]
[4203871088, 4203871104]
[4203871168, 4203871232]
[4203871280, 4203871296]
[4203871344, 4203871360]
[4203871424, 4203871488]
[4203871536, 4203871552]
[4203871600, 4203871616]
[4203871680, 4203871744]
[4203871792, 4203871808]
[4203871856, 4203871872]
[4203871936, 4203872000]
[4203872048, 4203872064]
[4203872112, 4203872128]
[4203872192, 4203933696]
[4203933744, 4203933760]
[4203933808, 4203933824]
[4203933888, 4203933952]
[4203934000, 4203934016]
[4203934064, 4203934080]
[4203934144, 4203934208]
[4203934256, 4203934272]
[4203934320, 4203934336]
[4203934400, 4203934464]
[4203934512, 4203934528]
[4203934576, 4203934592]
[4203934656, 4203934720]
[4203934768, 4203934784]
[4203934832, 4203934848]
[4203934912, 4203934976]
[4203935024, 4203935040]
[4203935088, 4203935104]
[4203935168, 4203935232]
[4203935280, 4203935296]
[4203935344, 4203935360]
[4203935424, 4203935488]
[4203935536, 4203935552]
[4203935600, 4203935616]
[4203935680, 4203935744]
[4203935792, 4203935808]
[4203935856, 4203935872]
[4203935936, 4203936000]
[4203936048, 4203936064]
[4203936112, 4203936128]
[4203936192, 4203936256]
[4203936304, 4203936320]
[4203936368, 4203936384]
[4203936448, 4203936512]
[4203936560, 4203936576]
[4203936624, 4203936640]
[4203936704, 4203936768]
[4203936816, 4203936832]
[4203936880, 4203936896]
[4203936960, 4203937024]
[4203937072, 4203937088]
[4203937136, 4203937152]
[4203937216, 4203937280]
[4203937328, 4203937344]
[4203937392, 4203937408]
[4203937472, 4203937536]
[4203937584, 4203937600]
[4203937648, 4203937664]
[4203937728, 4203999232]
[4203999280, 4203999296]
[4203999344, 4203999360]
[4203999424, 4203999488]
[4203999536, 4203999552]
[4203999600, 4203999616]
[4203999680, 4203999744]
[4203999792, 4203999808]
[4203999856, 4203999872]
[4203999936, 4204000000]
[4204000048, 4204000064]
[4204000112, 4204000128]
[4204000192, 4204000256]
[4204000304, 4204000320]
[4204000368, 4204000384]
[4204000448, 4204000512]
[4204000560, 4204000576]
[4204000624, 4204000640]
[4204000704, 4204000768]
[4204000816, 4204000832]
[4204000880, 4204000896]
[4204000960, 4204001024]
[4204001072, 4204001088]
[4204001136, 4204001152]
[4204001216, 4204001280]
[4204001328, 4204001344]
[4204001392, 4204001408]
[4204001472, 4204001536]
[4204001584, 4204001600]
[4204001648, 4204001664]
[4204001728, 4204001792]
[4204001840, 4204001856]
[4204001904, 4204001920]
[4204001984, 4204002048]
[4204002096, 4204002112]
[4204002160, 4204002176]
[4204002240, 4204002304]
[4204002352, 4204002368]
[4204002416, 4204002432]
[4204002496, 4204002560]
[4204002608, 4204002624]
[4204002672, 4204002688]
[4204002752, 4204002816]
[4204002864, 4204002880]
[4204002928, 4204002944]
[4204003008, 4204003072]
[4204003120, 4204003136]
[4204003184, 4204003200]
[4204003264, 4204064768]
[4204064816, 4204064832]
[4204064880, 4204064896]
[4204064960, 4204065024]
[4204065072, 4204065088]
[4204065136, 4204065152]
[4204065216, 4204065280]
[4204065328, 4204065344]
[4204065392, 4204065408]
[4204065472, 4204065536]
[4204065584, 4204065600]
[4204065648, 4204065664]
[4204065728, 4204065792]
[4204065840, 4204065856]
[4204065904, 4204065920]
[4204065984, 4204066048]
[4204066096, 4204066112]
[4204066160, 4204066176]
[4204066240, 4204066304]
[4204066352, 4204066368]
[4204066416, 4204066432]
[4204066496, 4204066560]
[4204066608, 4204066624]
[4204066672, 4204066688]
[4204066752, 4204066816]
[4204066864, 4204066880]
[4204066928, 4204066944]
[4204067008, 4204067072]
[4204067120, 4204067136]
[4204067184, 4204067200]
[4204067264, 4204067328]
[4204067376, 4204067392]
[4204067440, 4204067456]
[4204067520, 4204067584]
[4204067632, 4204067648]
[4204067696, 4204067712]
[4204067776, 4204067840]
[4204067888, 4204067904]
[4204067952, 4204067968]
[4204068032, 4204068096]
[4204068144, 4204068160]
[4204068208, 4204068224]
[4204068288, 4204068352]
[4204068400, 4204068416]
[4204068464, 4204068480]
[4204068544, 4204068608]
[4204068656, 4204068672]
[4204068720, 4204068736]
[4204068800, 4204130304]
[4204130352, 4204130368]
[4204130416, 4204130432]
[4204130496, 4204130560]
[4204130608, 4204130624]
[4204130672, 4204130688]
[4204130752, 4204130816]
[4204130864, 4204130880]
[4204130928, 4204130944]
[4204131008, 4204131072]
[4204131120, 4204131136]
[4204131184, 4204131200]
[4204131264, 4204131328]
[4204131376, 4204131392]
[4204131440, 4204131456]
[4204131520, 4204131584]
[4204131632, 4204131648]
[4204131696, 4204131712]
[4204131776, 4204131840]
[4204131888, 4204131904]
[4204131952, 4204131968]
[4204132032, 4204132096]
[4204132144, 4204132160]
[4204132208, 4204132224]
[4204132288, 4204132352]
[4204132400, 4204132416]
[4204132464, 4204132480]
[4204132544, 4204132608]
[4204132656, 4204132672]
[4204132720, 4204132736]
[4204132800, 4204132864]
[4204132912, 4204132928]
[4204132976, 4204132992]
[4204133056, 4204133120]
[4204133168, 4204133184]
[4204133232, 4204133248]
[4204133312, 4204133376]
[4204133424, 4204133440]
[4204133488, 4204133504]
[4204133568, 4204133632]
[4204133680, 4204133696]
[4204133744, 4204133760]
[4204133824, 4204133888]
[4204133936, 4204133952]
[4204134000, 4204134016]
[4204134080, 4204134144]
[4204134192, 4204134208]
[4204134256, 4204134272]
[4204134336, 4204195840]
[4204195888, 4204195904]
[4204195952, 4204195968]
[4204196032, 4204196096]
[4204196144, 4204196160]
[4204196208, 4204196224]
[4204196288, 4204196352]
[4204196400, 4204196416]
[4204196464, 4204196480]
[4204196544, 4204196608]
[4204196656, 4204196672]
[4204196720, 4204196736]
[4204196800, 4204196864]
[4204196912, 4204196928]
[4204196976, 4204196992]
[4204197056, 4204197120]
[4204197168, 4204197184]
[4204197232, 4204197248]
[4204197312, 4204197376]
[4204197424, 4204197440]
[4204197488, 4204197504]
[4204197568, 4204197632]
[4204197680, 4204197696]
[4204197744, 4204197760]
[4204197824, 4204197888]
[4204197936, 4204197952]
[4204198000, 4204198016]
[4204198080, 4204198144]
[4204198192, 4204198208]
[4204198256, 4204198272]
[4204198336, 4204198400]
[4204198448, 4204198464]
[4204198512, 4204198528]
[4204198592, 4204198656]
[4204198704, 4204198720]
[4204198768, 4204198784]
[4204198848, 4204198912]
[4204198960, 4204198976]
[4204199024, 4204199040]
[4204199104, 4204199168]
[4204199216, 4204199232]
[4204199280, 4204199296]
[4204199360, 4204199424]
[4204199472, 4204199488]
[4204199536, 4204199552]
[4204199616, 4204199680]
[4204199728, 4204199744]
[4204199792, 4204199808]
[4204199872, 4204261376]
[4204261424, 4204261440]
[4204261488, 4204261504]
[4204261568, 4204261632]
[4204261680, 4204261696]
[4204261744, 4204261760]
[4204261824, 4204261888]
[4204261936, 4204261952]
[4204262000, 4204262016]
[4204262080, 4204262144]
[4204262192, 4204262208]
[4204262256, 4204262272]
[4204262336, 4204262400]
[4204262448, 4204262464]
[4204262512, 4204262528]
[4204262592, 4204262656]
[4204262704, 4204262720]
[4204262768, 4204262784]
[4204262848, 4204262912]
[4204262960, 4204262976]
[4204263024, 4204263040]
[4204263104, 4204263168]
[4204263216, 4204263232]
[4204263280, 4204263296]
[4204263360, 4204263424]
[4204263472, 4204263488]
[4204263536, 4204263552]
[4204263616, 4204263680]
[4204263728, 4204263744]
[4204263792, 4204263808]
[4204263872, 4204263936]
[4204263984, 4204264000]
[4204264048, 4204264064]
[4204264128, 4204264192]
[4204264240, 4204264256]
[4204264304, 4204264320]
[4204264384, 4204264448]
[4204264496, 4204264512]
[4204264560, 4204264576]
[4204264640, 4204264704]
[4204264752, 4204264768]
[4204264816, 4204264832]
[4204264896, 4204264960]
[4204265008, 4204265024]
[4204265072, 4204265088]
[4204265152, 4204265216]
[4204265264, 4204265280]
[4204265328, 4204265344]
[4204265408, 4204326912]
[4204326960, 4204326976]
[4204327024, 4204327040]
[4204327104, 4204327168]
[4204327216, 4204327232]
[4204327280, 4204327296]
[4204327360, 4204327424]
[4204327472, 4204327488]
[4204327536, 4204327552]
[4204327616, 4204327680]
[4204327728, 4204327744]
[4204327792, 4204327808]
[4204327872, 4204327936]
[4204327984, 4204328000]
[4204328048, 4204328064]
[4204328128, 4204328192]
[4204328240, 4204328256]
[4204328304, 4204328320]
[4204328384, 4204328448]
[4204328496, 4204328512]
[4204328560, 4204328576]
[4204328640, 4204328704]
[4204328752, 4204328768]
[4204328816, 4204328832]
[4204328896, 4204328960]
[4204329008, 4204329024]
[4204329072, 4204329088]
[4204329152, 4204329216]
[4204329264, 4204329280]
[4204329328, 4204329344]
[4204329408, 4204329472]
[4204329520, 4204329536]
[4204329584, 4204329600]
[4204329664, 4204329728]
[4204329776, 4204329792]
[4204329840, 4204329856]
[4204329920, 4204329984]
[4204330032, 4204330048]
[4204330096, 4204330112]
[4204330176, 4204330240]
[4204330288, 4204330304]
[4204330352, 4204330368]
[4204330432, 4204330496]
[4204330544, 4204330560]
[4204330608, 4204330624]
[4204330688, 4204330752]
[4204330800, 4204330816]
[4204330864, 4204330880]
[4204330944, 4204392448]
[4204392496, 4204392512]
[4204392560, 4204392576]
[4204392640, 4204392704]
[4204392752, 4204392768]
[4204392816, 4204392832]
[4204392896, 4204392960]
[4204393008, 4204393024]
[4204393072, 4204393088]
[4204393152, 4204393216]
[4204393264, 4204393280]
[4204393328, 4204393344]
[4204393408, 4204393472]
[4204393520, 4204393536]
[4204393584, 4204393600]
[4204393664, 4204393728]
[4204393776, 4204393792]
[4204393840, 4204393856]
[4204393920, 4204393984]
[4204394032, 4204394048]
[4204394096, 4204394112]
[4204394176, 4204394240]
[4204394288, 4204394304]
[4204394352, 4204394368]
[4204394432, 4204394496]
[4204394544, 4204394560]
[4204394608, 4204394624]
[4204394688, 4204394752]
[4204394800, 4204394816]
[4204394864, 4204394880]
[4204394944, 4204395008]
[4204395056, 4204395072]
[4204395120, 4204395136]
[4204395200, 4204395264]
[4204395312, 4204395328]
[4204395376, 4204395392]
[4204395456, 4204395520]
[4204395568, 4204395584]
[4204395632, 4204395648]
[4204395712, 4204395776]
[4204395824, 4204395840]
[4204395888, 4204395904]
[4204395968, 4204396032]
[4204396080, 4204396096]
[4204396144, 4204396160]
[4204396224, 4204396288]
[4204396336, 4204396352]
[4204396400, 4204396416]
[4204396480, 4204457984]
[4204458032, 4204458048]
[4204458096, 4204458112]
[4204458176, 4204458240]
[4204458288, 4204458304]
[4204458352, 4204458368]
[4204458432, 4204458496]
[4204458544, 4204458560]
[4204458608, 4204458624]
[4204458688, 4204458752]
[4204458800, 4204458816]
[4204458864, 4204458880]
[4204458944, 4204459008]
[4204459056, 4204459072]
[4204459120, 4204459136]
[4204459200, 4204459264]
[4204459312, 4204459328]
[4204459376, 4204459392]
[4204459456, 4204459520]
[4204459568, 4204459584]
[4204459632, 4204459648]
[4204459712, 4204459776]
[4204459824, 4204459840]
[4204459888, 4204459904]
[4204459968, 4204460032]
[4204460080, 4204460096]
[4204460144, 4204460160]
[4204460224, 4204460288]
[4204460336, 4204460352]
[4204460400, 4204460416]
[4204460480, 4204460544]
[4204460592, 4204460608]
[4204460656, 4204460672]
[4204460736, 4204460800]
[4204460848, 4204460864]
[4204460912, 4204460928]
[4204460992, 4204461056]
[4204461104, 4204461120]
[4204461168, 4204461184]
[4204461248, 4204461312]
[4204461360, 4204461376]
[4204461424, 4204461440]
[4204461504, 4204461568]
[4204461616, 4204461632]
[4204461680, 4204461696]
[4204461760, 4204461824]
[4204461872, 4204461888]
[4204461936, 4204461952]
[4204462016, 4204523520]
[4204523568, 4204523584]
[4204523632, 4204523648]
[4204523712, 4204523776]
[4204523824, 4204523840]
[4204523888, 4204523904]
[4204523968, 4204524032]
[4204524080, 4204524096]
[4204524144, 4204524160]
[4204524224, 4204524288]
[4204524336, 4204524352]
[4204524400, 4204524416]
[4204524480, 4204524544]
[4204524592, 4204524608]
[4204524656, 4204524672]
[4204524736, 4204524800]
[4204524848, 4204524864]
[4204524912, 4204524928]
[4204524992, 4204525056]
[4204525104, 4204525120]
[4204525168, 4204525184]
[4204525248, 4204525312]
[4204525360, 4204525376]
[4204525424, 4204525440]
[4204525504, 4204525568]
[4204525616, 4204525632]
[4204525680, 4204525696]
[4204525760, 4204525824]
[4204525872, 4204525888]
[4204525936, 4204525952]
[4204526016, 4204526080]
[4204526128, 4204526144]
[4204526192, 4204526208]
[4204526272, 4204526336]
[4204526384, 4204526400]
[4204526448, 4204526464]
[4204526528, 4204526592]
[4204526640, 4204526656]
[4204526704, 4204526720]
[4204526784, 4204526848]
[4204526896, 4204526912]
[4204526960, 4204526976]
[4204527040, 4204527104]
[4204527152, 4204527168]
[4204527216, 4204527232]
[4204527296, 4204527360]
[4204527408, 4204527424]
[4204527472, 4204527488]
[4204527552, 4204589056]
[4204589104, 4204589120]
[4204589168, 4204589184]
[4204589248, 4204589312]
[4204589360, 4204589376]
[4204589424, 4204589440]
[4204589504, 4204589568]
[4204589616, 4204589632]
[4204589680, 4204589696]
[4204589760, 4204589824]
[4204589872, 4204589888]
[4204589936, 4204589952]
[4204590016, 4204590080]
[4204590128, 4204590144]
[4204590192, 4204590208]
[4204590272, 4204590336]
[4204590384, 4204590400]
[4204590448, 4204590464]
[4204590528, 4204590592]
[4204590640, 4204590656]
[4204590704, 4204590720]
[4204590784, 4204590848]
[4204590896, 4204590912]
[4204590960, 4204590976]
[4204591040, 4204591104]
[4204591152, 4204591168]
[4204591216, 4204591232]
[4204591296, 4204591360]
[4204591408, 4204591424]
[4204591472, 4204591488]
[4204591552, 4204591616]
[4204591664, 4204591680]
[4204591728, 4204591744]
[4204591808, 4204591872]
[4204591920, 4204591936]
[4204591984, 4204592000]
[4204592064, 4204592128]
[4204592176, 4204592192]
[4204592240, 4204592256]
[4204592320, 4204592384]
[4204592432, 4204592448]
[4204592496, 4204592512]
[4204592576, 4204592640]
[4204592688, 4204592704]
[4204592752, 4204592768]
[4204592832, 4204592896]
[4204592944, 4204592960]
[4204593008, 4204593024]
[4204593088, 4204654592]
[4204654640, 4204654656]
[4204654704, 4204654720]
[4204654784, 4204654848]
[4204654896, 4204654912]
[4204654960, 4204654976]
[4204655040, 4204655104]
[4204655152, 4204655168]
[4204655216, 4204655232]
[4204655296, 4204655360]
[4204655408, 4204655424]
[4204655472, 4204655488]
[4204655552, 4204655616]
[4204655664, 4204655680]
[4204655728, 4204655744]
[4204655808, 4204655872]
[4204655920, 4204655936]
[4204655984, 4204656000]
[4204656064, 4204656128]
[4204656176, 4204656192]
[4204656240, 4204656256]
[4204656320, 4204656384]
[4204656432, 4204656448]
[4204656496, 4204656512]
[4204656576, 4204656640]
[4204656688, 4204656704]
[4204656752, 4204656768]
[4204656832, 4204656896]
[4204656944, 4204656960]
[4204657008, 4204657024]
[4204657088, 4204657152]
[4204657200, 4204657216]
[4204657264, 4204657280]
[4204657344, 4204657408]
[4204657456, 4204657472]
[4204657520, 4204657536]
[4204657600, 4204657664]
[4204657712, 4204657728]
[4204657776, 4204657792]
[4204657856, 4204657920]
[4204657968, 4204657984]
[4204658032, 4204658048]
[4204658112, 4204658176]
[4204658224, 4204658240]
[4204658288, 4204658304]
[4204658368, 4204658432]
[4204658480, 4204658496]
[4204658544, 4204658560]
[4204658624, 4204720128]
[4204720176, 4204720192]
[4204720240, 4204720256]
[4204720320, 4204720384]
[4204720432, 4204720448]
[4204720496, 4204720512]
[4204720576, 4204720640]
[4204720688, 4204720704]
[4204720752, 4204720768]
[4204720832, 4204720896]
[4204720944, 4204720960]
[4204721008, 4204721024]
[4204721088, 4204721152]
[4204721200, 4204721216]
[4204721264, 4204721280]
[4204721344, 4204721408]
[4204721456, 4204721472]
[4204721520, 4204721536]
[4204721600, 4204721664]
[4204721712, 4204721728]
[4204721776, 4204721792]
[4204721856, 4204721920]
[4204721968, 4204721984]
[4204722032, 4204722048]
[4204722112, 4204722176]
[4204722224, 4204722240]
[4204722288, 4204722304]
[4204722368, 4204722432]
[4204722480, 4204722496]
[4204722544, 4204722560]
[4204722624, 4204722688]
[4204722736, 4204722752]
[4204722800, 4204722816]
[4204722880, 4204722944]
[4204722992, 4204723008]
[4204723056, 4204723072]
[4204723136, 4204723200]
[4204723248, 4204723264]
[4204723312, 4204723328]
[4204723392, 4204723456]
[4204723504, 4204723520]
[4204723568, 4204723584]
[4204723648, 4204723712]
[4204723760, 4204723776]
[4204723824, 4204723840]
[4204723904, 4204723968]
[4204724016, 4204724032]
[4204724080, 4204724096]
[4204724160, 4204785664]
[4204785712, 4204785728]
[4204785776, 4204785792]
[4204785856, 4204785920]
[4204785968, 4204785984]
[4204786032, 4204786048]
[4204786112, 4204786176]
[4204786224, 4204786240]
[4204786288, 4204786304]
[4204786368, 4204786432]
[4204786480, 4204786496]
[4204786544, 4204786560]
[4204786624, 4204786688]
[4204786736, 4204786752]
[4204786800, 4204786816]
[4204786880, 4204786944]
[4204786992, 4204787008]
[4204787056, 4204787072]
[4204787136, 4204787200]
[4204787248, 4204787264]
[4204787312, 4204787328]
[4204787392, 4204787456]
[4204787504, 4204787520]
[4204787568, 4204787584]
[4204787648, 4204787712]
[4204787760, 4204787776]
[4204787824, 4204787840]
[4204787904, 4204787968]
[4204788016, 4204788032]
[4204788080, 4204788096]
[4204788160, 4204788224]
[4204788272, 4204788288]
[4204788336, 4204788352]
[4204788416, 4204788480]
[4204788528, 4204788544]
[4204788592, 4204788608]
[4204788672, 4204788736]
[4204788784, 4204788800]
[4204788848, 4204788864]
[4204788928, 4204788992]
[4204789040, 4204789056]
[4204789104, 4204789120]
[4204789184, 4204789248]
[4204789296, 4204789312]
[4204789360, 4204789376]
[4204789440, 4204789504]
[4204789552, 4204789568]
[4204789616, 4204789632]
[4204789696, 4204851200]
[4204851248, 4204851264]
[4204851312, 4204851328]
[4204851344, 4204851456]
[4204851504, 4204851520]
[4204851568, 4204851584]
[4204851600, 4204851712]
[4204851760, 4204851776]
[4204851824, 4204851840]
[4204851856, 4204851968]
[4204852016, 4204852032]
[4204852080, 4204852096]
[4204852112, 4204852224]
[4204852272, 4204852288]
[4204852336, 4204852352]
[4204852368, 4204852480]
[4204852528, 4204852544]
[4204852592, 4204852608]
[4204852624, 4204852736]
[4204852784, 4204852800]
[4204852848, 4204852864]
[4204852880, 4204852992]
[4204853040, 4204853056]
[4204853104, 4204853120]
[4204853136, 4204853248]
[4204853296, 4204853312]
[4204853360, 4204853376]
[4204853392, 4204853504]
[4204853552, 4204853568]
[4204853616, 4204853632]
[4204853648, 4204853760]
[4204853808, 4204853824]
[4204853872, 4204853888]
[4204853904, 4204854016]
[4204854064, 4204854080]
[4204854128, 4204854144]
[4204854160, 4204854272]
[4204854320, 4204854336]
[4204854384, 4204854400]
[4204854416, 4204854528]
[4204854576, 4204854592]
[4204854640, 4204854656]
[4204854672, 4204854784]
[4204854832, 4204854848]
[4204854896, 4204854912]
[4204854928, 4204855040]
[4204855088, 4204855104]
[4204855152, 4204855168]
[4204855184, 4204916736]
[4204916784, 4204916800]
[4204916848, 4204916864]
[4204916880, 4204916992]
[4204917040, 4204917056]
[4204917104, 4204917120]
[4204917136, 4204917248]
[4204917296, 4204917312]
[4204917360, 4204917376]
[4204917392, 4204917504]
[4204917552, 4204917568]
[4204917616, 4204917632]
[4204917648, 4204917760]
[4204917808, 4204917824]
[4204917872, 4204917888]
[4204917904, 4204918016]
[4204918064, 4204918080]
[4204918128, 4204918144]
[4204918160, 4204918272]
[4204918320, 4204918336]
[4204918384, 4204918400]
[4204918416, 4204918528]
[4204918576, 4204918592]
[4204918640, 4204918656]
[4204918672, 4204918784]
[4204918832, 4204918848]
[4204918896, 4204918912]
[4204918928, 4204919040]
[4204919088, 4204919104]
[4204919152, 4204919168]
[4204919184, 4204919296]
[4204919344, 4204919360]
[4204919408, 4204919424]
[4204919440, 4204919552]
[4204919600, 4204919616]
[4204919664, 4204919680]
[4204919696, 4204919808]
[4204919856, 4204919872]
[4204919920, 4204919936]
[4204919952, 4204920064]
[4204920112, 4204920128]
[4204920176, 4204920192]
[4204920208, 4204920320]
[4204920368, 4204920384]
[4204920432, 4204920448]
[4204920464, 4204920576]
[4204920624, 4204920640]
[4204920688, 4204920704]
[4204920720, 4204982272]
[4204982320, 4204982336]
[4204982384, 4204982400]
[4204982416, 4204982528]
[4204982576, 4204982592]
[4204982640, 4204982656]
[4204982672, 4204982784]
[4204982832, 4204982848]
[4204982896, 4204982912]
[4204982928, 4204983040]
[4204983088, 4204983104]
[4204983152, 4204983168]
[4204983184, 4204983296]
[4204983344, 4204983360]
[4204983408, 4204983424]
[4204983440, 4204983552]
[4204983600, 4204983616]
[4204983664, 4204983680]
[4204983696, 4204983808]
[4204983856, 4204983872]
[4204983920, 4204983936]
[4204983952, 4204984064]
[4204984112, 4204984128]
[4204984176, 4204984192]
[4204984208, 4204984320]
[4204984368, 4204984384]
[4204984432, 4204984448]
[4204984464, 4204984576]
[4204984624, 4204984640]
[4204984688, 4204984704]
[4204984720, 4204984832]
[4204984880, 4204984896]
[4204984944, 4204984960]
[4204984976, 4204985088]
[4204985136, 4204985152]
[4204985200, 4204985216]
[4204985232, 4204985344]
[4204985392, 4204985408]
[4204985456, 4204985472]
[4204985488, 4204985600]
[4204985648, 4204985664]
[4204985712, 4204985728]
[4204985744, 4204985856]
[4204985904, 4204985920]
[4204985968, 4204985984]
[4204986000, 4204986112]
[4204986160, 4204986176]
[4204986224, 4204986240]
[4204986256, 4205047808]
[4205047856, 4205047872]
[4205047920, 4205047936]
[4205047952, 4205048064]
[4205048112, 4205048128]
[4205048176, 4205048192]
[4205048208, 4205048320]
[4205048368, 4205048384]
[4205048432, 4205048448]
[4205048464, 4205048576]
[4205048624, 4205048640]
[4205048688, 4205048704]
[4205048720, 4205048832]
[4205048880, 4205048896]
[4205048944, 4205048960]
[4205048976, 4205049088]
[4205049136, 4205049152]
[4205049200, 4205049216]
[4205049232, 4205049344]
[4205049392, 4205049408]
[4205049456, 4205049472]
[4205049488, 4205049600]
[4205049648, 4205049664]
[4205049712, 4205049728]
[4205049744, 4205049856]
[4205049904, 4205049920]
[4205049968, 4205049984]
[4205050000, 4205050112]
[4205050160, 4205050176]
[4205050224, 4205050240]
[4205050256, 4205050368]
[4205050416, 4205050432]
[4205050480, 4205050496]
[4205050512, 4205050624]
[4205050672, 4205050688]
[4205050736, 4205050752]
[4205050768, 4205050880]
[4205050928, 4205050944]
[4205050992, 4205051008]
[4205051024, 4205051136]
[4205051184, 4205051200]
[4205051248, 4205051264]
[4205051280, 4205051392]
[4205051440, 4205051456]
[4205051504, 4205051520]
[4205051536, 4205051648]
[4205051696, 4205051712]
[4205051760, 4205051776]
[4205051792, 4205113344]
[4205113392, 4205113408]
[4205113456, 4205113472]
[4205113488, 4205113600]
[4205113648, 4205113664]
[4205113712, 4205113728]
[4205113744, 4205113856]
[4205113904, 4205113920]
[4205113968, 4205113984]
[4205114000, 4205114112]
[4205114160, 4205114176]
[4205114224, 4205114240]
[4205114256, 4205114368]
[4205114416, 4205114432]
[4205114480, 4205114496]
[4205114512, 4205114624]
[4205114672, 4205114688]
[4205114736, 4205114752]
[4205114768, 4205114880]
[4205114928, 4205114944]
[4205114992, 4205115008]
[4205115024, 4205115136]
[4205115184, 4205115200]
[4205115248, 4205115264]
[4205115280, 4205115392]
[4205115440, 4205115456]
[4205115504, 4205115520]
[4205115536, 4205115648]
[4205115696, 4205115712]
[4205115760, 4205115776]
[4205115792, 4205115904]
[4205115952, 4205115968]
[4205116016, 4205116032]
[4205116048, 4205116160]
[4205116208, 4205116224]
[4205116272, 4205116288]
[4205116304, 4205116416]
[4205116464, 4205116480]
[4205116528, 4205116544]
[4205116560, 4205116672]
[4205116720, 4205116736]
[4205116784, 4205116800]
[4205116816, 4205116928]
[4205116976, 4205116992]
[4205117040, 4205117056]
[4205117072, 4205117184]
[4205117232, 4205117248]
[4205117296, 4205117312]
[4205117328, 4205178880]
[4205178928, 4205178944]
[4205178992, 4205179008]
[4205179024, 4205179136]
[4205179184, 4205179200]
[4205179248, 4205179264]
[4205179280, 4205179392]
[4205179440, 4205179456]
[4205179504, 4205179520]
[4205179536, 4205179648]
[4205179696, 4205179712]
[4205179760, 4205179776]
[4205179792, 4205179904]
[4205179952, 4205179968]
[4205180016, 4205180032]
[4205180048, 4205180160]
[4205180208, 4205180224]
[4205180272, 4205180288]
[4205180304, 4205180416]
[4205180464, 4205180480]
[4205180528, 4205180544]
[4205180560, 4205180672]
[4205180720, 4205180736]
[4205180784, 4205180800]
[4205180816, 4205180928]
[4205180976, 4205180992]
[4205181040, 4205181056]
[4205181072, 4205181184]
[4205181232, 4205181248]
[4205181296, 4205181312]
[4205181328, 4205181440]
[4205181488, 4205181504]
[4205181552, 4205181568]
[4205181584, 4205181696]
[4205181744, 4205181760]
[4205181808, 4205181824]
[4205181840, 4205181952]
[4205182000, 4205182016]
[4205182064, 4205182080]
[4205182096, 4205182208]
[4205182256, 4205182272]
[4205182320, 4205182336]
[4205182352, 4205182464]
[4205182512, 4205182528]
[4205182576, 4205182592]
[4205182608, 4205182720]
[4205182768, 4205182784]
[4205182832, 4205182848]
[4205182864, 4205244416]
[4205244464, 4205244480]
[4205244528, 4205244544]
[4205244560, 4205244672]
[4205244720, 4205244736]
[4205244784, 4205244800]
[4205244816, 4205244928]
[4205244976, 4205244992]
[4205245040, 4205245056]
[4205245072, 4205245184]
[4205245232, 4205245248]
[4205245296, 4205245312]
[4205245328, 4205245440]
[4205245488, 4205245504]
[4205245552, 4205245568]
[4205245584, 4205245696]
[4205245744, 4205245760]
[4205245808, 4205245824]
[4205245840, 4205245952]
[4205246000, 4205246016]
[4205246064, 4205246080]
[4205246096, 4205246208]
[4205246256, 4205246272]
[4205246320, 4205246336]
[4205246352, 4205246464]
[4205246512, 4205246528]
[4205246576, 4205246592]
[4205246608, 4205246720]
[4205246768, 4205246784]
[4205246832, 4205246848]
[4205246864, 4205246976]
[4205247024, 4205247040]
[4205247088, 4205247104]
[4205247120, 4205247232]
[4205247280, 4205247296]
[4205247344, 4205247360]
[4205247376, 4205247488]
[4205247536, 4205247552]
[4205247600, 4205247616]
[4205247632, 4205247744]
[4205247792, 4205247808]
[4205247856, 4205247872]
[4205247888, 4205248000]
[4205248048, 4205248064]
[4205248112, 4205248128]
[4205248144, 4205248256]
[4205248304, 4205248320]
[4205248368, 4205248384]
[4205248400, 4205309952]
[4205310000, 4205310016]
[4205310064, 4205310080]
[4205310096, 4205310208]
[4205310256, 4205310272]
[4205310320, 4205310336]
[4205310352, 4205310464]
[4205310512, 4205310528]
[4205310576, 4205310592]
[4205310608, 4205310720]
[4205310768, 4205310784]
[4205310832, 4205310848]
[4205310864, 4205310976]
[4205311024, 4205311040]
[4205311088, 4205311104]
[4205311120, 4205311232]
[4205311280, 4205311296]
[4205311344, 4205311360]
[4205311376, 4205311488]
[4205311536, 4205311552]
[4205311600, 4205311616]
[4205311632, 4205311744]
[4205311792, 4205311808]
[4205311856, 4205311872]
[4205311888, 4205312000]
[4205312048, 4205312064]
[4205312112, 4205312128]
[4205312144, 4205312256]
[4205312304, 4205312320]
[4205312368, 4205312384]
[4205312400, 4205312512]
[4205312560, 4205312576]
[4205312624, 4205312640]
[4205312656, 4205312768]
[4205312816, 4205312832]
[4205312880, 4205312896]
[4205312912, 4205313024]
[4205313072, 4205313088]
[4205313136, 4205313152]
[4205313168, 4205313280]
[4205313328, 4205313344]
[4205313392, 4205313408]
[4205313424, 4205313536]
[4205313584, 4205313600]
[4205313648, 4205313664]
[4205313680, 4205313792]
[4205313840, 4205313856]
[4205313904, 4205313920]
[4205313936, 4205375488]
[4205375536, 4205375552]
[4205375600, 4205375616]
[4205375632, 4205375744]
[4205375792, 4205375808]
[4205375856, 4205375872]
[4205375888, 4205376000]
[4205376048, 4205376064]
[4205376112, 4205376128]
[4205376144, 4205376256]
[4205376304, 4205376320]
[4205376368, 4205376384]
[4205376400, 4205376512]
[4205376560, 4205376576]
[4205376624, 4205376640]
[4205376656, 4205376768]
[4205376816, 4205376832]
[4205376880, 4205376896]
[4205376912, 4205377024]
[4205377072, 4205377088]
[4205377136, 4205377152]
[4205377168, 4205377280]
[4205377328, 4205377344]
[4205377392, 4205377408]
[4205377424, 4205377536]
[4205377584, 4205377600]
[4205377648, 4205377664]
[4205377680, 4205377792]
[4205377840, 4205377856]
[4205377904, 4205377920]
[4205377936, 4205378048]
[4205378096, 4205378112]
[4205378160, 4205378176]
[4205378192, 4205378304]
[4205378352, 4205378368]
[4205378416, 4205378432]
[4205378448, 4205378560]
[4205378608, 4205378624]
[4205378672, 4205378688]
[4205378704, 4205378816]
[4205378864, 4205378880]
[4205378928, 4205378944]
[4205378960, 4205379072]
[4205379120, 4205379136]
[4205379184, 4205379200]
[4205379216, 4205379328]
[4205379376, 4205379392]
[4205379440, 4205379456]
[4205379472, 4205441024]
[4205441072, 4205441088]
[4205441136, 4205441152]
[4205441168, 4205441280]
[4205441328, 4205441344]
[4205441392, 4205441408]
[4205441424, 4205441536]
[4205441584, 4205441600]
[4205441648, 4205441664]
[4205441680, 4205441792]
[4205441840, 4205441856]
[4205441904, 4205441920]
[4205441936, 4205442048]
[4205442096, 4205442112]
[4205442160, 4205442176]
[4205442192, 4205442304]
[4205442352, 4205442368]
[4205442416, 4205442432]
[4205442448, 4205442560]
[4205442608, 4205442624]
[4205442672, 4205442688]
[4205442704, 4205442816]
[4205442864, 4205442880]
[4205442928, 4205442944]
[4205442960, 4205443072]
[4205443120, 4205443136]
[4205443184, 4205443200]
[4205443216, 4205443328]
[4205443376, 4205443392]
[4205443440, 4205443456]
[4205443472, 4205443584]
[4205443632, 4205443648]
[4205443696, 4205443712]
[4205443728, 4205443840]
[4205443888, 4205443904]
[4205443952, 4205443968]
[4205443984, 4205444096]
[4205444144, 4205444160]
[4205444208, 4205444224]
[4205444240, 4205444352]
[4205444400, 4205444416]
[4205444464, 4205444480]
[4205444496, 4205444608]
[4205444656, 4205444672]
[4205444720, 4205444736]
[4205444752, 4205444864]
[4205444912, 4205444928]
[4205444976, 4205444992]
[4205445008, 4205506560]
[4205506608, 4205506624]
[4205506672, 4205506688]
[4205506704, 4205506816]
[4205506864, 4205506880]
[4205506928, 4205506944]
[4205506960, 4205507072]
[4205507120, 4205507136]
[4205507184, 4205507200]
[4205507216, 4205507328]
[4205507376, 4205507392]
[4205507440, 4205507456]
[4205507472, 4205507584]
[4205507632, 4205507648]
[4205507696, 4205507712]
[4205507728, 4205507840]
[4205507888, 4205507904]
[4205507952, 4205507968]
[4205507984, 4205508096]
[4205508144, 4205508160]
[4205508208, 4205508224]
[4205508240, 4205508352]
[4205508400, 4205508416]
[4205508464, 4205508480]
[4205508496, 4205508608]
[4205508656, 4205508672]
[4205508720, 4205508736]
[4205508752, 4205508864]
[4205508912, 4205508928]
[4205508976, 4205508992]
[4205509008, 4205509120]
[4205509168, 4205509184]
[4205509232, 4205509248]
[4205509264, 4205509376]
[4205509424, 4205509440]
[4205509488, 4205509504]
[4205509520, 4205509632]
[4205509680, 4205509696]
[4205509744, 4205509760]
[4205509776, 4205509888]
[4205509936, 4205509952]
[4205510000, 4205510016]
[4205510032, 4205510144]
[4205510192, 4205510208]
[4205510256, 4205510272]
[4205510288, 4205510400]
[4205510448, 4205510464]
[4205510512, 4205510528]
[4205510544, 4205572096]
[4205572144, 4205572160]
[4205572208, 4205572224]
[4205572240, 4205572352]
[4205572400, 4205572416]
[4205572464, 4205572480]
[4205572496, 4205572608]
[4205572656, 4205572672]
[4205572720, 4205572736]
[4205572752, 4205572864]
[4205572912, 4205572928]
[4205572976, 4205572992]
[4205573008, 4205573120]
[4205573168, 4205573184]
[4205573232, 4205573248]
[4205573264, 4205573376]
[4205573424, 4205573440]
[4205573488, 4205573504]
[4205573520, 4205573632]
[4205573680, 4205573696]
[4205573744, 4205573760]
[4205573776, 4205573888]
[4205573936, 4205573952]
[4205574000, 4205574016]
[4205574032, 4205574144]
[4205574192, 4205574208]
[4205574256, 4205574272]
[4205574288, 4205574400]
[4205574448, 4205574464]
[4205574512, 4205574528]
[4205574544, 4205574656]
[4205574704, 4205574720]
[4205574768, 4205574784]
[4205574800, 4205574912]
[4205574960, 4205574976]
[4205575024, 4205575040]
[4205575056, 4205575168]
[4205575216, 4205575232]
[4205575280, 4205575296]
[4205575312, 4205575424]
[4205575472, 4205575488]
[4205575536, 4205575552]
[4205575568, 4205575680]
[4205575728, 4205575744]
[4205575792, 4205575808]
[4205575824, 4205575936]
[4205575984, 4205576000]
[4205576048, 4205576064]
[4205576080, 4205637632]
[4205637680, 4205637696]
[4205637744, 4205637760]
[4205637776, 4205637888]
[4205637936, 4205637952]
[4205638000, 4205638016]
[4205638032, 4205638144]
[4205638192, 4205638208]
[4205638256, 4205638272]
[4205638288, 4205638400]
[4205638448, 4205638464]
[4205638512, 4205638528]
[4205638544, 4205638656]
[4205638704, 4205638720]
[4205638768, 4205638784]
[4205638800, 4205638912]
[4205638960, 4205638976]
[4205639024, 4205639040]
[4205639056, 4205639168]
[4205639216, 4205639232]
[4205639280, 4205639296]
[4205639312, 4205639424]
[4205639472, 4205639488]
[4205639536, 4205639552]
[4205639568, 4205639680]
[4205639728, 4205639744]
[4205639792, 4205639808]
[4205639824, 4205639936]
[4205639984, 4205640000]
[4205640048, 4205640064]
[4205640080, 4205640192]
[4205640240, 4205640256]
[4205640304, 4205640320]
[4205640336, 4205640448]
[4205640496, 4205640512]
[4205640560, 4205640576]
[4205640592, 4205640704]
[4205640752, 4205640768]
[4205640816, 4205640832]
[4205640848, 4205640960]
[4205641008, 4205641024]
[4205641072, 4205641088]
[4205641104, 4205641216]
[4205641264, 4205641280]
[4205641328, 4205641344]
[4205641360, 4205641472]
[4205641520, 4205641536]
[4205641584, 4205641600]
[4205641616, 4205703168]
[4205703216, 4205703232]
[4205703280, 4205703296]
[4205703312, 4205703424]
[4205703472, 4205703488]
[4205703536, 4205703552]
[4205703568, 4205703680]
[4205703728, 4205703744]
[4205703792, 4205703808]
[4205703824, 4205703936]
[4205703984, 4205704000]
[4205704048, 4205704064]
[4205704080, 4205704192]
[4205704240, 4205704256]
[4205704304, 4205704320]
[4205704336, 4205704448]
[4205704496, 4205704512]
[4205704560, 4205704576]
[4205704592, 4205704704]
[4205704752, 4205704768]
[4205704816, 4205704832]
[4205704848, 4205704960]
[4205705008, 4205705024]
[4205705072, 4205705088]
[4205705104, 4205705216]
[4205705264, 4205705280]
[4205705328, 4205705344]
[4205705360, 4205705472]
[4205705520, 4205705536]
[4205705584, 4205705600]
[4205705616, 4205705728]
[4205705776, 4205705792]
[4205705840, 4205705856]
[4205705872, 4205705984]
[4205706032, 4205706048]
[4205706096, 4205706112]
[4205706128, 4205706240]
[4205706288, 4205706304]
[4205706352, 4205706368]
[4205706384, 4205706496]
[4205706544, 4205706560]
[4205706608, 4205706624]
[4205706640, 4205706752]
[4205706800, 4205706816]
[4205706864, 4205706880]
[4205706896, 4205707008]
[4205707056, 4205707072]
[4205707120, 4205707136]
[4205707152, 4205768704]
[4205768752, 4205768768]
[4205768816, 4205768832]
[4205768848, 4205768960]
[4205769008, 4205769024]
[4205769072, 4205769088]
[4205769104, 4205769216]
[4205769264, 4205769280]
[4205769328, 4205769344]
[4205769360, 4205769472]
[4205769520, 4205769536]
[4205769584, 4205769600]
[4205769616, 4205769728]
[4205769776, 4205769792]
[4205769840, 4205769856]
[4205769872, 4205769984]
[4205770032, 4205770048]
[4205770096, 4205770112]
[4205770128, 4205770240]
[4205770288, 4205770304]
[4205770352, 4205770368]
[4205770384, 4205770496]
[4205770544, 4205770560]
[4205770608, 4205770624]
[4205770640, 4205770752]
[4205770800, 4205770816]
[4205770864, 4205770880]
[4205770896, 4205771008]
[4205771056, 4205771072]
[4205771120, 4205771136]
[4205771152, 4205771264]
[4205771312, 4205771328]
[4205771376, 4205771392]
[4205771408, 4205771520]
[4205771568, 4205771584]
[4205771632, 4205771648]
[4205771664, 4205771776]
[4205771824, 4205771840]
[4205771888, 4205771904]
[4205771920, 4205772032]
[4205772080, 4205772096]
[4205772144, 4205772160]
[4205772176, 4205772288]
[4205772336, 4205772352]
[4205772400, 4205772416]
[4205772432, 4205772544]
[4205772592, 4205772608]
[4205772656, 4205772672]
[4205772688, 4205834240]
[4205834288, 4205834304]
[4205834352, 4205834368]
[4205834384, 4205834496]
[4205834544, 4205834560]
[4205834608, 4205834624]
[4205834640, 4205834752]
[4205834800, 4205834816]
[4205834864, 4205834880]
[4205834896, 4205835008]
[4205835056, 4205835072]
[4205835120, 4205835136]
[4205835152, 4205835264]
[4205835312, 4205835328]
[4205835376, 4205835392]
[4205835408, 4205835520]
[4205835568, 4205835584]
[4205835632, 4205835648]
[4205835664, 4205835776]
[4205835824, 4205835840]
[4205835888, 4205835904]
[4205835920, 4205836032]
[4205836080, 4205836096]
[4205836144, 4205836160]
[4205836176, 4205836288]
[4205836336, 4205836352]
[4205836400, 4205836416]
[4205836432, 4205836544]
[4205836592, 4205836608]
[4205836656, 4205836672]
[4205836688, 4205836800]
[4205836848, 4205836864]
[4205836912, 4205836928]
[4205836944, 4205837056]
[4205837104, 4205837120]
[4205837168, 4205837184]
[4205837200, 4205837312]
[4205837360, 4205837376]
[4205837424, 4205837440]
[4205837456, 4205837568]
[4205837616, 4205837632]
[4205837680, 4205837696]
[4205837712, 4205837824]
[4205837872, 4205837888]
[4205837936, 4205837952]
[4205837968, 4205838080]
[4205838128, 4205838144]
[4205838192, 4205838208]
[4205838224, 4205899904]
[4205899920, 4205900160]
[4205900176, 4205900416]
[4205900432, 4205900672]
[4205900688, 4205900928]
[4205900944, 4205901184]
[4205901200, 4205901440]
[4205901456, 4205901696]
[4205901712, 4205901952]
[4205901968, 4205902208]
[4205902224, 4205902464]
[4205902480, 4205902720]
[4205902736, 4205902976]
[4205902992, 4205903232]
[4205903248, 4205903488]
[4205903504, 4205903744]
[4205903760, 4205965440]
[4205965456, 4205965696]
[4205965712, 4205965952]
[4205965968, 4205966208]
[4205966224, 4205966464]
[4205966480, 4205966720]
[4205966736, 4205966976]
[4205966992, 4205967232]
[4205967248, 4205967488]
[4205967504, 4205967744]
[4205967760, 4205968000]
[4205968016, 4205968256]
[4205968272, 4205968512]
[4205968528, 4205968768]
[4205968784, 4205969024]
[4205969040, 4205969280]
[4205969296, 4206030976]
[4206030992, 4206031232]
[4206031248, 4206031488]
[4206031504, 4206031744]
[4206031760, 4206032000]
[4206032016, 4206032256]
[4206032272, 4206032512]
[4206032528, 4206032768]
[4206032784, 4206033024]
[4206033040, 4206033280]
[4206033296, 4206033536]
[4206033552, 4206033792]
[4206033808, 4206034048]
[4206034064, 4206034304]
[4206034320, 4206034560]
[4206034576, 4206034816]
[4206034832, 4206096512]
[4206096528, 4206096768]
[4206096784, 4206097024]
[4206097040, 4206097280]
[4206097296, 4206097536]
[4206097552, 4206097792]
[4206097808, 4206098048]
[4206098064, 4206098304]
[4206098320, 4206098560]
[4206098576, 4206098816]
[4206098832, 4206099072]
[4206099088, 4206099328]
[4206099344, 4206099584]
[4206099600, 4206099840]
[4206099856, 4206100096]
[4206100112, 4206100352]
[4206100368, 4206162048]
[4206162064, 4206162304]
[4206162320, 4206162560]
[4206162576, 4206162816]
[4206162832, 4206163072]
[4206163088, 4206163328]
[4206163344, 4206163584]
[4206163600, 4206163840]
[4206163856, 4206164096]
[4206164112, 4206164352]
[4206164368, 4206164608]
[4206164624, 4206164864]
[4206164880, 4206165120]
[4206165136, 4206165376]
[4206165392, 4206165632]
[4206165648, 4206165888]
[4206165904, 4206227584]
[4206227600, 4206227840]
[4206227856, 4206228096]
[4206228112, 4206228352]
[4206228368, 4206228608]
[4206228624, 4206228864]
[4206228880, 4206229120]
[4206229136, 4206229376]
[4206229392, 4206229632]
[4206229648, 4206229888]
[4206229904, 4206230144]
[4206230160, 4206230400]
[4206230416, 4206230656]
[4206230672, 4206230912]
[4206230928, 4206231168]
[4206231184, 4206231424]
[4206231440, 4206293120]
[4206293136, 4206293376]
[4206293392, 4206293632]
[4206293648, 4206293888]
[4206293904, 4206294144]
[4206294160, 4206294400]
[4206294416, 4206294656]
[4206294672, 4206294912]
[4206294928, 4206295168]
[4206295184, 4206295424]
[4206295440, 4206295680]
[4206295696, 4206295936]
[4206295952, 4206296192]
[4206296208, 4206296448]
[4206296464, 4206296704]
[4206296720, 4206296960]
[4206296976, 4206358656]
[4206358672, 4206358912]
[4206358928, 4206359168]
[4206359184, 4206359424]
[4206359440, 4206359680]
[4206359696, 4206359936]
[4206359952, 4206360192]
[4206360208, 4206360448]
[4206360464, 4206360704]
[4206360720, 4206360960]
[4206360976, 4206361216]
[4206361232, 4206361472]
[4206361488, 4206361728]
[4206361744, 4206361984]
[4206362000, 4206362240]
[4206362256, 4206362496]
[4206362512, 4206424192]
[4206424208, 4206424448]
[4206424464, 4206424704]
[4206424720, 4206424960]
[4206424976, 4206425216]
[4206425232, 4206425472]
[4206425488, 4206425728]
[4206425744, 4206425984]
[4206426000, 4206426240]
[4206426256, 4206426496]
[4206426512, 4206426752]
[4206426768, 4206427008]
[4206427024, 4206427264]
[4206427280, 4206427520]
[4206427536, 4206427776]
[4206427792, 4206428032]
[4206428048, 4206489728]
[4206489744, 4206489984]
[4206490000, 4206490240]
[4206490256, 4206490496]
[4206490512, 4206490752]
[4206490768, 4206491008]
[4206491024, 4206491264]
[4206491280, 4206491520]
[4206491536, 4206491776]
[4206491792, 4206492032]
[4206492048, 4206492288]
[4206492304, 4206492544]
[4206492560, 4206492800]
[4206492816, 4206493056]
[4206493072, 4206493312]
[4206493328, 4206493568]
[4206493584, 4206555264]
[4206555280, 4206555520]
[4206555536, 4206555776]
[4206555792, 4206556032]
[4206556048, 4206556288]
[4206556304, 4206556544]
[4206556560, 4206556800]
[4206556816, 4206557056]
[4206557072, 4206557312]
[4206557328, 4206557568]
[4206557584, 4206557824]
[4206557840, 4206558080]
[4206558096, 4206558336]
[4206558352, 4206558592]
[4206558608, 4206558848]
[4206558864, 4206559104]
[4206559120, 4206620800]
[4206620816, 4206621056]
[4206621072, 4206621312]
[4206621328, 4206621568]
[4206621584, 4206621824]
[4206621840, 4206622080]
[4206622096, 4206622336]
[4206622352, 4206622592]
[4206622608, 4206622848]
[4206622864, 4206623104]
[4206623120, 4206623360]
[4206623376, 4206623616]
[4206623632, 4206623872]
[4206623888, 4206624128]
[4206624144, 4206624384]
[4206624400, 4206624640]
[4206624656, 4206686336]
[4206686352, 4206686592]
[4206686608, 4206686848]
[4206686864, 4206687104]
[4206687120, 4206687360]
[4206687376, 4206687616]
[4206687632, 4206687872]
[4206687888, 4206688128]
[4206688144, 4206688384]
[4206688400, 4206688640]
[4206688656, 4206688896]
[4206688912, 4206689152]
[4206689168, 4206689408]
[4206689424, 4206689664]
[4206689680, 4206689920]
[4206689936, 4206690176]
[4206690192, 4206751872]
[4206751888, 4206752128]
[4206752144, 4206752384]
[4206752400, 4206752640]
[4206752656, 4206752896]
[4206752912, 4206753152]
[4206753168, 4206753408]
[4206753424, 4206753664]
[4206753680, 4206753920]
[4206753936, 4206754176]
[4206754192, 4206754432]
[4206754448, 4206754688]
[4206754704, 4206754944]
[4206754960, 4206755200]
[4206755216, 4206755456]
[4206755472, 4206755712]
[4206755728, 4206817408]
[4206817424, 4206817664]
[4206817680, 4206817920]
[4206817936, 4206818176]
[4206818192, 4206818432]
[4206818448, 4206818688]
[4206818704, 4206818944]
[4206818960, 4206819200]
[4206819216, 4206819456]
[4206819472, 4206819712]
[4206819728, 4206819968]
[4206819984, 4206820224]
[4206820240, 4206820480]
[4206820496, 4206820736]
[4206820752, 4206820992]
[4206821008, 4206821248]
[4206821264, 4206882944]
[4206882960, 4206883200]
[4206883216, 4206883456]
[4206883472, 4206883712]
[4206883728, 4206883968]
[4206883984, 4206884224]
[4206884240, 4206884480]
[4206884496, 4206884736]
[4206884752, 4206884992]
[4206885008, 4206885248]
[4206885264, 4206885504]
[4206885520, 4206885760]
[4206885776, 4206886016]
[4206886032, 4206886272]
[4206886288, 4206886528]
[4206886544, 4206886784]
[4206886800, 4206948352]
[4206948400, 4206948416]
[4206948464, 4206948480]
[4206948544, 4206948608]
[4206948656, 4206948672]
[4206948720, 4206948736]
[4206948800, 4206948864]
[4206948912, 4206948928]
[4206948976, 4206948992]
[4206949056, 4206949120]
[4206949168, 4206949184]
[4206949232, 4206949248]
[4206949312, 4206949376]
[4206949424, 4206949440]
[4206949488, 4206949504]
[4206949568, 4206949632]
[4206949680, 4206949696]
[4206949744, 4206949760]
[4206949824, 4206949888]
[4206949936, 4206949952]
[4206950000, 4206950016]
[4206950080, 4206950144]
[4206950192, 4206950208]
[4206950256, 4206950272]
[4206950336, 4206950400]
[4206950448, 4206950464]
[4206950512, 4206950528]
[4206950592, 4206950656]
[4206950704, 4206950720]
[4206950768, 4206950784]
[4206950848, 4206950912]
[4206950960, 4206950976]
[4206951024, 4206951040]
[4206951104, 4206951168]
[4206951216, 4206951232]
[4206951280, 4206951296]
[4206951360, 4206951424]
[4206951472, 4206951488]
[4206951536, 4206951552]
[4206951616, 4206951680]
[4206951728, 4206951744]
[4206951792, 4206951808]
[4206951872, 4206951936]
[4206951984, 4206952000]
[4206952048, 4206952064]
[4206952128, 4206952192]
[4206952240, 4206952256]
[4206952304, 4206952320]
[4206952384, 4207013888]
[4207013936, 4207013952]
[4207014000, 4207014016]
[4207014080, 4207014144]
[4207014192, 4207014208]
[4207014256, 4207014272]
[4207014336, 4207014400]
[4207014448, 4207014464]
[4207014512, 4207014528]
[4207014592, 4207014656]
[4207014704, 4207014720]
[4207014768, 4207014784]
[4207014848, 4207014912]
[4207014960, 4207014976]
[4207015024, 4207015040]
[4207015104, 4207015168]
[4207015216, 4207015232]
[4207015280, 4207015296]
[4207015360, 4207015424]
[4207015472, 4207015488]
[4207015536, 4207015552]
[4207015616, 4207015680]
[4207015728, 4207015744]
[4207015792, 4207015808]
[4207015872, 4207015936]
[4207015984, 4207016000]
[4207016048, 4207016064]
[4207016128, 4207016192]
[4207016240, 4207016256]
[4207016304, 4207016320]
[4207016384, 4207016448]
[4207016496, 4207016512]
[4207016560, 4207016576]
[4207016640, 4207016704]
[4207016752, 4207016768]
[4207016816, 4207016832]
[4207016896, 4207016960]
[4207017008, 4207017024]
[4207017072, 4207017088]
[4207017152, 4207017216]
[4207017264, 4207017280]
[4207017328, 4207017344]
[4207017408, 4207017472]
[4207017520, 4207017536]
[4207017584, 4207017600]
[4207017664, 4207017728]
[4207017776, 4207017792]
[4207017840, 4207017856]
[4207017920, 4207079424]
[4207079472, 4207079488]
[4207079536, 4207079552]
[4207079616, 4207079680]
[4207079728, 4207079744]
[4207079792, 4207079808]
[4207079872, 4207079936]
[4207079984, 4207080000]
[4207080048, 4207080064]
[4207080128, 4207080192]
[4207080240, 4207080256]
[4207080304, 4207080320]
[4207080384, 4207080448]
[4207080496, 4207080512]
[4207080560, 4207080576]
[4207080640, 4207080704]
[4207080752, 4207080768]
[4207080816, 4207080832]
[4207080896, 4207080960]
[4207081008, 4207081024]
[4207081072, 4207081088]
[4207081152, 4207081216]
[4207081264, 4207081280]
[4207081328, 4207081344]
[4207081408, 4207081472]
[4207081520, 4207081536]
[4207081584, 4207081600]
[4207081664, 4207081728]
[4207081776, 4207081792]
[4207081840, 4207081856]
[4207081920, 4207081984]
[4207082032, 4207082048]
[4207082096, 4207082112]
[4207082176, 4207082240]
[4207082288, 4207082304]
[4207082352, 4207082368]
[4207082432, 4207082496]
[4207082544, 4207082560]
[4207082608, 4207082624]
[4207082688, 4207082752]
[4207082800, 4207082816]
[4207082864, 4207082880]
[4207082944, 4207083008]
[4207083056, 4207083072]
[4207083120, 4207083136]
[4207083200, 4207083264]
[4207083312, 4207083328]
[4207083376, 4207083392]
[4207083456, 4207144960]
[4207145008, 4207145024]
[4207145072, 4207145088]
[4207145152, 4207145216]
[4207145264, 4207145280]
[4207145328, 4207145344]
[4207145408, 4207145472]
[4207145520, 4207145536]
[4207145584, 4207145600]
[4207145664, 4207145728]
[4207145776, 4207145792]
[4207145840, 4207145856]
[4207145920, 4207145984]
[4207146032, 4207146048]
[4207146096, 4207146112]
[4207146176, 4207146240]
[4207146288, 4207146304]
[4207146352, 4207146368]
[4207146432, 4207146496]
[4207146544, 4207146560]
[4207146608, 4207146624]
[4207146688, 4207146752]
[4207146800, 4207146816]
[4207146864, 4207146880]
[4207146944, 4207147008]
[4207147056, 4207147072]
[4207147120, 4207147136]
[4207147200, 4207147264]
[4207147312, 4207147328]
[4207147376, 4207147392]
[4207147456, 4207147520]
[4207147568, 4207147584]
[4207147632, 4207147648]
[4207147712, 4207147776]
[4207147824, 4207147840]
[4207147888, 4207147904]
[4207147968, 4207148032]
[4207148080, 4207148096]
[4207148144, 4207148160]
[4207148224, 4207148288]
[4207148336, 4207148352]
[4207148400, 4207148416]
[4207148480, 4207148544]
[4207148592, 4207148608]
[4207148656, 4207148672]
[4207148736, 4207148800]
[4207148848, 4207148864]
[4207148912, 4207148928]
[4207148992, 4207210496]
[4207210544, 4207210560]
[4207210608, 4207210624]
[4207210688, 4207210752]
[4207210800, 4207210816]
[4207210864, 4207210880]
[4207210944, 4207211008]
[4207211056, 4207211072]
[4207211120, 4207211136]
[4207211200, 4207211264]
[4207211312, 4207211328]
[4207211376, 4207211392]
[4207211456, 4207211520]
[4207211568, 4207211584]
[4207211632, 4207211648]
[4207211712, 4207211776]
[4207211824, 4207211840]
[4207211888, 4207211904]
[4207211968, 4207212032]
[4207212080, 4207212096]
[4207212144, 4207212160]
[4207212224, 4207212288]
[4207212336, 4207212352]
[4207212400, 4207212416]
[4207212480, 4207212544]
[4207212592, 4207212608]
[4207212656, 4207212672]
[4207212736, 4207212800]
[4207212848, 4207212864]
[4207212912, 4207212928]
[4207212992, 4207213056]
[4207213104, 4207213120]
[4207213168, 4207213184]
[4207213248, 4207213312]
[4207213360, 4207213376]
[4207213424, 4207213440]
[4207213504, 4207213568]
[4207213616, 4207213632]
[4207213680, 4207213696]
[4207213760, 4207213824]
[4207213872, 4207213888]
[4207213936, 4207213952]
[4207214016, 4207214080]
[4207214128, 4207214144]
[4207214192, 4207214208]
[4207214272, 4207214336]
[4207214384, 4207214400]
[4207214448, 4207214464]
[4207214528, 4207276032]
[4207276080, 4207276096]
[4207276144, 4207276160]
[4207276224, 4207276288]
[4207276336, 4207276352]
[4207276400, 4207276416]
[4207276480, 4207276544]
[4207276592, 4207276608]
[4207276656, 4207276672]
[4207276736, 4207276800]
[4207276848, 4207276864]
[4207276912, 4207276928]
[4207276992, 4207277056]
[4207277104, 4207277120]
[4207277168, 4207277184]
[4207277248, 4207277312]
[4207277360, 4207277376]
[4207277424, 4207277440]
[4207277504, 4207277568]
[4207277616, 4207277632]
[4207277680, 4207277696]
[4207277760, 4207277824]
[4207277872, 4207277888]
[4207277936, 4207277952]
[4207278016, 4207278080]
[4207278128, 4207278144]
[4207278192, 4207278208]
[4207278272, 4207278336]
[4207278384, 4207278400]
[4207278448, 4207278464]
[4207278528, 4207278592]
[4207278640, 4207278656]
[4207278704, 4207278720]
[4207278784, 4207278848]
[4207278896, 4207278912]
[4207278960, 4207278976]
[4207279040, 4207279104]
[4207279152, 4207279168]
[4207279216, 4207279232]
[4207279296, 4207279360]
[4207279408, 4207279424]
[4207279472, 4207279488]
[4207279552, 4207279616]
[4207279664, 4207279680]
[4207279728, 4207279744]
[4207279808, 4207279872]
[4207279920, 4207279936]
[4207279984, 4207280000]
[4207280064, 4207341568]
[4207341616, 4207341632]
[4207341680, 4207341696]
[4207341760, 4207341824]
[4207341872, 4207341888]
[4207341936, 4207341952]
[4207342016, 4207342080]
[4207342128, 4207342144]
[4207342192, 4207342208]
[4207342272, 4207342336]
[4207342384, 4207342400]
[4207342448, 4207342464]
[4207342528, 4207342592]
[4207342640, 4207342656]
[4207342704, 4207342720]
[4207342784, 4207342848]
[4207342896, 4207342912]
[4207342960, 4207342976]
[4207343040, 4207343104]
[4207343152, 4207343168]
[4207343216, 4207343232]
[4207343296, 4207343360]
[4207343408, 4207343424]
[4207343472, 4207343488]
[4207343552, 4207343616]
[4207343664, 4207343680]
[4207343728, 4207343744]
[4207343808, 4207343872]
[4207343920, 4207343936]
[4207343984, 4207344000]
[4207344064, 4207344128]
[4207344176, 4207344192]
[4207344240, 4207344256]
[4207344320, 4207344384]
[4207344432, 4207344448]
[4207344496, 4207344512]
[4207344576, 4207344640]
[4207344688, 4207344704]
[4207344752, 4207344768]
[4207344832, 4207344896]
[4207344944, 4207344960]
[4207345008, 4207345024]
[4207345088, 4207345152]
[4207345200, 4207345216]
[4207345264, 4207345280]
[4207345344, 4207345408]
[4207345456, 4207345472]
[4207345520, 4207345536]
[4207345600, 4207407104]
[4207407152, 4207407168]
[4207407216, 4207407232]
[4207407296, 4207407360]
[4207407408, 4207407424]
[4207407472, 4207407488]
[4207407552, 4207407616]
[4207407664, 4207407680]
[4207407728, 4207407744]
[4207407808, 4207407872]
[4207407920, 4207407936]
[4207407984, 4207408000]
[4207408064, 4207408128]
[4207408176, 4207408192]
[4207408240, 4207408256]
[4207408320, 4207408384]
[4207408432, 4207408448]
[4207408496, 4207408512]
[4207408576, 4207408640]
[4207408688, 4207408704]
[4207408752, 4207408768]
[4207408832, 4207408896]
[4207408944, 4207408960]
[4207409008, 4207409024]
[4207409088, 4207409152]
[4207409200, 4207409216]
[4207409264, 4207409280]
[4207409344, 4207409408]
[4207409456, 4207409472]
[4207409520, 4207409536]
[4207409600, 4207409664]
[4207409712, 4207409728]
[4207409776, 4207409792]
[4207409856, 4207409920]
[4207409968, 4207409984]
[4207410032, 4207410048]
[4207410112, 4207410176]
[4207410224, 4207410240]
[4207410288, 4207410304]
[4207410368, 4207410432]
[4207410480, 4207410496]
[4207410544, 4207410560]
[4207410624, 4207410688]
[4207410736, 4207410752]
[4207410800, 4207410816]
[4207410880, 4207410944]
[4207410992, 4207411008]
[4207411056, 4207411072]
[4207411136, 4207472640]
[4207472688, 4207472704]
[4207472752, 4207472768]
[4207472832, 4207472896]
[4207472944, 4207472960]
[4207473008, 4207473024]
[4207473088, 4207473152]
[4207473200, 4207473216]
[4207473264, 4207473280]
[4207473344, 4207473408]
[4207473456, 4207473472]
[4207473520, 4207473536]
[4207473600, 4207473664]
[4207473712, 4207473728]
[4207473776, 4207473792]
[4207473856, 4207473920]
[4207473968, 4207473984]
[4207474032, 4207474048]
[4207474112, 4207474176]
[4207474224, 4207474240]
[4207474288, 4207474304]
[4207474368, 4207474432]
[4207474480, 4207474496]
[4207474544, 4207474560]
[4207474624, 4207474688]
[4207474736, 4207474752]
[4207474800, 4207474816]
[4207474880, 4207474944]
[4207474992, 4207475008]
[4207475056, 4207475072]
[4207475136, 4207475200]
[4207475248, 4207475264]
[4207475312, 4207475328]
[4207475392, 4207475456]
[4207475504, 4207475520]
[4207475568, 4207475584]
[4207475648, 4207475712]
[4207475760, 4207475776]
[4207475824, 4207475840]
[4207475904, 4207475968]
[4207476016, 4207476032]
[4207476080, 4207476096]
[4207476160, 4207476224]
[4207476272, 4207476288]
[4207476336, 4207476352]
[4207476416, 4207476480]
[4207476528, 4207476544]
[4207476592, 4207476608]
[4207476672, 4207538176]
[4207538224, 4207538240]
[4207538288, 4207538304]
[4207538368, 4207538432]
[4207538480, 4207538496]
[4207538544, 4207538560]
[4207538624, 4207538688]
[4207538736, 4207538752]
[4207538800, 4207538816]
[4207538880, 4207538944]
[4207538992, 4207539008]
[4207539056, 4207539072]
[4207539136, 4207539200]
[4207539248, 4207539264]
[4207539312, 4207539328]
[4207539392, 4207539456]
[4207539504, 4207539520]
[4207539568, 4207539584]
[4207539648, 4207539712]
[4207539760, 4207539776]
[4207539824, 4207539840]
[4207539904, 4207539968]
[4207540016, 4207540032]
[4207540080, 4207540096]
[4207540160, 4207540224]
[4207540272, 4207540288]
[4207540336, 4207540352]
[4207540416, 4207540480]
[4207540528, 4207540544]
[4207540592, 4207540608]
[4207540672, 4207540736]
[4207540784, 4207540800]
[4207540848, 4207540864]
[4207540928, 4207540992]
[4207541040, 4207541056]
[4207541104, 4207541120]
[4207541184, 4207541248]
[4207541296, 4207541312]
[4207541360, 4207541376]
[4207541440, 4207541504]
[4207541552, 4207541568]
[4207541616, 4207541632]
[4207541696, 4207541760]
[4207541808, 4207541824]
[4207541872, 4207541888]
[4207541952, 4207542016]
[4207542064, 4207542080]
[4207542128, 4207542144]
[4207542208, 4207603712]
[4207603760, 4207603776]
[4207603824, 4207603840]
[4207603904, 4207603968]
[4207604016, 4207604032]
[4207604080, 4207604096]
[4207604160, 4207604224]
[4207604272, 4207604288]
[4207604336, 4207604352]
[4207604416, 4207604480]
[4207604528, 4207604544]
[4207604592, 4207604608]
[4207604672, 4207604736]
[4207604784, 4207604800]
[4207604848, 4207604864]
[4207604928, 4207604992]
[4207605040, 4207605056]
[4207605104, 4207605120]
[4207605184, 4207605248]
[4207605296, 4207605312]
[4207605360, 4207605376]
[4207605440, 4207605504]
[4207605552, 4207605568]
[4207605616, 4207605632]
[4207605696, 4207605760]
[4207605808, 4207605824]
[4207605872, 4207605888]
[4207605952, 4207606016]
[4207606064, 4207606080]
[4207606128, 4207606144]
[4207606208, 4207606272]
[4207606320, 4207606336]
[4207606384, 4207606400]
[4207606464, 4207606528]
[4207606576, 4207606592]
[4207606640, 4207606656]
[4207606720, 4207606784]
[4207606832, 4207606848]
[4207606896, 4207606912]
[4207606976, 4207607040]
[4207607088, 4207607104]
[4207607152, 4207607168]
[4207607232, 4207607296]
[4207607344, 4207607360]
[4207607408, 4207607424]
[4207607488, 4207607552]
[4207607600, 4207607616]
[4207607664, 4207607680]
[4207607744, 4207669248]
[4207669296, 4207669312]
[4207669360, 4207669376]
[4207669440, 4207669504]
[4207669552, 4207669568]
[4207669616, 4207669632]
[4207669696, 4207669760]
[4207669808, 4207669824]
[4207669872, 4207669888]
[4207669952, 4207670016]
[4207670064, 4207670080]
[4207670128, 4207670144]
[4207670208, 4207670272]
[4207670320, 4207670336]
[4207670384, 4207670400]
[4207670464, 4207670528]
[4207670576, 4207670592]
[4207670640, 4207670656]
[4207670720, 4207670784]
[4207670832, 4207670848]
[4207670896, 4207670912]
[4207670976, 4207671040]
[4207671088, 4207671104]
[4207671152, 4207671168]
[4207671232, 4207671296]
[4207671344, 4207671360]
[4207671408, 4207671424]
[4207671488, 4207671552]
[4207671600, 4207671616]
[4207671664, 4207671680]
[4207671744, 4207671808]
[4207671856, 4207671872]
[4207671920, 4207671936]
[4207672000, 4207672064]
[4207672112, 4207672128]
[4207672176, 4207672192]
[4207672256, 4207672320]
[4207672368, 4207672384]
[4207672432, 4207672448]
[4207672512, 4207672576]
[4207672624, 4207672640]
[4207672688, 4207672704]
[4207672768, 4207672832]
[4207672880, 4207672896]
[4207672944, 4207672960]
[4207673024, 4207673088]
[4207673136, 4207673152]
[4207673200, 4207673216]
[4207673280, 4207734784]
[4207734832, 4207734848]
[4207734896, 4207734912]
[4207734976, 4207735040]
[4207735088, 4207735104]
[4207735152, 4207735168]
[4207735232, 4207735296]
[4207735344, 4207735360]
[4207735408, 4207735424]
[4207735488, 4207735552]
[4207735600, 4207735616]
[4207735664, 4207735680]
[4207735744, 4207735808]
[4207735856, 4207735872]
[4207735920, 4207735936]
[4207736000, 4207736064]
[4207736112, 4207736128]
[4207736176, 4207736192]
[4207736256, 4207736320]
[4207736368, 4207736384]
[4207736432, 4207736448]
[4207736512, 4207736576]
[4207736624, 4207736640]
[4207736688, 4207736704]
[4207736768, 4207736832]
[4207736880, 4207736896]
[4207736944, 4207736960]
[4207737024, 4207737088]
[4207737136, 4207737152]
[4207737200, 4207737216]
[4207737280, 4207737344]
[4207737392, 4207737408]
[4207737456, 4207737472]
[4207737536, 4207737600]
[4207737648, 4207737664]
[4207737712, 4207737728]
[4207737792, 4207737856]
[4207737904, 4207737920]
[4207737968, 4207737984]
[4207738048, 4207738112]
[4207738160, 4207738176]
[4207738224, 4207738240]
[4207738304, 4207738368]
[4207738416, 4207738432]
[4207738480, 4207738496]
[4207738560, 4207738624]
[4207738672, 4207738688]
[4207738736, 4207738752]
[4207738816, 4207800320]
[4207800368, 4207800384]
[4207800432, 4207800448]
[4207800512, 4207800576]
[4207800624, 4207800640]
[4207800688, 4207800704]
[4207800768, 4207800832]
[4207800880, 4207800896]
[4207800944, 4207800960]
[4207801024, 4207801088]
[4207801136, 4207801152]
[4207801200, 4207801216]
[4207801280, 4207801344]
[4207801392, 4207801408]
[4207801456, 4207801472]
[4207801536, 4207801600]
[4207801648, 4207801664]
[4207801712, 4207801728]
[4207801792, 4207801856]
[4207801904, 4207801920]
[4207801968, 4207801984]
[4207802048, 4207802112]
[4207802160, 4207802176]
[4207802224, 4207802240]
[4207802304, 4207802368]
[4207802416, 4207802432]
[4207802480, 4207802496]
[4207802560, 4207802624]
[4207802672, 4207802688]
[4207802736, 4207802752]
[4207802816, 4207802880]
[4207802928, 4207802944]
[4207802992, 4207803008]
[4207803072, 4207803136]
[4207803184, 4207803200]
[4207803248, 4207803264]
[4207803328, 4207803392]
[4207803440, 4207803456]
[4207803504, 4207803520]
[4207803584, 4207803648]
[4207803696, 4207803712]
[4207803760, 4207803776]
[4207803840, 4207803904]
[4207803952, 4207803968]
[4207804016, 4207804032]
[4207804096, 4207804160]
[4207804208, 4207804224]
[4207804272, 4207804288]
[4207804352, 4207865856]
[4207865904, 4207865920]
[4207865968, 4207865984]
[4207866048, 4207866112]
[4207866160, 4207866176]
[4207866224, 4207866240]
[4207866304, 4207866368]
[4207866416, 4207866432]
[4207866480, 4207866496]
[4207866560, 4207866624]
[4207866672, 4207866688]
[4207866736, 4207866752]
[4207866816, 4207866880]
[4207866928, 4207866944]
[4207866992, 4207867008]
[4207867072, 4207867136]
[4207867184, 4207867200]
[4207867248, 4207867264]
[4207867328, 4207867392]
[4207867440, 4207867456]
[4207867504, 4207867520]
[4207867584, 4207867648]
[4207867696, 4207867712]
[4207867760, 4207867776]
[4207867840, 4207867904]
[4207867952, 4207867968]
[4207868016, 4207868032]
[4207868096, 4207868160]
[4207868208, 4207868224]
[4207868272, 4207868288]
[4207868352, 4207868416]
[4207868464, 4207868480]
[4207868528, 4207868544]
[4207868608, 4207868672]
[4207868720, 4207868736]
[4207868784, 4207868800]
[4207868864, 4207868928]
[4207868976, 4207868992]
[4207869040, 4207869056]
[4207869120, 4207869184]
[4207869232, 4207869248]
[4207869296, 4207869312]
[4207869376, 4207869440]
[4207869488, 4207869504]
[4207869552, 4207869568]
[4207869632, 4207869696]
[4207869744, 4207869760]
[4207869808, 4207869824]
[4207869888, 4207931392]
[4207931440, 4207931456]
[4207931504, 4207931520]
[4207931584, 4207931648]
[4207931696, 4207931712]
[4207931760, 4207931776]
[4207931840, 4207931904]
[4207931952, 4207931968]
[4207932016, 4207932032]
[4207932096, 4207932160]
[4207932208, 4207932224]
[4207932272, 4207932288]
[4207932352, 4207932416]
[4207932464, 4207932480]
[4207932528, 4207932544]
[4207932608, 4207932672]
[4207932720, 4207932736]
[4207932784, 4207932800]
[4207932864, 4207932928]
[4207932976, 4207932992]
[4207933040, 4207933056]
[4207933120, 4207933184]
[4207933232, 4207933248]
[4207933296, 4207933312]
[4207933376, 4207933440]
[4207933488, 4207933504]
[4207933552, 4207933568]
[4207933632, 4207933696]
[4207933744, 4207933760]
[4207933808, 4207933824]
[4207933888, 4207933952]
[4207934000, 4207934016]
[4207934064, 4207934080]
[4207934144, 4207934208]
[4207934256, 4207934272]
[4207934320, 4207934336]
[4207934400, 4207934464]
[4207934512, 4207934528]
[4207934576, 4207934592]
[4207934656, 4207934720]
[4207934768, 4207934784]
[4207934832, 4207934848]
[4207934912, 4207934976]
[4207935024, 4207935040]
[4207935088, 4207935104]
[4207935168, 4207935232]
[4207935280, 4207935296]
[4207935344, 4207935360]
[4207935424, 4207996928]
[4207996976, 4207996992]
[4207997040, 4207997056]
[4207997120, 4207997184]
[4207997232, 4207997248]
[4207997296, 4207997312]
[4207997376, 4207997440]
[4207997488, 4207997504]
[4207997552, 4207997568]
[4207997632, 4207997696]
[4207997744, 4207997760]
[4207997808, 4207997824]
[4207997888, 4207997952]
[4207998000, 4207998016]
[4207998064, 4207998080]
[4207998144, 4207998208]
[4207998256, 4207998272]
[4207998320, 4207998336]
[4207998400, 4207998464]
[4207998512, 4207998528]
[4207998576, 4207998592]
[4207998656, 4207998720]
[4207998768, 4207998784]
[4207998832, 4207998848]
[4207998912, 4207998976]
[4207999024, 4207999040]
[4207999088, 4207999104]
[4207999168, 4207999232]
[4207999280, 4207999296]
[4207999344, 4207999360]
[4207999424, 4207999488]
[4207999536, 4207999552]
[4207999600, 4207999616]
[4207999680, 4207999744]
[4207999792, 4207999808]
[4207999856, 4207999872]
[4207999936, 4208000000]
[4208000048, 4208000064]
[4208000112, 4208000128]
[4208000192, 4208000256]
[4208000304, 4208000320]
[4208000368, 4208000384]
[4208000448, 4208000512]
[4208000560, 4208000576]
[4208000624, 4208000640]
[4208000704, 4208000768]
[4208000816, 4208000832]
[4208000880, 4208000896]
[4208000960, 4208062464]
[4208062512, 4208062528]
[4208062576, 4208062592]
[4208062656, 4208062720]
[4208062768, 4208062784]
[4208062832, 4208062848]
[4208062912, 4208062976]
[4208063024, 4208063040]
[4208063088, 4208063104]
[4208063168, 4208063232]
[4208063280, 4208063296]
[4208063344, 4208063360]
[4208063424, 4208063488]
[4208063536, 4208063552]
[4208063600, 4208063616]
[4208063680, 4208063744]
[4208063792, 4208063808]
[4208063856, 4208063872]
[4208063936, 4208064000]
[4208064048, 4208064064]
[4208064112, 4208064128]
[4208064192, 4208064256]
[4208064304, 4208064320]
[4208064368, 4208064384]
[4208064448, 4208064512]
[4208064560, 4208064576]
[4208064624, 4208064640]
[4208064704, 4208064768]
[4208064816, 4208064832]
[4208064880, 4208064896]
[4208064960, 4208065024]
[4208065072, 4208065088]
[4208065136, 4208065152]
[4208065216, 4208065280]
[4208065328, 4208065344]
[4208065392, 4208065408]
[4208065472, 4208065536]
[4208065584, 4208065600]
[4208065648, 4208065664]
[4208065728, 4208065792]
[4208065840, 4208065856]
[4208065904, 4208065920]
[4208065984, 4208066048]
[4208066096, 4208066112]
[4208066160, 4208066176]
[4208066240, 4208066304]
[4208066352, 4208066368]
[4208066416, 4208066432]
[4208066496, 4208128000]
[4208128048, 4208128064]
[4208128112, 4208128128]
[4208128192, 4208128256]
[4208128304, 4208128320]
[4208128368, 4208128384]
[4208128448, 4208128512]
[4208128560, 4208128576]
[4208128624, 4208128640]
[4208128704, 4208128768]
[4208128816, 4208128832]
[4208128880, 4208128896]
[4208128960, 4208129024]
[4208129072, 4208129088]
[4208129136, 4208129152]
[4208129216, 4208129280]
[4208129328, 4208129344]
[4208129392, 4208129408]
[4208129472, 4208129536]
[4208129584, 4208129600]
[4208129648, 4208129664]
[4208129728, 4208129792]
[4208129840, 4208129856]
[4208129904, 4208129920]
[4208129984, 4208130048]
[4208130096, 4208130112]
[4208130160, 4208130176]
[4208130240, 4208130304]
[4208130352, 4208130368]
[4208130416, 4208130432]
[4208130496, 4208130560]
[4208130608, 4208130624]
[4208130672, 4208130688]
[4208130752, 4208130816]
[4208130864, 4208130880]
[4208130928, 4208130944]
[4208131008, 4208131072]
[4208131120, 4208131136]
[4208131184, 4208131200]
[4208131264, 4208131328]
[4208131376, 4208131392]
[4208131440, 4208131456]
[4208131520, 4208131584]
[4208131632, 4208131648]
[4208131696, 4208131712]
[4208131776, 4208131840]
[4208131888, 4208131904]
[4208131952, 4208131968]
[4208132032, 4208193536]
[4208193584, 4208193600]
[4208193648, 4208193664]
[4208193728, 4208193792]
[4208193840, 4208193856]
[4208193904, 4208193920]
[4208193984, 4208194048]
[4208194096, 4208194112]
[4208194160, 4208194176]
[4208194240, 4208194304]
[4208194352, 4208194368]
[4208194416, 4208194432]
[4208194496, 4208194560]
[4208194608, 4208194624]
[4208194672, 4208194688]
[4208194752, 4208194816]
[4208194864, 4208194880]
[4208194928, 4208194944]
[4208195008, 4208195072]
[4208195120, 4208195136]
[4208195184, 4208195200]
[4208195264, 4208195328]
[4208195376, 4208195392]
[4208195440, 4208195456]
[4208195520, 4208195584]
[4208195632, 4208195648]
[4208195696, 4208195712]
[4208195776, 4208195840]
[4208195888, 4208195904]
[4208195952, 4208195968]
[4208196032, 4208196096]
[4208196144, 4208196160]
[4208196208, 4208196224]
[4208196288, 4208196352]
[4208196400, 4208196416]
[4208196464, 4208196480]
[4208196544, 4208196608]
[4208196656, 4208196672]
[4208196720, 4208196736]
[4208196800, 4208196864]
[4208196912, 4208196928]
[4208196976, 4208196992]
[4208197056, 4208197120]
[4208197168, 4208197184]
[4208197232, 4208197248]
[4208197312, 4208197376]
[4208197424, 4208197440]
[4208197488, 4208197504]
[4208197568, 4208259072]
[4208259120, 4208259136]
[4208259184, 4208259200]
[4208259264, 4208259328]
[4208259376, 4208259392]
[4208259440, 4208259456]
[4208259520, 4208259584]
[4208259632, 4208259648]
[4208259696, 4208259712]
[4208259776, 4208259840]
[4208259888, 4208259904]
[4208259952, 4208259968]
[4208260032, 4208260096]
[4208260144, 4208260160]
[4208260208, 4208260224]
[4208260288, 4208260352]
[4208260400, 4208260416]
[4208260464, 4208260480]
[4208260544, 4208260608]
[4208260656, 4208260672]
[4208260720, 4208260736]
[4208260800, 4208260864]
[4208260912, 4208260928]
[4208260976, 4208260992]
[4208261056, 4208261120]
[4208261168, 4208261184]
[4208261232, 4208261248]
[4208261312, 4208261376]
[4208261424, 4208261440]
[4208261488, 4208261504]
[4208261568, 4208261632]
[4208261680, 4208261696]
[4208261744, 4208261760]
[4208261824, 4208261888]
[4208261936, 4208261952]
[4208262000, 4208262016]
[4208262080, 4208262144]
[4208262192, 4208262208]
[4208262256, 4208262272]
[4208262336, 4208262400]
[4208262448, 4208262464]
[4208262512, 4208262528]
[4208262592, 4208262656]
[4208262704, 4208262720]
[4208262768, 4208262784]
[4208262848, 4208262912]
[4208262960, 4208262976]
[4208263024, 4208263040]
[4208263104, 4208324608]
[4208324656, 4208324672]
[4208324720, 4208324736]
[4208324800, 4208324864]
[4208324912, 4208324928]
[4208324976, 4208324992]
[4208325056, 4208325120]
[4208325168, 4208325184]
[4208325232, 4208325248]
[4208325312, 4208325376]
[4208325424, 4208325440]
[4208325488, 4208325504]
[4208325568, 4208325632]
[4208325680, 4208325696]
[4208325744, 4208325760]
[4208325824, 4208325888]
[4208325936, 4208325952]
[4208326000, 4208326016]
[4208326080, 4208326144]
[4208326192, 4208326208]
[4208326256, 4208326272]
[4208326336, 4208326400]
[4208326448, 4208326464]
[4208326512, 4208326528]
[4208326592, 4208326656]
[4208326704, 4208326720]
[4208326768, 4208326784]
[4208326848, 4208326912]
[4208326960, 4208326976]
[4208327024, 4208327040]
[4208327104, 4208327168]
[4208327216, 4208327232]
[4208327280, 4208327296]
[4208327360, 4208327424]
[4208327472, 4208327488]
[4208327536, 4208327552]
[4208327616, 4208327680]
[4208327728, 4208327744]
[4208327792, 4208327808]
[4208327872, 4208327936]
[4208327984, 4208328000]
[4208328048, 4208328064]
[4208328128, 4208328192]
[4208328240, 4208328256]
[4208328304, 4208328320]
[4208328384, 4208328448]
[4208328496, 4208328512]
[4208328560, 4208328576]
[4208328640, 4208390144]
[4208390192, 4208390208]
[4208390256, 4208390272]
[4208390336, 4208390400]
[4208390448, 4208390464]
[4208390512, 4208390528]
[4208390592, 4208390656]
[4208390704, 4208390720]
[4208390768, 4208390784]
[4208390848, 4208390912]
[4208390960, 4208390976]
[4208391024, 4208391040]
[4208391104, 4208391168]
[4208391216, 4208391232]
[4208391280, 4208391296]
[4208391360, 4208391424]
[4208391472, 4208391488]
[4208391536, 4208391552]
[4208391616, 4208391680]
[4208391728, 4208391744]
[4208391792, 4208391808]
[4208391872, 4208391936]
[4208391984, 4208392000]
[4208392048, 4208392064]
[4208392128, 4208392192]
[4208392240, 4208392256]
[4208392304, 4208392320]
[4208392384, 4208392448]
[4208392496, 4208392512]
[4208392560, 4208392576]
[4208392640, 4208392704]
[4208392752, 4208392768]
[4208392816, 4208392832]
[4208392896, 4208392960]
[4208393008, 4208393024]
[4208393072, 4208393088]
[4208393152, 4208393216]
[4208393264, 4208393280]
[4208393328, 4208393344]
[4208393408, 4208393472]
[4208393520, 4208393536]
[4208393584, 4208393600]
[4208393664, 4208393728]
[4208393776, 4208393792]
[4208393840, 4208393856]
[4208393920, 4208393984]
[4208394032, 4208394048]
[4208394096, 4208394112]
[4208394176, 4208455680]
[4208455728, 4208455744]
[4208455792, 4208455808]
[4208455872, 4208455936]
[4208455984, 4208456000]
[4208456048, 4208456064]
[4208456128, 4208456192]
[4208456240, 4208456256]
[4208456304, 4208456320]
[4208456384, 4208456448]
[4208456496, 4208456512]
[4208456560, 4208456576]
[4208456640, 4208456704]
[4208456752, 4208456768]
[4208456816, 4208456832]
[4208456896, 4208456960]
[4208457008, 4208457024]
[4208457072, 4208457088]
[4208457152, 4208457216]
[4208457264, 4208457280]
[4208457328, 4208457344]
[4208457408, 4208457472]
[4208457520, 4208457536]
[4208457584, 4208457600]
[4208457664, 4208457728]
[4208457776, 4208457792]
[4208457840, 4208457856]
[4208457920, 4208457984]
[4208458032, 4208458048]
[4208458096, 4208458112]
[4208458176, 4208458240]
[4208458288, 4208458304]
[4208458352, 4208458368]
[4208458432, 4208458496]
[4208458544, 4208458560]
[4208458608, 4208458624]
[4208458688, 4208458752]
[4208458800, 4208458816]
[4208458864, 4208458880]
[4208458944, 4208459008]
[4208459056, 4208459072]
[4208459120, 4208459136]
[4208459200, 4208459264]
[4208459312, 4208459328]
[4208459376, 4208459392]
[4208459456, 4208459520]
[4208459568, 4208459584]
[4208459632, 4208459648]
[4208459712, 4208521216]
[4208521264, 4208521280]
[4208521328, 4208521344]
[4208521408, 4208521472]
[4208521520, 4208521536]
[4208521584, 4208521600]
[4208521664, 4208521728]
[4208521776, 4208521792]
[4208521840, 4208521856]
[4208521920, 4208521984]
[4208522032, 4208522048]
[4208522096, 4208522112]
[4208522176, 4208522240]
[4208522288, 4208522304]
[4208522352, 4208522368]
[4208522432, 4208522496]
[4208522544, 4208522560]
[4208522608, 4208522624]
[4208522688, 4208522752]
[4208522800, 4208522816]
[4208522864, 4208522880]
[4208522944, 4208523008]
[4208523056, 4208523072]
[4208523120, 4208523136]
[4208523200, 4208523264]
[4208523312, 4208523328]
[4208523376, 4208523392]
[4208523456, 4208523520]
[4208523568, 4208523584]
[4208523632, 4208523648]
[4208523712, 4208523776]
[4208523824, 4208523840]
[4208523888, 4208523904]
[4208523968, 4208524032]
[4208524080, 4208524096]
[4208524144, 4208524160]
[4208524224, 4208524288]
[4208524336, 4208524352]
[4208524400, 4208524416]
[4208524480, 4208524544]
[4208524592, 4208524608]
[4208524656, 4208524672]
[4208524736, 4208524800]
[4208524848, 4208524864]
[4208524912, 4208524928]
[4208524992, 4208525056]
[4208525104, 4208525120]
[4208525168, 4208525184]
[4208525248, 4208586752]
[4208586800, 4208586816]
[4208586864, 4208586880]
[4208586944, 4208587008]
[4208587056, 4208587072]
[4208587120, 4208587136]
[4208587200, 4208587264]
[4208587312, 4208587328]
[4208587376, 4208587392]
[4208587456, 4208587520]
[4208587568, 4208587584]
[4208587632, 4208587648]
[4208587712, 4208587776]
[4208587824, 4208587840]
[4208587888, 4208587904]
[4208587968, 4208588032]
[4208588080, 4208588096]
[4208588144, 4208588160]
[4208588224, 4208588288]
[4208588336, 4208588352]
[4208588400, 4208588416]
[4208588480, 4208588544]
[4208588592, 4208588608]
[4208588656, 4208588672]
[4208588736, 4208588800]
[4208588848, 4208588864]
[4208588912, 4208588928]
[4208588992, 4208589056]
[4208589104, 4208589120]
[4208589168, 4208589184]
[4208589248, 4208589312]
[4208589360, 4208589376]
[4208589424, 4208589440]
[4208589504, 4208589568]
[4208589616, 4208589632]
[4208589680, 4208589696]
[4208589760, 4208589824]
[4208589872, 4208589888]
[4208589936, 4208589952]
[4208590016, 4208590080]
[4208590128, 4208590144]
[4208590192, 4208590208]
[4208590272, 4208590336]
[4208590384, 4208590400]
[4208590448, 4208590464]
[4208590528, 4208590592]
[4208590640, 4208590656]
[4208590704, 4208590720]
[4208590784, 4208652288]
[4208652336, 4208652352]
[4208652400, 4208652416]
[4208652480, 4208652544]
[4208652592, 4208652608]
[4208652656, 4208652672]
[4208652736, 4208652800]
[4208652848, 4208652864]
[4208652912, 4208652928]
[4208652992, 4208653056]
[4208653104, 4208653120]
[4208653168, 4208653184]
[4208653248, 4208653312]
[4208653360, 4208653376]
[4208653424, 4208653440]
[4208653504, 4208653568]
[4208653616, 4208653632]
[4208653680, 4208653696]
[4208653760, 4208653824]
[4208653872, 4208653888]
[4208653936, 4208653952]
[4208654016, 4208654080]
[4208654128, 4208654144]
[4208654192, 4208654208]
[4208654272, 4208654336]
[4208654384, 4208654400]
[4208654448, 4208654464]
[4208654528, 4208654592]
[4208654640, 4208654656]
[4208654704, 4208654720]
[4208654784, 4208654848]
[4208654896, 4208654912]
[4208654960, 4208654976]
[4208655040, 4208655104]
[4208655152, 4208655168]
[4208655216, 4208655232]
[4208655296, 4208655360]
[4208655408, 4208655424]
[4208655472, 4208655488]
[4208655552, 4208655616]
[4208655664, 4208655680]
[4208655728, 4208655744]
[4208655808, 4208655872]
[4208655920, 4208655936]
[4208655984, 4208656000]
[4208656064, 4208656128]
[4208656176, 4208656192]
[4208656240, 4208656256]
[4208656320, 4208717824]
[4208717872, 4208717888]
[4208717936, 4208717952]
[4208718016, 4208718080]
[4208718128, 4208718144]
[4208718192, 4208718208]
[4208718272, 4208718336]
[4208718384, 4208718400]
[4208718448, 4208718464]
[4208718528, 4208718592]
[4208718640, 4208718656]
[4208718704, 4208718720]
[4208718784, 4208718848]
[4208718896, 4208718912]
[4208718960, 4208718976]
[4208719040, 4208719104]
[4208719152, 4208719168]
[4208719216, 4208719232]
[4208719296, 4208719360]
[4208719408, 4208719424]
[4208719472, 4208719488]
[4208719552, 4208719616]
[4208719664, 4208719680]
[4208719728, 4208719744]
[4208719808, 4208719872]
[4208719920, 4208719936]
[4208719984, 4208720000]
[4208720064, 4208720128]
[4208720176, 4208720192]
[4208720240, 4208720256]
[4208720320, 4208720384]
[4208720432, 4208720448]
[4208720496, 4208720512]
[4208720576, 4208720640]
[4208720688, 4208720704]
[4208720752, 4208720768]
[4208720832, 4208720896]
[4208720944, 4208720960]
[4208721008, 4208721024]
[4208721088, 4208721152]
[4208721200, 4208721216]
[4208721264, 4208721280]
[4208721344, 4208721408]
[4208721456, 4208721472]
[4208721520, 4208721536]
[4208721600, 4208721664]
[4208721712, 4208721728]
[4208721776, 4208721792]
[4208721856, 4208783360]
[4208783408, 4208783424]
[4208783472, 4208783488]
[4208783552, 4208783616]
[4208783664, 4208783680]
[4208783728, 4208783744]
[4208783808, 4208783872]
[4208783920, 4208783936]
[4208783984, 4208784000]
[4208784064, 4208784128]
[4208784176, 4208784192]
[4208784240, 4208784256]
[4208784320, 4208784384]
[4208784432, 4208784448]
[4208784496, 4208784512]
[4208784576, 4208784640]
[4208784688, 4208784704]
[4208784752, 4208784768]
[4208784832, 4208784896]
[4208784944, 4208784960]
[4208785008, 4208785024]
[4208785088, 4208785152]
[4208785200, 4208785216]
[4208785264, 4208785280]
[4208785344, 4208785408]
[4208785456, 4208785472]
[4208785520, 4208785536]
[4208785600, 4208785664]
[4208785712, 4208785728]
[4208785776, 4208785792]
[4208785856, 4208785920]
[4208785968, 4208785984]
[4208786032, 4208786048]
[4208786112, 4208786176]
[4208786224, 4208786240]
[4208786288, 4208786304]
[4208786368, 4208786432]
[4208786480, 4208786496]
[4208786544, 4208786560]
[4208786624, 4208786688]
[4208786736, 4208786752]
[4208786800, 4208786816]
[4208786880, 4208786944]
[4208786992, 4208787008]
[4208787056, 4208787072]
[4208787136, 4208787200]
[4208787248, 4208787264]
[4208787312, 4208787328]
[4208787392, 4208848896]
[4208848944, 4208848960]
[4208849008, 4208849024]
[4208849088, 4208849152]
[4208849200, 4208849216]
[4208849264, 4208849280]
[4208849344, 4208849408]
[4208849456, 4208849472]
[4208849520, 4208849536]
[4208849600, 4208849664]
[4208849712, 4208849728]
[4208849776, 4208849792]
[4208849856, 4208849920]
[4208849968, 4208849984]
[4208850032, 4208850048]
[4208850112, 4208850176]
[4208850224, 4208850240]
[4208850288, 4208850304]
[4208850368, 4208850432]
[4208850480, 4208850496]
[4208850544, 4208850560]
[4208850624, 4208850688]
[4208850736, 4208850752]
[4208850800, 4208850816]
[4208850880, 4208850944]
[4208850992, 4208851008]
[4208851056, 4208851072]
[4208851136, 4208851200]
[4208851248, 4208851264]
[4208851312, 4208851328]
[4208851392, 4208851456]
[4208851504, 4208851520]
[4208851568, 4208851584]
[4208851648, 4208851712]
[4208851760, 4208851776]
[4208851824, 4208851840]
[4208851904, 4208851968]
[4208852016, 4208852032]
[4208852080, 4208852096]
[4208852160, 4208852224]
[4208852272, 4208852288]
[4208852336, 4208852352]
[4208852416, 4208852480]
[4208852528, 4208852544]
[4208852592, 4208852608]
[4208852672, 4208852736]
[4208852784, 4208852800]
[4208852848, 4208852864]
[4208852928, 4208914432]
[4208914480, 4208914496]
[4208914544, 4208914560]
[4208914624, 4208914688]
[4208914736, 4208914752]
[4208914800, 4208914816]
[4208914880, 4208914944]
[4208914992, 4208915008]
[4208915056, 4208915072]
[4208915136, 4208915200]
[4208915248, 4208915264]
[4208915312, 4208915328]
[4208915392, 4208915456]
[4208915504, 4208915520]
[4208915568, 4208915584]
[4208915648, 4208915712]
[4208915760, 4208915776]
[4208915824, 4208915840]
[4208915904, 4208915968]
[4208916016, 4208916032]
[4208916080, 4208916096]
[4208916160, 4208916224]
[4208916272, 4208916288]
[4208916336, 4208916352]
[4208916416, 4208916480]
[4208916528, 4208916544]
[4208916592, 4208916608]
[4208916672, 4208916736]
[4208916784, 4208916800]
[4208916848, 4208916864]
[4208916928, 4208916992]
[4208917040, 4208917056]
[4208917104, 4208917120]
[4208917184, 4208917248]
[4208917296, 4208917312]
[4208917360, 4208917376]
[4208917440, 4208917504]
[4208917552, 4208917568]
[4208917616, 4208917632]
[4208917696, 4208917760]
[4208917808, 4208917824]
[4208917872, 4208917888]
[4208917952, 4208918016]
[4208918064, 4208918080]
[4208918128, 4208918144]
[4208918208, 4208918272]
[4208918320, 4208918336]
[4208918384, 4208918400]
[4208918464, 4208979968]
[4208980016, 4208980032]
[4208980080, 4208980096]
[4208980160, 4208980224]
[4208980272, 4208980288]
[4208980336, 4208980352]
[4208980416, 4208980480]
[4208980528, 4208980544]
[4208980592, 4208980608]
[4208980672, 4208980736]
[4208980784, 4208980800]
[4208980848, 4208980864]
[4208980928, 4208980992]
[4208981040, 4208981056]
[4208981104, 4208981120]
[4208981184, 4208981248]
[4208981296, 4208981312]
[4208981360, 4208981376]
[4208981440, 4208981504]
[4208981552, 4208981568]
[4208981616, 4208981632]
[4208981696, 4208981760]
[4208981808, 4208981824]
[4208981872, 4208981888]
[4208981952, 4208982016]
[4208982064, 4208982080]
[4208982128, 4208982144]
[4208982208, 4208982272]
[4208982320, 4208982336]
[4208982384, 4208982400]
[4208982464, 4208982528]
[4208982576, 4208982592]
[4208982640, 4208982656]
[4208982720, 4208982784]
[4208982832, 4208982848]
[4208982896, 4208982912]
[4208982976, 4208983040]
[4208983088, 4208983104]
[4208983152, 4208983168]
[4208983232, 4208983296]
[4208983344, 4208983360]
[4208983408, 4208983424]
[4208983488, 4208983552]
[4208983600, 4208983616]
[4208983664, 4208983680]
[4208983744, 4208983808]
[4208983856, 4208983872]
[4208983920, 4208983936]
[4208984000, 4209045504]
[4209045552, 4209045568]
[4209045616, 4209045760]
[4209045808, 4209045824]
[4209045872, 4209046016]
[4209046064, 4209046080]
[4209046128, 4209046272]
[4209046320, 4209046336]
[4209046384, 4209046528]
[4209046576, 4209046592]
[4209046640, 4209046784]
[4209046832, 4209046848]
[4209046896, 4209047040]
[4209047088, 4209047104]
[4209047152, 4209047296]
[4209047344, 4209047360]
[4209047408, 4209047552]
[4209047600, 4209047616]
[4209047664, 4209047808]
[4209047856, 4209047872]
[4209047920, 4209048064]
[4209048112, 4209048128]
[4209048176, 4209048320]
[4209048368, 4209048384]
[4209048432, 4209048576]
[4209048624, 4209048640]
[4209048688, 4209048832]
[4209048880, 4209048896]
[4209048944, 4209049088]
[4209049136, 4209049152]
[4209049200, 4209049344]
[4209049392, 4209049408]
[4209049456, 4209111040]
[4209111088, 4209111104]
[4209111152, 4209111296]
[4209111344, 4209111360]
[4209111408, 4209111552]
[4209111600, 4209111616]
[4209111664, 4209111808]
[4209111856, 4209111872]
[4209111920, 4209112064]
[4209112112, 4209112128]
[4209112176, 4209112320]
[4209112368, 4209112384]
[4209112432, 4209112576]
[4209112624, 4209112640]
[4209112688, 4209112832]
[4209112880, 4209112896]
[4209112944, 4209113088]
[4209113136, 4209113152]
[4209113200, 4209113344]
[4209113392, 4209113408]
[4209113456, 4209113600]
[4209113648, 4209113664]
[4209113712, 4209113856]
[4209113904, 4209113920]
[4209113968, 4209114112]
[4209114160, 4209114176]
[4209114224, 4209114368]
[4209114416, 4209114432]
[4209114480, 4209114624]
[4209114672, 4209114688]
[4209114736, 4209114880]
[4209114928, 4209114944]
[4209114992, 4209176576]
[4209176624, 4209176640]
[4209176688, 4209176832]
[4209176880, 4209176896]
[4209176944, 4209177088]
[4209177136, 4209177152]
[4209177200, 4209177344]
[4209177392, 4209177408]
[4209177456, 4209177600]
[4209177648, 4209177664]
[4209177712, 4209177856]
[4209177904, 4209177920]
[4209177968, 4209178112]
[4209178160, 4209178176]
[4209178224, 4209178368]
[4209178416, 4209178432]
[4209178480, 4209178624]
[4209178672, 4209178688]
[4209178736, 4209178880]
[4209178928, 4209178944]
[4209178992, 4209179136]
[4209179184, 4209179200]
[4209179248, 4209179392]
[4209179440, 4209179456]
[4209179504, 4209179648]
[4209179696, 4209179712]
[4209179760, 4209179904]
[4209179952, 4209179968]
[4209180016, 4209180160]
[4209180208, 4209180224]
[4209180272, 4209180416]
[4209180464, 4209180480]
[4209180528, 4209242112]
[4209242160, 4209242176]
[4209242224, 4209242368]
[4209242416, 4209242432]
[4209242480, 4209242624]
[4209242672, 4209242688]
[4209242736, 4209242880]
[4209242928, 4209242944]
[4209242992, 4209243136]
[4209243184, 4209243200]
[4209243248, 4209243392]
[4209243440, 4209243456]
[4209243504, 4209243648]
[4209243696, 4209243712]
[4209243760, 4209243904]
[4209243952, 4209243968]
[4209244016, 4209244160]
[4209244208, 4209244224]
[4209244272, 4209244416]
[4209244464, 4209244480]
[4209244528, 4209244672]
[4209244720, 4209244736]
[4209244784, 4209244928]
[4209244976, 4209244992]
[4209245040, 4209245184]
[4209245232, 4209245248]
[4209245296, 4209245440]
[4209245488, 4209245504]
[4209245552, 4209245696]
[4209245744, 4209245760]
[4209245808, 4209245952]
[4209246000, 4209246016]
[4209246064, 4209307648]
[4209307696, 4209307712]
[4209307760, 4209307904]
[4209307952, 4209307968]
[4209308016, 4209308160]
[4209308208, 4209308224]
[4209308272, 4209308416]
[4209308464, 4209308480]
[4209308528, 4209308672]
[4209308720, 4209308736]
[4209308784, 4209308928]
[4209308976, 4209308992]
[4209309040, 4209309184]
[4209309232, 4209309248]
[4209309296, 4209309440]
[4209309488, 4209309504]
[4209309552, 4209309696]
[4209309744, 4209309760]
[4209309808, 4209309952]
[4209310000, 4209310016]
[4209310064, 4209310208]
[4209310256, 4209310272]
[4209310320, 4209310464]
[4209310512, 4209310528]
[4209310576, 4209310720]
[4209310768, 4209310784]
[4209310832, 4209310976]
[4209311024, 4209311040]
[4209311088, 4209311232]
[4209311280, 4209311296]
[4209311344, 4209311488]
[4209311536, 4209311552]
[4209311600, 4209373184]
[4209373232, 4209373248]
[4209373296, 4209373440]
[4209373488, 4209373504]
[4209373552, 4209373696]
[4209373744, 4209373760]
[4209373808, 4209373952]
[4209374000, 4209374016]
[4209374064, 4209374208]
[4209374256, 4209374272]
[4209374320, 4209374464]
[4209374512, 4209374528]
[4209374576, 4209374720]
[4209374768, 4209374784]
[4209374832, 4209374976]
[4209375024, 4209375040]
[4209375088, 4209375232]
[4209375280, 4209375296]
[4209375344, 4209375488]
[4209375536, 4209375552]
[4209375600, 4209375744]
[4209375792, 4209375808]
[4209375856, 4209376000]
[4209376048, 4209376064]
[4209376112, 4209376256]
[4209376304, 4209376320]
[4209376368, 4209376512]
[4209376560, 4209376576]
[4209376624, 4209376768]
[4209376816, 4209376832]
[4209376880, 4209377024]
[4209377072, 4209377088]
[4209377136, 4209438720]
[4209438768, 4209438784]
[4209438832, 4209438976]
[4209439024, 4209439040]
[4209439088, 4209439232]
[4209439280, 4209439296]
[4209439344, 4209439488]
[4209439536, 4209439552]
[4209439600, 4209439744]
[4209439792, 4209439808]
[4209439856, 4209440000]
[4209440048, 4209440064]
[4209440112, 4209440256]
[4209440304, 4209440320]
[4209440368, 4209440512]
[4209440560, 4209440576]
[4209440624, 4209440768]
[4209440816, 4209440832]
[4209440880, 4209441024]
[4209441072, 4209441088]
[4209441136, 4209441280]
[4209441328, 4209441344]
[4209441392, 4209441536]
[4209441584, 4209441600]
[4209441648, 4209441792]
[4209441840, 4209441856]
[4209441904, 4209442048]
[4209442096, 4209442112]
[4209442160, 4209442304]
[4209442352, 4209442368]
[4209442416, 4209442560]
[4209442608, 4209442624]
[4209442672, 4209504256]
[4209504304, 4209504320]
[4209504368, 4209504512]
[4209504560, 4209504576]
[4209504624, 4209504768]
[4209504816, 4209504832]
[4209504880, 4209505024]
[4209505072, 4209505088]
[4209505136, 4209505280]
[4209505328, 4209505344]
[4209505392, 4209505536]
[4209505584, 4209505600]
[4209505648, 4209505792]
[4209505840, 4209505856]
[4209505904, 4209506048]
[4209506096, 4209506112]
[4209506160, 4209506304]
[4209506352, 4209506368]
[4209506416, 4209506560]
[4209506608, 4209506624]
[4209506672, 4209506816]
[4209506864, 4209506880]
[4209506928, 4209507072]
[4209507120, 4209507136]
[4209507184, 4209507328]
[4209507376, 4209507392]
[4209507440, 4209507584]
[4209507632, 4209507648]
[4209507696, 4209507840]
[4209507888, 4209507904]
[4209507952, 4209508096]
[4209508144, 4209508160]
[4209508208, 4209569792]
[4209569840, 4209569856]
[4209569904, 4209570048]
[4209570096, 4209570112]
[4209570160, 4209570304]
[4209570352, 4209570368]
[4209570416, 4209570560]
[4209570608, 4209570624]
[4209570672, 4209570816]
[4209570864, 4209570880]
[4209570928, 4209571072]
[4209571120, 4209571136]
[4209571184, 4209571328]
[4209571376, 4209571392]
[4209571440, 4209571584]
[4209571632, 4209571648]
[4209571696, 4209571840]
[4209571888, 4209571904]
[4209571952, 4209572096]
[4209572144, 4209572160]
[4209572208, 4209572352]
[4209572400, 4209572416]
[4209572464, 4209572608]
[4209572656, 4209572672]
[4209572720, 4209572864]
[4209572912, 4209572928]
[4209572976, 4209573120]
[4209573168, 4209573184]
[4209573232, 4209573376]
[4209573424, 4209573440]
[4209573488, 4209573632]
[4209573680, 4209573696]
[4209573744, 4209635328]
[4209635376, 4209635392]
[4209635440, 4209635584]
[4209635632, 4209635648]
[4209635696, 4209635840]
[4209635888, 4209635904]
[4209635952, 4209636096]
[4209636144, 4209636160]
[4209636208, 4209636352]
[4209636400, 4209636416]
[4209636464, 4209636608]
[4209636656, 4209636672]
[4209636720, 4209636864]
[4209636912, 4209636928]
[4209636976, 4209637120]
[4209637168, 4209637184]
[4209637232, 4209637376]
[4209637424, 4209637440]
[4209637488, 4209637632]
[4209637680, 4209637696]
[4209637744, 4209637888]
[4209637936, 4209637952]
[4209638000, 4209638144]
[4209638192, 4209638208]
[4209638256, 4209638400]
[4209638448, 4209638464]
[4209638512, 4209638656]
[4209638704, 4209638720]
[4209638768, 4209638912]
[4209638960, 4209638976]
[4209639024, 4209639168]
[4209639216, 4209639232]
[4209639280, 4209700864]
[4209700912, 4209700928]
[4209700976, 4209701120]
[4209701168, 4209701184]
[4209701232, 4209701376]
[4209701424, 4209701440]
[4209701488, 4209701632]
[4209701680, 4209701696]
[4209701744, 4209701888]
[4209701936, 4209701952]
[4209702000, 4209702144]
[4209702192, 4209702208]
[4209702256, 4209702400]
[4209702448, 4209702464]
[4209702512, 4209702656]
[4209702704, 4209702720]
[4209702768, 4209702912]
[4209702960, 4209702976]
[4209703024, 4209703168]
[4209703216, 4209703232]
[4209703280, 4209703424]
[4209703472, 4209703488]
[4209703536, 4209703680]
[4209703728, 4209703744]
[4209703792, 4209703936]
[4209703984, 4209704000]
[4209704048, 4209704192]
[4209704240, 4209704256]
[4209704304, 4209704448]
[4209704496, 4209704512]
[4209704560, 4209704704]
[4209704752, 4209704768]
[4209704816, 4209766400]
[4209766448, 4209766464]
[4209766512, 4209766656]
[4209766704, 4209766720]
[4209766768, 4209766912]
[4209766960, 4209766976]
[4209767024, 4209767168]
[4209767216, 4209767232]
[4209767280, 4209767424]
[4209767472, 4209767488]
[4209767536, 4209767680]
[4209767728, 4209767744]
[4209767792, 4209767936]
[4209767984, 4209768000]
[4209768048, 4209768192]
[4209768240, 4209768256]
[4209768304, 4209768448]
[4209768496, 4209768512]
[4209768560, 4209768704]
[4209768752, 4209768768]
[4209768816, 4209768960]
[4209769008, 4209769024]
[4209769072, 4209769216]
[4209769264, 4209769280]
[4209769328, 4209769472]
[4209769520, 4209769536]
[4209769584, 4209769728]
[4209769776, 4209769792]
[4209769840, 4209769984]
[4209770032, 4209770048]
[4209770096, 4209770240]
[4209770288, 4209770304]
[4209770352, 4209831936]
[4209831984, 4209832000]
[4209832048, 4209832192]
[4209832240, 4209832256]
[4209832304, 4209832448]
[4209832496, 4209832512]
[4209832560, 4209832704]
[4209832752, 4209832768]
[4209832816, 4209832960]
[4209833008, 4209833024]
[4209833072, 4209833216]
[4209833264, 4209833280]
[4209833328, 4209833472]
[4209833520, 4209833536]
[4209833584, 4209833728]
[4209833776, 4209833792]
[4209833840, 4209833984]
[4209834032, 4209834048]
[4209834096, 4209834240]
[4209834288, 4209834304]
[4209834352, 4209834496]
[4209834544, 4209834560]
[4209834608, 4209834752]
[4209834800, 4209834816]
[4209834864, 4209835008]
[4209835056, 4209835072]
[4209835120, 4209835264]
[4209835312, 4209835328]
[4209835376, 4209835520]
[4209835568, 4209835584]
[4209835632, 4209835776]
[4209835824, 4209835840]
[4209835888, 4209897472]
[4209897520, 4209897536]
[4209897584, 4209897728]
[4209897776, 4209897792]
[4209897840, 4209897984]
[4209898032, 4209898048]
[4209898096, 4209898240]
[4209898288, 4209898304]
[4209898352, 4209898496]
[4209898544, 4209898560]
[4209898608, 4209898752]
[4209898800, 4209898816]
[4209898864, 4209899008]
[4209899056, 4209899072]
[4209899120, 4209899264]
[4209899312, 4209899328]
[4209899376, 4209899520]
[4209899568, 4209899584]
[4209899632, 4209899776]
[4209899824, 4209899840]
[4209899888, 4209900032]
[4209900080, 4209900096]
[4209900144, 4209900288]
[4209900336, 4209900352]
[4209900400, 4209900544]
[4209900592, 4209900608]
[4209900656, 4209900800]
[4209900848, 4209900864]
[4209900912, 4209901056]
[4209901104, 4209901120]
[4209901168, 4209901312]
[4209901360, 4209901376]
[4209901424, 4209963008]
[4209963056, 4209963072]
[4209963120, 4209963264]
[4209963312, 4209963328]
[4209963376, 4209963520]
[4209963568, 4209963584]
[4209963632, 4209963776]
[4209963824, 4209963840]
[4209963888, 4209964032]
[4209964080, 4209964096]
[4209964144, 4209964288]
[4209964336, 4209964352]
[4209964400, 4209964544]
[4209964592, 4209964608]
[4209964656, 4209964800]
[4209964848, 4209964864]
[4209964912, 4209965056]
[4209965104, 4209965120]
[4209965168, 4209965312]
[4209965360, 4209965376]
[4209965424, 4209965568]
[4209965616, 4209965632]
[4209965680, 4209965824]
[4209965872, 4209965888]
[4209965936, 4209966080]
[4209966128, 4209966144]
[4209966192, 4209966336]
[4209966384, 4209966400]
[4209966448, 4209966592]
[4209966640, 4209966656]
[4209966704, 4209966848]
[4209966896, 4209966912]
[4209966960, 4210028544]
[4210028592, 4210028608]
[4210028656, 4210028800]
[4210028848, 4210028864]
[4210028912, 4210029056]
[4210029104, 4210029120]
[4210029168, 4210029312]
[4210029360, 4210029376]
[4210029424, 4210029568]
[4210029616, 4210029632]
[4210029680, 4210029824]
[4210029872, 4210029888]
[4210029936, 4210030080]
[4210030128, 4210030144]
[4210030192, 4210030336]
[4210030384, 4210030400]
[4210030448, 4210030592]
[4210030640, 4210030656]
[4210030704, 4210030848]
[4210030896, 4210030912]
[4210030960, 4210031104]
[4210031152, 4210031168]
[4210031216, 4210031360]
[4210031408, 4210031424]
[4210031472, 4210031616]
[4210031664, 4210031680]
[4210031728, 4210031872]
[4210031920, 4210031936]
[4210031984, 4210032128]
[4210032176, 4210032192]
[4210032240, 4210032384]
[4210032432, 4210032448]
[4210032496, 4211081216]
