[3959422976, 3961544192]
[3961544448, 3961609728]
[3961609984, 3961675264]
[3961675520, 3961740800]
[3961741056, 3961806336]
[3961806592, 3961871872]
[3961872128, 3961937408]
[3961937664, 3962002944]
[3962003200, 3962068480]
[3962068736, 3962134016]
[3962134272, 3962199552]
[3962199808, 3962265088]
[3962265344, 3962330624]
[3962330880, 3962396160]
[3962396416, 3962461696]
[3962461952, 3962527232]
[3962527488, 3962592768]
[3962593024, 3962658304]
[3962658560, 3962723840]
[3962724096, 3962789376]
[3962789632, 3962854912]
[3962855168, 3962920448]
[3962920704, 3962985984]
[3962986240, 3963051520]
[3963051776, 3963117056]
[3963117312, 3963182592]
[3963182848, 3963248128]
[3963248384, 3963313664]
[3963313920, 3963379200]
[3963379456, 3963444736]
[3963444992, 3963510272]
[3963510528, 3963619856]
[3963619872, 3963619888]
[3963619904, 3963620112]
[3963620128, 3963620144]
[3963620160, 3963620864]
[3963621376, 3963623952]
[3963623968, 3963623984]
[3963624000, 3963624208]
[3963624224, 3963624240]
[3963624256, 3963624960]
[3963625472, 3963628048]
[3963628064, 3963628080]
[3963628096, 3963628304]
[3963628320, 3963628336]
[3963628352, 3963629056]
[3963629568, 3963632144]
[3963632160, 3963632176]
[3963632192, 3963632400]
[3963632416, 3963632432]
[3963632448, 3963633152]
[3963633664, 3963636240]
[3963636256, 3963636272]
[3963636288, 3963636496]
[3963636512, 3963636528]
[3963636544, 3963637248]
[3963637760, 3963640336]
[3963640352, 3963640368]
[3963640384, 3963640592]
[3963640608, 3963640624]
[3963640640, 3963641344]
[3963641856, 3963644432]
[3963644448, 3963644464]
[3963644480, 3963644688]
[3963644704, 3963644720]
[3963644736, 3963645440]
[3963645952, 3963648528]
[3963648544, 3963648560]
[3963648576, 3963648784]
[3963648800, 3963648816]
[3963648832, 3963649536]
[3963650048, 3963652624]
[3963652640, 3963652656]
[3963652672, 3963652880]
[3963652896, 3963652912]
[3963652928, 3963653632]
[3963654144, 3963656720]
[3963656736, 3963656752]
[3963656768, 3963656976]
[3963656992, 3963657008]
[3963657024, 3963657728]
[3963658240, 3963660816]
[3963660832, 3963660848]
[3963660864, 3963661072]
[3963661088, 3963661104]
[3963661120, 3963661824]
[3963662336, 3963664912]
[3963664928, 3963664944]
[3963664960, 3963665168]
[3963665184, 3963665200]
[3963665216, 3963665920]
[3963666432, 3963669008]
[3963669024, 3963669040]
[3963669056, 3963669264]
[3963669280, 3963669296]
[3963669312, 3963670016]
[3963670528, 3963673104]
[3963673120, 3963673136]
[3963673152, 3963673360]
[3963673376, 3963673392]
[3963673408, 3963674112]
[3963674624, 3963677200]
[3963677216, 3963677232]
[3963677248, 3963677456]
[3963677472, 3963677488]
[3963677504, 3963678208]
[3963678720, 3963681296]
[3963681312, 3963681328]
[3963681344, 3963681552]
[3963681568, 3963681584]
[3963681600, 3963682304]
[3963682816, 3963685392]
[3963685408, 3963685424]
[3963685440, 3963685648]
[3963685664, 3963685680]
[3963685696, 3963686400]
[3963686912, 3963689488]
[3963689504, 3963689520]
[3963689536, 3963689744]
[3963689760, 3963689776]
[3963689792, 3963690496]
[3963691008, 3963693584]
[3963693600, 3963693616]
[3963693632, 3963693840]
[3963693856, 3963693872]
[3963693888, 3963694592]
[3963695104, 3963697680]
[3963697696, 3963697712]
[3963697728, 3963697936]
[3963697952, 3963697968]
[3963697984, 3963698688]
[3963699200, 3963701776]
[3963701792, 3963701808]
[3963701824, 3963702032]
[3963702048, 3963702064]
[3963702080, 3963702784]
[3963703296, 3963705872]
[3963705888, 3963705904]
[3963705920, 3963706128]
[3963706144, 3963706160]
[3963706176, 3963706880]
[3963707392, 3963709968]
[3963709984, 3963710000]
[3963710016, 3963710224]
[3963710240, 3963710256]
[3963710272, 3963710976]
[3963711488, 3963714064]
[3963714080, 3963714096]
[3963714112, 3963714320]
[3963714336, 3963714352]
[3963714368, 3963715072]
[3963715584, 3963718160]
[3963718176, 3963718192]
[3963718208, 3963718416]
[3963718432, 3963718448]
[3963718464, 3963719168]
[3963719680, 3963722256]
[3963722272, 3963722288]
[3963722304, 3963722512]
[3963722528, 3963722544]
[3963722560, 3963723264]
[3963723776, 3963726352]
[3963726368, 3963726384]
[3963726400, 3963726608]
[3963726624, 3963726640]
[3963726656, 3963727360]
[3963727872, 3963730448]
[3963730464, 3963730480]
[3963730496, 3963730704]
[3963730720, 3963730736]
[3963730752, 3963731456]
[3963731968, 3963734544]
[3963734560, 3963734576]
[3963734592, 3963734800]
[3963734816, 3963734832]
[3963734848, 3963735552]
[3963736064, 3963738640]
[3963738656, 3963738672]
[3963738688, 3963738896]
[3963738912, 3963738928]
[3963738944, 3963739648]
[3963740160, 3963742736]
[3963742752, 3963742768]
[3963742784, 3963742992]
[3963743008, 3963743024]
[3963743040, 3963743744]
[3963744256, 3963746832]
[3963746848, 3963746864]
[3963746880, 3963747088]
[3963747104, 3963747120]
[3963747136, 3963747840]
[3963748352, 3963750928]
[3963750944, 3963750960]
[3963750976, 3963751184]
[3963751200, 3963751216]
[3963751232, 3963751936]
[3963752448, 3963755024]
[3963755040, 3963755056]
[3963755072, 3963755280]
[3963755296, 3963755312]
[3963755328, 3963756032]
[3963756544, 3963759120]
[3963759136, 3963759152]
[3963759168, 3963759376]
[3963759392, 3963759408]
[3963759424, 3963760128]
[3963760640, 3963763216]
[3963763232, 3963763248]
[3963763264, 3963763472]
[3963763488, 3963763504]
[3963763520, 3963764224]
[3963764736, 3963767312]
[3963767328, 3963767344]
[3963767360, 3963767568]
[3963767584, 3963767600]
[3963767616, 3963768320]
[3963768832, 3963771408]
[3963771424, 3963771440]
[3963771456, 3963771664]
[3963771680, 3963771696]
[3963771712, 3963772416]
[3963772928, 3963775504]
[3963775520, 3963775536]
[3963775552, 3963775760]
[3963775776, 3963775792]
[3963775808, 3963776512]
[3963777024, 3963779600]
[3963779616, 3963779632]
[3963779648, 3963779856]
[3963779872, 3963779888]
[3963779904, 3963780608]
[3963781120, 3963783696]
[3963783712, 3963783728]
[3963783744, 3963783952]
[3963783968, 3963783984]
[3963784000, 3963784704]
[3963785216, 3963787792]
[3963787808, 3963787824]
[3963787840, 3963788048]
[3963788064, 3963788080]
[3963788096, 3963788800]
[3963789312, 3963791888]
[3963791904, 3963791920]
[3963791936, 3963792144]
[3963792160, 3963792176]
[3963792192, 3963792896]
[3963793408, 3963795984]
[3963796000, 3963796016]
[3963796032, 3963796240]
[3963796256, 3963796272]
[3963796288, 3963796992]
[3963797504, 3963800080]
[3963800096, 3963800112]
[3963800128, 3963800336]
[3963800352, 3963800368]
[3963800384, 3963801088]
[3963801600, 3963804176]
[3963804192, 3963804208]
[3963804224, 3963804432]
[3963804448, 3963804464]
[3963804480, 3963805184]
[3963805696, 3963808272]
[3963808288, 3963808304]
[3963808320, 3963808528]
[3963808544, 3963808560]
[3963808576, 3963809280]
[3963809792, 3963812368]
[3963812384, 3963812400]
[3963812416, 3963812624]
[3963812640, 3963812656]
[3963812672, 3963813376]
[3963813888, 3963816464]
[3963816480, 3963816496]
[3963816512, 3963816720]
[3963816736, 3963816752]
[3963816768, 3963817472]
[3963817984, 3963820560]
[3963820576, 3963820592]
[3963820608, 3963820816]
[3963820832, 3963820848]
[3963820864, 3963821568]
[3963822080, 3963824656]
[3963824672, 3963824688]
[3963824704, 3963824912]
[3963824928, 3963824944]
[3963824960, 3963825664]
[3963826176, 3963828752]
[3963828768, 3963828784]
[3963828800, 3963829008]
[3963829024, 3963829040]
[3963829056, 3963829760]
[3963830272, 3963832848]
[3963832864, 3963832880]
[3963832896, 3963833104]
[3963833120, 3963833136]
[3963833152, 3963833856]
[3963834368, 3963836944]
[3963836960, 3963836976]
[3963836992, 3963837200]
[3963837216, 3963837232]
[3963837248, 3963837952]
[3963838464, 3963841040]
[3963841056, 3963841072]
[3963841088, 3963841296]
[3963841312, 3963841328]
[3963841344, 3963842048]
[3963842560, 3963845136]
[3963845152, 3963845168]
[3963845184, 3963845392]
[3963845408, 3963845424]
[3963845440, 3963846144]
[3963846656, 3963849232]
[3963849248, 3963849264]
[3963849280, 3963849488]
[3963849504, 3963849520]
[3963849536, 3963850240]
[3963850752, 3963853328]
[3963853344, 3963853360]
[3963853376, 3963853584]
[3963853600, 3963853616]
[3963853632, 3963854336]
[3963854848, 3963857424]
[3963857440, 3963857456]
[3963857472, 3963857680]
[3963857696, 3963857712]
[3963857728, 3963858432]
[3963858944, 3963861520]
[3963861536, 3963861552]
[3963861568, 3963861776]
[3963861792, 3963861808]
[3963861824, 3963862528]
[3963863040, 3963865616]
[3963865632, 3963865648]
[3963865664, 3963865872]
[3963865888, 3963865904]
[3963865920, 3963866624]
[3963867136, 3963869712]
[3963869728, 3963869744]
[3963869760, 3963869968]
[3963869984, 3963870000]
[3963870016, 3963870720]
[3963871232, 3963873808]
[3963873824, 3963873840]
[3963873856, 3963874064]
[3963874080, 3963874096]
[3963874112, 3963874816]
[3963875328, 3963877904]
[3963877920, 3963877936]
[3963877952, 3963878160]
[3963878176, 3963878192]
[3963878208, 3963878912]
[3963879424, 3963882000]
[3963882016, 3963882032]
[3963882048, 3963882256]
[3963882272, 3963882288]
[3963882304, 3963883008]
[3963883520, 3963886096]
[3963886112, 3963886128]
[3963886144, 3963886352]
[3963886368, 3963886384]
[3963886400, 3963887104]
[3963887616, 3963890192]
[3963890208, 3963890224]
[3963890240, 3963890448]
[3963890464, 3963890480]
[3963890496, 3963891200]
[3963891712, 3963894288]
[3963894304, 3963894320]
[3963894336, 3963894544]
[3963894560, 3963894576]
[3963894592, 3963895296]
[3963895808, 3963898384]
[3963898400, 3963898416]
[3963898432, 3963898640]
[3963898656, 3963898672]
[3963898688, 3963899392]
[3963899904, 3963902480]
[3963902496, 3963902512]
[3963902528, 3963902736]
[3963902752, 3963902768]
[3963902784, 3963903488]
[3963904000, 3963906576]
[3963906592, 3963906608]
[3963906624, 3963906832]
[3963906848, 3963906864]
[3963906880, 3963907584]
[3963908096, 3963910672]
[3963910688, 3963910704]
[3963910720, 3963910928]
[3963910944, 3963910960]
[3963910976, 3963911680]
[3963912192, 3963914768]
[3963914784, 3963914800]
[3963914816, 3963915024]
[3963915040, 3963915056]
[3963915072, 3963915776]
[3963916288, 3963918864]
[3963918880, 3963918896]
[3963918912, 3963919120]
[3963919136, 3963919152]
[3963919168, 3963919872]
[3963920384, 3963922960]
[3963922976, 3963922992]
[3963923008, 3963923216]
[3963923232, 3963923248]
[3963923264, 3963923968]
[3963924480, 3963927056]
[3963927072, 3963927088]
[3963927104, 3963927312]
[3963927328, 3963927344]
[3963927360, 3963928064]
[3963928576, 3963931152]
[3963931168, 3963931184]
[3963931200, 3963931408]
[3963931424, 3963931440]
[3963931456, 3963932160]
[3963932672, 3963935248]
[3963935264, 3963935280]
[3963935296, 3963935504]
[3963935520, 3963935536]
[3963935552, 3963936256]
[3963936768, 3963939344]
[3963939360, 3963939376]
[3963939392, 3963939600]
[3963939616, 3963939632]
[3963939648, 3963940352]
[3963940864, 3963943440]
[3963943456, 3963943472]
[3963943488, 3963943696]
[3963943712, 3963943728]
[3963943744, 3963944448]
[3963944960, 3963947536]
[3963947552, 3963947568]
[3963947584, 3963947792]
[3963947808, 3963947824]
[3963947840, 3963948544]
[3963949056, 3963951632]
[3963951648, 3963951664]
[3963951680, 3963951888]
[3963951904, 3963951920]
[3963951936, 3963952640]
[3963953152, 3963955728]
[3963955744, 3963955760]
[3963955776, 3963955984]
[3963956000, 3963956016]
[3963956032, 3963956736]
[3963957248, 3963959824]
[3963959840, 3963959856]
[3963959872, 3963960080]
[3963960096, 3963960112]
[3963960128, 3963960832]
[3963961344, 3963963920]
[3963963936, 3963963952]
[3963963968, 3963964176]
[3963964192, 3963964208]
[3963964224, 3963964928]
[3963965440, 3963968016]
[3963968032, 3963968048]
[3963968064, 3963968272]
[3963968288, 3963968304]
[3963968320, 3963969024]
[3963969536, 3963972112]
[3963972128, 3963972144]
[3963972160, 3963972368]
[3963972384, 3963972400]
[3963972416, 3963973120]
[3963973632, 3963976208]
[3963976224, 3963976240]
[3963976256, 3963976464]
[3963976480, 3963976496]
[3963976512, 3963977216]
[3963977728, 3963980304]
[3963980320, 3963980336]
[3963980352, 3963980560]
[3963980576, 3963980592]
[3963980608, 3963981312]
[3963981824, 3963984400]
[3963984416, 3963984432]
[3963984448, 3963984656]
[3963984672, 3963984688]
[3963984704, 3963985408]
[3963985920, 3963988496]
[3963988512, 3963988528]
[3963988544, 3963988752]
[3963988768, 3963988784]
[3963988800, 3963989504]
[3963990016, 3963992592]
[3963992608, 3963992624]
[3963992640, 3963992848]
[3963992864, 3963992880]
[3963992896, 3963993600]
[3963994112, 3963996688]
[3963996704, 3963996720]
[3963996736, 3963996944]
[3963996960, 3963996976]
[3963996992, 3963997696]
[3963998208, 3964000784]
[3964000800, 3964000816]
[3964000832, 3964001040]
[3964001056, 3964001072]
[3964001088, 3964001792]
[3964002304, 3964004880]
[3964004896, 3964004912]
[3964004928, 3964005136]
[3964005152, 3964005168]
[3964005184, 3964005888]
[3964006400, 3964008976]
[3964008992, 3964009008]
[3964009024, 3964009232]
[3964009248, 3964009264]
[3964009280, 3964009984]
[3964010496, 3964013072]
[3964013088, 3964013104]
[3964013120, 3964013328]
[3964013344, 3964013360]
[3964013376, 3964014080]
[3964014592, 3964017168]
[3964017184, 3964017200]
[3964017216, 3964017424]
[3964017440, 3964017456]
[3964017472, 3964018176]
[3964018688, 3964021264]
[3964021280, 3964021296]
[3964021312, 3964021520]
[3964021536, 3964021552]
[3964021568, 3964022272]
[3964022784, 3964025360]
[3964025376, 3964025392]
[3964025408, 3964025616]
[3964025632, 3964025648]
[3964025664, 3964026368]
[3964026880, 3964029456]
[3964029472, 3964029488]
[3964029504, 3964029712]
[3964029728, 3964029744]
[3964029760, 3964030464]
[3964030976, 3964033552]
[3964033568, 3964033584]
[3964033600, 3964033808]
[3964033824, 3964033840]
[3964033856, 3964034560]
[3964035072, 3964037648]
[3964037664, 3964037680]
[3964037696, 3964037904]
[3964037920, 3964037936]
[3964037952, 3964038656]
[3964039168, 3964041744]
[3964041760, 3964041776]
[3964041792, 3964042000]
[3964042016, 3964042032]
[3964042048, 3964042752]
[3964043264, 3964045840]
[3964045856, 3964045872]
[3964045888, 3964046096]
[3964046112, 3964046128]
[3964046144, 3964046848]
[3964047360, 3964049936]
[3964049952, 3964049968]
[3964049984, 3964050192]
[3964050208, 3964050224]
[3964050240, 3964050944]
[3964051456, 3964054032]
[3964054048, 3964054064]
[3964054080, 3964054288]
[3964054304, 3964054320]
[3964054336, 3964055040]
[3964055552, 3964058128]
[3964058144, 3964058160]
[3964058176, 3964058384]
[3964058400, 3964058416]
[3964058432, 3964059136]
[3964059648, 3964062224]
[3964062240, 3964062256]
[3964062272, 3964062480]
[3964062496, 3964062512]
[3964062528, 3964063232]
[3964063744, 3964066320]
[3964066336, 3964066352]
[3964066368, 3964066576]
[3964066592, 3964066608]
[3964066624, 3964067328]
[3964067840, 3964070416]
[3964070432, 3964070448]
[3964070464, 3964070672]
[3964070688, 3964070704]
[3964070720, 3964071424]
[3964071936, 3964074512]
[3964074528, 3964074544]
[3964074560, 3964074768]
[3964074784, 3964074800]
[3964074816, 3964075520]
[3964076032, 3964078608]
[3964078624, 3964078640]
[3964078656, 3964078864]
[3964078880, 3964078896]
[3964078912, 3964079616]
[3964080128, 3964082704]
[3964082720, 3964082736]
[3964082752, 3964082960]
[3964082976, 3964082992]
[3964083008, 3964083712]
[3964084224, 3964086800]
[3964086816, 3964086832]
[3964086848, 3964087056]
[3964087072, 3964087088]
[3964087104, 3964087808]
[3964088320, 3964090896]
[3964090912, 3964090928]
[3964090944, 3964091152]
[3964091168, 3964091184]
[3964091200, 3964091904]
[3964092416, 3964094992]
[3964095008, 3964095024]
[3964095040, 3964095248]
[3964095264, 3964095280]
[3964095296, 3964096000]
[3964096512, 3964099088]
[3964099104, 3964099120]
[3964099136, 3964099344]
[3964099360, 3964099376]
[3964099392, 3964100096]
[3964100608, 3964103184]
[3964103200, 3964103216]
[3964103232, 3964103440]
[3964103456, 3964103472]
[3964103488, 3964104192]
[3964104704, 3964107280]
[3964107296, 3964107312]
[3964107328, 3964107536]
[3964107552, 3964107568]
[3964107584, 3964108288]
[3964108800, 3964111376]
[3964111392, 3964111408]
[3964111424, 3964111632]
[3964111648, 3964111664]
[3964111680, 3964112384]
[3964112896, 3964115472]
[3964115488, 3964115504]
[3964115520, 3964115728]
[3964115744, 3964115760]
[3964115776, 3964116480]
[3964116992, 3964119568]
[3964119584, 3964119600]
[3964119616, 3964119824]
[3964119840, 3964119856]
[3964119872, 3964120576]
[3964121088, 3964123664]
[3964123680, 3964123696]
[3964123712, 3964123920]
[3964123936, 3964123952]
[3964123968, 3964124672]
[3964125184, 3964127760]
[3964127776, 3964127792]
[3964127808, 3964128016]
[3964128032, 3964128048]
[3964128064, 3964128768]
[3964129280, 3964131856]
[3964131872, 3964131888]
[3964131904, 3964132112]
[3964132128, 3964132144]
[3964132160, 3964132864]
[3964133376, 3964135952]
[3964135968, 3964135984]
[3964136000, 3964136208]
[3964136224, 3964136240]
[3964136256, 3964136960]
[3964137472, 3964140048]
[3964140064, 3964140080]
[3964140096, 3964140304]
[3964140320, 3964140336]
[3964140352, 3964141056]
[3964141568, 3964144144]
[3964144160, 3964144176]
[3964144192, 3964144400]
[3964144416, 3964144432]
[3964144448, 3964145152]
[3964145664, 3964148240]
[3964148256, 3964148272]
[3964148288, 3964148496]
[3964148512, 3964148528]
[3964148544, 3964149248]
[3964149760, 3964152336]
[3964152352, 3964152368]
[3964152384, 3964152592]
[3964152608, 3964152624]
[3964152640, 3964153344]
[3964153856, 3964156432]
[3964156448, 3964156464]
[3964156480, 3964156688]
[3964156704, 3964156720]
[3964156736, 3964157440]
[3964157952, 3964160528]
[3964160544, 3964160560]
[3964160576, 3964160784]
[3964160800, 3964160816]
[3964160832, 3964161536]
[3964162048, 3964164624]
[3964164640, 3964164656]
[3964164672, 3964164880]
[3964164896, 3964164912]
[3964164928, 3964165632]
[3964166144, 3964168720]
[3964168736, 3964168752]
[3964168768, 3964168976]
[3964168992, 3964169008]
[3964169024, 3964169728]
[3964170240, 3964172816]
[3964172832, 3964172848]
[3964172864, 3964173072]
[3964173088, 3964173104]
[3964173120, 3964173824]
[3964174336, 3964176912]
[3964176928, 3964176944]
[3964176960, 3964177168]
[3964177184, 3964177200]
[3964177216, 3964177920]
[3964178432, 3964181008]
[3964181024, 3964181040]
[3964181056, 3964181264]
[3964181280, 3964181296]
[3964181312, 3964182016]
[3964182528, 3964185104]
[3964185120, 3964185136]
[3964185152, 3964185360]
[3964185376, 3964185392]
[3964185408, 3964186112]
[3964186624, 3964189200]
[3964189216, 3964189232]
[3964189248, 3964189456]
[3964189472, 3964189488]
[3964189504, 3964190208]
[3964190720, 3964193296]
[3964193312, 3964193328]
[3964193344, 3964193552]
[3964193568, 3964193584]
[3964193600, 3964194304]
[3964194816, 3964197392]
[3964197408, 3964197424]
[3964197440, 3964197648]
[3964197664, 3964197680]
[3964197696, 3964198400]
[3964198912, 3964201488]
[3964201504, 3964201520]
[3964201536, 3964201744]
[3964201760, 3964201776]
[3964201792, 3964202496]
[3964203008, 3964205584]
[3964205600, 3964205616]
[3964205632, 3964205840]
[3964205856, 3964205872]
[3964205888, 3964206592]
[3964207104, 3964209680]
[3964209696, 3964209712]
[3964209728, 3964209936]
[3964209952, 3964209968]
[3964209984, 3964210688]
[3964211200, 3964213776]
[3964213792, 3964213808]
[3964213824, 3964214032]
[3964214048, 3964214064]
[3964214080, 3964214784]
[3964215296, 3964217872]
[3964217888, 3964217904]
[3964217920, 3964218128]
[3964218144, 3964218160]
[3964218176, 3964218880]
[3964219392, 3964221968]
[3964221984, 3964222000]
[3964222016, 3964222224]
[3964222240, 3964222256]
[3964222272, 3964222976]
[3964223488, 3964226064]
[3964226080, 3964226096]
[3964226112, 3964226320]
[3964226336, 3964226352]
[3964226368, 3964227072]
[3964227584, 3964230160]
[3964230176, 3964230192]
[3964230208, 3964230416]
[3964230432, 3964230448]
[3964230464, 3964231168]
[3964231680, 3964234256]
[3964234272, 3964234288]
[3964234304, 3964234512]
[3964234528, 3964234544]
[3964234560, 3964235264]
[3964235776, 3964238352]
[3964238368, 3964238384]
[3964238400, 3964238608]
[3964238624, 3964238640]
[3964238656, 3964239360]
[3964239872, 3964242448]
[3964242464, 3964242480]
[3964242496, 3964242704]
[3964242720, 3964242736]
[3964242752, 3964243456]
[3964243968, 3964246544]
[3964246560, 3964246576]
[3964246592, 3964246800]
[3964246816, 3964246832]
[3964246848, 3964247552]
[3964248064, 3964250640]
[3964250656, 3964250672]
[3964250688, 3964250896]
[3964250912, 3964250928]
[3964250944, 3964251648]
[3964252160, 3964254736]
[3964254752, 3964254768]
[3964254784, 3964254992]
[3964255008, 3964255024]
[3964255040, 3964255744]
[3964256256, 3964258832]
[3964258848, 3964258864]
[3964258880, 3964259088]
[3964259104, 3964259120]
[3964259136, 3964259840]
[3964260352, 3964262928]
[3964262944, 3964262960]
[3964262976, 3964263184]
[3964263200, 3964263216]
[3964263232, 3964263936]
[3964264448, 3964267024]
[3964267040, 3964267056]
[3964267072, 3964267280]
[3964267296, 3964267312]
[3964267328, 3964268032]
[3964268544, 3964271120]
[3964271136, 3964271152]
[3964271168, 3964271376]
[3964271392, 3964271408]
[3964271424, 3964272128]
[3964272640, 3964275216]
[3964275232, 3964275248]
[3964275264, 3964275472]
[3964275488, 3964275504]
[3964275520, 3964276224]
[3964276736, 3964279312]
[3964279328, 3964279344]
[3964279360, 3964279568]
[3964279584, 3964279600]
[3964279616, 3964280320]
[3964280832, 3964283408]
[3964283424, 3964283440]
[3964283456, 3964283664]
[3964283680, 3964283696]
[3964283712, 3964284416]
[3964284928, 3964287504]
[3964287520, 3964287536]
[3964287552, 3964287760]
[3964287776, 3964287792]
[3964287808, 3964288512]
[3964289024, 3964291600]
[3964291616, 3964291632]
[3964291648, 3964291856]
[3964291872, 3964291888]
[3964291904, 3964292608]
[3964293120, 3964295696]
[3964295712, 3964295728]
[3964295744, 3964295952]
[3964295968, 3964295984]
[3964296000, 3964296704]
[3964297216, 3964299792]
[3964299808, 3964299824]
[3964299840, 3964300048]
[3964300064, 3964300080]
[3964300096, 3964300800]
[3964301312, 3964303888]
[3964303904, 3964303920]
[3964303936, 3964304144]
[3964304160, 3964304176]
[3964304192, 3964304896]
[3964305408, 3964307984]
[3964308000, 3964308016]
[3964308032, 3964308240]
[3964308256, 3964308272]
[3964308288, 3964308992]
[3964309504, 3964312080]
[3964312096, 3964312112]
[3964312128, 3964312336]
[3964312352, 3964312368]
[3964312384, 3964313088]
[3964313600, 3964316176]
[3964316192, 3964316208]
[3964316224, 3964316432]
[3964316448, 3964316464]
[3964316480, 3964317184]
[3964317696, 3964320272]
[3964320288, 3964320304]
[3964320320, 3964320528]
[3964320544, 3964320560]
[3964320576, 3964321280]
[3964321792, 3964324368]
[3964324384, 3964324400]
[3964324416, 3964324624]
[3964324640, 3964324656]
[3964324672, 3964325376]
[3964325888, 3964328464]
[3964328480, 3964328496]
[3964328512, 3964328720]
[3964328736, 3964328752]
[3964328768, 3964329472]
[3964329984, 3964332560]
[3964332576, 3964332592]
[3964332608, 3964332816]
[3964332832, 3964332848]
[3964332864, 3964333568]
[3964334080, 3964336656]
[3964336672, 3964336688]
[3964336704, 3964336912]
[3964336928, 3964336944]
[3964336960, 3964337664]
[3964338176, 3964340752]
[3964340768, 3964340784]
[3964340800, 3964341008]
[3964341024, 3964341040]
[3964341056, 3964341760]
[3964342272, 3964344848]
[3964344864, 3964344880]
[3964344896, 3964345104]
[3964345120, 3964345136]
[3964345152, 3964345856]
[3964346368, 3964348944]
[3964348960, 3964348976]
[3964348992, 3964349200]
[3964349216, 3964349232]
[3964349248, 3964349952]
[3964350464, 3964353040]
[3964353056, 3964353072]
[3964353088, 3964353296]
[3964353312, 3964353328]
[3964353344, 3964354048]
[3964354560, 3964357136]
[3964357152, 3964357168]
[3964357184, 3964357392]
[3964357408, 3964357424]
[3964357440, 3964358144]
[3964358656, 3964361232]
[3964361248, 3964361264]
[3964361280, 3964361488]
[3964361504, 3964361520]
[3964361536, 3964362240]
[3964362752, 3964365328]
[3964365344, 3964365360]
[3964365376, 3964365584]
[3964365600, 3964365616]
[3964365632, 3964366336]
[3964366848, 3964369424]
[3964369440, 3964369456]
[3964369472, 3964369680]
[3964369696, 3964369712]
[3964369728, 3964370432]
[3964370944, 3964373520]
[3964373536, 3964373552]
[3964373568, 3964373776]
[3964373792, 3964373808]
[3964373824, 3964374528]
[3964375040, 3964377616]
[3964377632, 3964377648]
[3964377664, 3964377872]
[3964377888, 3964377904]
[3964377920, 3964378624]
[3964379136, 3964381712]
[3964381728, 3964381744]
[3964381760, 3964381968]
[3964381984, 3964382000]
[3964382016, 3964382720]
[3964383232, 3964385808]
[3964385824, 3964385840]
[3964385856, 3964386064]
[3964386080, 3964386096]
[3964386112, 3964386816]
[3964387328, 3964389904]
[3964389920, 3964389936]
[3964389952, 3964390160]
[3964390176, 3964390192]
[3964390208, 3964390912]
[3964391424, 3964394000]
[3964394016, 3964394032]
[3964394048, 3964394256]
[3964394272, 3964394288]
[3964394304, 3964395008]
[3964395520, 3964398096]
[3964398112, 3964398128]
[3964398144, 3964398352]
[3964398368, 3964398384]
[3964398400, 3964399104]
[3964399616, 3964402192]
[3964402208, 3964402224]
[3964402240, 3964402448]
[3964402464, 3964402480]
[3964402496, 3964403200]
[3964403712, 3964406288]
[3964406304, 3964406320]
[3964406336, 3964406544]
[3964406560, 3964406576]
[3964406592, 3964407296]
[3964407808, 3964410384]
[3964410400, 3964410416]
[3964410432, 3964410640]
[3964410656, 3964410672]
[3964410688, 3964411392]
[3964411904, 3964414480]
[3964414496, 3964414512]
[3964414528, 3964414736]
[3964414752, 3964414768]
[3964414784, 3964415488]
[3964416000, 3964418576]
[3964418592, 3964418608]
[3964418624, 3964418832]
[3964418848, 3964418864]
[3964418880, 3964419584]
[3964420096, 3964422672]
[3964422688, 3964422704]
[3964422720, 3964422928]
[3964422944, 3964422960]
[3964422976, 3964423680]
[3964424192, 3964426768]
[3964426784, 3964426800]
[3964426816, 3964427024]
[3964427040, 3964427056]
[3964427072, 3964427776]
[3964428288, 3964430864]
[3964430880, 3964430896]
[3964430912, 3964431120]
[3964431136, 3964431152]
[3964431168, 3964431872]
[3964432384, 3964434960]
[3964434976, 3964434992]
[3964435008, 3964435216]
[3964435232, 3964435248]
[3964435264, 3964435968]
[3964436480, 3964439056]
[3964439072, 3964439088]
[3964439104, 3964439312]
[3964439328, 3964439344]
[3964439360, 3964440064]
[3964440576, 3964443152]
[3964443168, 3964443184]
[3964443200, 3964443408]
[3964443424, 3964443440]
[3964443456, 3964444160]
[3964444672, 3964447248]
[3964447264, 3964447280]
[3964447296, 3964447504]
[3964447520, 3964447536]
[3964447552, 3964448256]
[3964448768, 3964451344]
[3964451360, 3964451376]
[3964451392, 3964451600]
[3964451616, 3964451632]
[3964451648, 3964452352]
[3964452864, 3964455440]
[3964455456, 3964455472]
[3964455488, 3964455696]
[3964455712, 3964455728]
[3964455744, 3964456448]
[3964456960, 3964459536]
[3964459552, 3964459568]
[3964459584, 3964459792]
[3964459808, 3964459824]
[3964459840, 3964460544]
[3964461056, 3964463632]
[3964463648, 3964463664]
[3964463680, 3964463888]
[3964463904, 3964463920]
[3964463936, 3964464640]
[3964465152, 3964467728]
[3964467744, 3964467760]
[3964467776, 3964467984]
[3964468000, 3964468016]
[3964468032, 3964468736]
[3964469248, 3964471824]
[3964471840, 3964471856]
[3964471872, 3964472080]
[3964472096, 3964472112]
[3964472128, 3964472832]
[3964473344, 3964475920]
[3964475936, 3964475952]
[3964475968, 3964476176]
[3964476192, 3964476208]
[3964476224, 3964476928]
[3964477440, 3964480016]
[3964480032, 3964480048]
[3964480064, 3964480272]
[3964480288, 3964480304]
[3964480320, 3964481024]
[3964481536, 3964484112]
[3964484128, 3964484144]
[3964484160, 3964484368]
[3964484384, 3964484400]
[3964484416, 3964485120]
[3964485632, 3964488208]
[3964488224, 3964488240]
[3964488256, 3964488464]
[3964488480, 3964488496]
[3964488512, 3964489216]
[3964489728, 3964492304]
[3964492320, 3964492336]
[3964492352, 3964492560]
[3964492576, 3964492592]
[3964492608, 3964493312]
[3964493824, 3964496400]
[3964496416, 3964496432]
[3964496448, 3964496656]
[3964496672, 3964496688]
[3964496704, 3964497408]
[3964497920, 3964500496]
[3964500512, 3964500528]
[3964500544, 3964500752]
[3964500768, 3964500784]
[3964500800, 3964501504]
[3964502016, 3964504592]
[3964504608, 3964504624]
[3964504640, 3964504848]
[3964504864, 3964504880]
[3964504896, 3964505600]
[3964506112, 3964508688]
[3964508704, 3964508720]
[3964508736, 3964508944]
[3964508960, 3964508976]
[3964508992, 3964509696]
[3964510208, 3964512784]
[3964512800, 3964512816]
[3964512832, 3964513040]
[3964513056, 3964513072]
[3964513088, 3964513792]
[3964514304, 3964516880]
[3964516896, 3964516912]
[3964516928, 3964517136]
[3964517152, 3964517168]
[3964517184, 3964517888]
[3964518400, 3964520976]
[3964520992, 3964521008]
[3964521024, 3964521232]
[3964521248, 3964521264]
[3964521280, 3964521984]
[3964522496, 3964525072]
[3964525088, 3964525104]
[3964525120, 3964525328]
[3964525344, 3964525360]
[3964525376, 3964526080]
[3964526592, 3964529168]
[3964529184, 3964529200]
[3964529216, 3964529424]
[3964529440, 3964529456]
[3964529472, 3964530176]
[3964530688, 3964533264]
[3964533280, 3964533296]
[3964533312, 3964533520]
[3964533536, 3964533552]
[3964533568, 3964534272]
[3964534784, 3964537360]
[3964537376, 3964537392]
[3964537408, 3964537616]
[3964537632, 3964537648]
[3964537664, 3964538368]
[3964538880, 3964541456]
[3964541472, 3964541488]
[3964541504, 3964541712]
[3964541728, 3964541744]
[3964541760, 3964542464]
[3964542976, 3964545552]
[3964545568, 3964545584]
[3964545600, 3964545808]
[3964545824, 3964545840]
[3964545856, 3964546560]
[3964547072, 3964549648]
[3964549664, 3964549680]
[3964549696, 3964549904]
[3964549920, 3964549936]
[3964549952, 3964550656]
[3964551168, 3964553744]
[3964553760, 3964553776]
[3964553792, 3964554000]
[3964554016, 3964554032]
[3964554048, 3964554752]
[3964555264, 3964557840]
[3964557856, 3964557872]
[3964557888, 3964558096]
[3964558112, 3964558128]
[3964558144, 3964558848]
[3964559360, 3964561936]
[3964561952, 3964561968]
[3964561984, 3964562192]
[3964562208, 3964562224]
[3964562240, 3964562944]
[3964563456, 3964566032]
[3964566048, 3964566064]
[3964566080, 3964566288]
[3964566304, 3964566320]
[3964566336, 3964567040]
[3964567552, 3964570128]
[3964570144, 3964570160]
[3964570176, 3964570384]
[3964570400, 3964570416]
[3964570432, 3964571136]
[3964571648, 3964574224]
[3964574240, 3964574256]
[3964574272, 3964574480]
[3964574496, 3964574512]
[3964574528, 3964575232]
[3964575744, 3964578320]
[3964578336, 3964578352]
[3964578368, 3964578576]
[3964578592, 3964578608]
[3964578624, 3964579328]
[3964579840, 3964582416]
[3964582432, 3964582448]
[3964582464, 3964582672]
[3964582688, 3964582704]
[3964582720, 3964583424]
[3964583936, 3964586512]
[3964586528, 3964586544]
[3964586560, 3964586768]
[3964586784, 3964586800]
[3964586816, 3964587520]
[3964588032, 3964590608]
[3964590624, 3964590640]
[3964590656, 3964590864]
[3964590880, 3964590896]
[3964590912, 3964591616]
[3964592128, 3964594704]
[3964594720, 3964594736]
[3964594752, 3964594960]
[3964594976, 3964594992]
[3964595008, 3964595712]
[3964596224, 3964598800]
[3964598816, 3964598832]
[3964598848, 3964599056]
[3964599072, 3964599088]
[3964599104, 3964599808]
[3964600320, 3964602896]
[3964602912, 3964602928]
[3964602944, 3964603152]
[3964603168, 3964603184]
[3964603200, 3964603904]
[3964604416, 3964606992]
[3964607008, 3964607024]
[3964607040, 3964607248]
[3964607264, 3964607280]
[3964607296, 3964608000]
[3964608512, 3964611088]
[3964611104, 3964611120]
[3964611136, 3964611344]
[3964611360, 3964611376]
[3964611392, 3964612096]
[3964612608, 3964615184]
[3964615200, 3964615216]
[3964615232, 3964615440]
[3964615456, 3964615472]
[3964615488, 3964616192]
[3964616704, 3964619280]
[3964619296, 3964619312]
[3964619328, 3964619536]
[3964619552, 3964619568]
[3964619584, 3964620288]
[3964620800, 3964623376]
[3964623392, 3964623408]
[3964623424, 3964623632]
[3964623648, 3964623664]
[3964623680, 3964624384]
[3964624896, 3964627472]
[3964627488, 3964627504]
[3964627520, 3964627728]
[3964627744, 3964627760]
[3964627776, 3964628480]
[3964628992, 3964631568]
[3964631584, 3964631600]
[3964631616, 3964631824]
[3964631840, 3964631856]
[3964631872, 3964632576]
[3964633088, 3964635664]
[3964635680, 3964635696]
[3964635712, 3964635920]
[3964635936, 3964635952]
[3964635968, 3964636672]
[3964637184, 3964639760]
[3964639776, 3964639792]
[3964639808, 3964640016]
[3964640032, 3964640048]
[3964640064, 3964640768]
[3964641280, 3964643856]
[3964643872, 3964643888]
[3964643904, 3964644112]
[3964644128, 3964644144]
[3964644160, 3964644864]
[3964645376, 3964647952]
[3964647968, 3964647984]
[3964648000, 3964648208]
[3964648224, 3964648240]
[3964648256, 3964648960]
[3964649472, 3964652048]
[3964652064, 3964652080]
[3964652096, 3964652304]
[3964652320, 3964652336]
[3964652352, 3964653056]
[3964653568, 3964656144]
[3964656160, 3964656176]
[3964656192, 3964656400]
[3964656416, 3964656432]
[3964656448, 3964657152]
[3964657664, 3964660240]
[3964660256, 3964660272]
[3964660288, 3964660496]
[3964660512, 3964660528]
[3964660544, 3964661248]
[3964661760, 3964664336]
[3964664352, 3964664368]
[3964664384, 3964664592]
[3964664608, 3964664624]
[3964664640, 3964665344]
[3964665856, 3964668432]
[3964668448, 3964668464]
[3964668480, 3964668688]
[3964668704, 3964668720]
[3964668736, 3964669440]
[3964669952, 3964672528]
[3964672544, 3964672560]
[3964672576, 3964672784]
[3964672800, 3964672816]
[3964672832, 3964673536]
[3964674048, 3964676624]
[3964676640, 3964676656]
[3964676672, 3964676880]
[3964676896, 3964676912]
[3964676928, 3964677632]
[3964678144, 3964680720]
[3964680736, 3964680752]
[3964680768, 3964680976]
[3964680992, 3964681008]
[3964681024, 3964681728]
[3964682240, 3964684816]
[3964684832, 3964684848]
[3964684864, 3964685072]
[3964685088, 3964685104]
[3964685120, 3964685824]
[3964686336, 3964688912]
[3964688928, 3964688944]
[3964688960, 3964689168]
[3964689184, 3964689200]
[3964689216, 3964689920]
[3964690432, 3964693008]
[3964693024, 3964693040]
[3964693056, 3964693264]
[3964693280, 3964693296]
[3964693312, 3964694016]
[3964694528, 3964697104]
[3964697120, 3964697136]
[3964697152, 3964697360]
[3964697376, 3964697392]
[3964697408, 3964698112]
[3964698624, 3964701200]
[3964701216, 3964701232]
[3964701248, 3964701456]
[3964701472, 3964701488]
[3964701504, 3964702208]
[3964702720, 3964705296]
[3964705312, 3964705328]
[3964705344, 3964705552]
[3964705568, 3964705584]
[3964705600, 3964706304]
[3964706816, 3964709392]
[3964709408, 3964709424]
[3964709440, 3964709648]
[3964709664, 3964709680]
[3964709696, 3964710400]
[3964710912, 3964713488]
[3964713504, 3964713520]
[3964713536, 3964713744]
[3964713760, 3964713776]
[3964713792, 3964714496]
[3964715008, 3964717584]
[3964717600, 3964717616]
[3964717632, 3964717840]
[3964717856, 3964717872]
[3964717888, 3964718592]
[3964719104, 3964721680]
[3964721696, 3964721712]
[3964721728, 3964721936]
[3964721952, 3964721968]
[3964721984, 3964722688]
[3964723200, 3964725776]
[3964725792, 3964725808]
[3964725824, 3964726032]
[3964726048, 3964726064]
[3964726080, 3964726784]
[3964727296, 3964729872]
[3964729888, 3964729904]
[3964729920, 3964730128]
[3964730144, 3964730160]
[3964730176, 3964730880]
[3964731392, 3964733968]
[3964733984, 3964734000]
[3964734016, 3964734224]
[3964734240, 3964734256]
[3964734272, 3964734976]
[3964735488, 3964738064]
[3964738080, 3964738096]
[3964738112, 3964738320]
[3964738336, 3964738352]
[3964738368, 3964739072]
[3964739584, 3964742160]
[3964742176, 3964742192]
[3964742208, 3964742416]
[3964742432, 3964742448]
[3964742464, 3964743168]
[3964743680, 3964746256]
[3964746272, 3964746288]
[3964746304, 3964746512]
[3964746528, 3964746544]
[3964746560, 3964747264]
[3964747776, 3964750352]
[3964750368, 3964750384]
[3964750400, 3964750608]
[3964750624, 3964750640]
[3964750656, 3964751360]
[3964751872, 3964754448]
[3964754464, 3964754480]
[3964754496, 3964754704]
[3964754720, 3964754736]
[3964754752, 3964755456]
[3964755968, 3964758544]
[3964758560, 3964758576]
[3964758592, 3964758800]
[3964758816, 3964758832]
[3964758848, 3964759552]
[3964760064, 3964762640]
[3964762656, 3964762672]
[3964762688, 3964762896]
[3964762912, 3964762928]
[3964762944, 3964763648]
[3964764160, 3964766736]
[3964766752, 3964766768]
[3964766784, 3964766992]
[3964767008, 3964767024]
[3964767040, 3964767744]
[3964768256, 3964770832]
[3964770848, 3964770864]
[3964770880, 3964771088]
[3964771104, 3964771120]
[3964771136, 3964771840]
[3964772352, 3964774928]
[3964774944, 3964774960]
[3964774976, 3964775184]
[3964775200, 3964775216]
[3964775232, 3964775936]
[3964776448, 3964779024]
[3964779040, 3964779056]
[3964779072, 3964779280]
[3964779296, 3964779312]
[3964779328, 3964780032]
[3964780544, 3964783120]
[3964783136, 3964783152]
[3964783168, 3964783376]
[3964783392, 3964783408]
[3964783424, 3964784128]
[3964784640, 3964787216]
[3964787232, 3964787248]
[3964787264, 3964787472]
[3964787488, 3964787504]
[3964787520, 3964788224]
[3964788736, 3964791312]
[3964791328, 3964791344]
[3964791360, 3964791568]
[3964791584, 3964791600]
[3964791616, 3964792320]
[3964792832, 3964795408]
[3964795424, 3964795440]
[3964795456, 3964795664]
[3964795680, 3964795696]
[3964795712, 3964796416]
[3964796928, 3964799504]
[3964799520, 3964799536]
[3964799552, 3964799760]
[3964799776, 3964799792]
[3964799808, 3964800512]
[3964801024, 3964803600]
[3964803616, 3964803632]
[3964803648, 3964803856]
[3964803872, 3964803888]
[3964803904, 3964804608]
[3964805120, 3964807696]
[3964807712, 3964807728]
[3964807744, 3964807952]
[3964807968, 3964807984]
[3964808000, 3964808704]
[3964809216, 3964811792]
[3964811808, 3964811824]
[3964811840, 3964812048]
[3964812064, 3964812080]
[3964812096, 3964812800]
[3964813312, 3964815888]
[3964815904, 3964815920]
[3964815936, 3964816144]
[3964816160, 3964816176]
[3964816192, 3964816896]
[3964817408, 3964819984]
[3964820000, 3964820016]
[3964820032, 3964820240]
[3964820256, 3964820272]
[3964820288, 3964820992]
[3964821504, 3964824080]
[3964824096, 3964824112]
[3964824128, 3964824336]
[3964824352, 3964824368]
[3964824384, 3964825088]
[3964825600, 3964828176]
[3964828192, 3964828208]
[3964828224, 3964828432]
[3964828448, 3964828464]
[3964828480, 3964829184]
[3964829696, 3964832272]
[3964832288, 3964832304]
[3964832320, 3964832528]
[3964832544, 3964832560]
[3964832576, 3964833280]
[3964833792, 3964836368]
[3964836384, 3964836400]
[3964836416, 3964836624]
[3964836640, 3964836656]
[3964836672, 3964837376]
[3964837888, 3964840464]
[3964840480, 3964840496]
[3964840512, 3964840720]
[3964840736, 3964840752]
[3964840768, 3964841472]
[3964841984, 3964844560]
[3964844576, 3964844592]
[3964844608, 3964844816]
[3964844832, 3964844848]
[3964844864, 3964845568]
[3964846080, 3964848656]
[3964848672, 3964848688]
[3964848704, 3964848912]
[3964848928, 3964848944]
[3964848960, 3964849664]
[3964850176, 3964852752]
[3964852768, 3964852784]
[3964852800, 3964853008]
[3964853024, 3964853040]
[3964853056, 3964853760]
[3964854272, 3964856848]
[3964856864, 3964856880]
[3964856896, 3964857104]
[3964857120, 3964857136]
[3964857152, 3964857856]
[3964858368, 3964860944]
[3964860960, 3964860976]
[3964860992, 3964861200]
[3964861216, 3964861232]
[3964861248, 3964861952]
[3964862464, 3964865040]
[3964865056, 3964865072]
[3964865088, 3964865296]
[3964865312, 3964865328]
[3964865344, 3964866048]
[3964866560, 3964869136]
[3964869152, 3964869168]
[3964869184, 3964869392]
[3964869408, 3964869424]
[3964869440, 3964870144]
[3964870656, 3964873232]
[3964873248, 3964873264]
[3964873280, 3964873488]
[3964873504, 3964873520]
[3964873536, 3964874240]
[3964874752, 3964877328]
[3964877344, 3964877360]
[3964877376, 3964877584]
[3964877600, 3964877616]
[3964877632, 3964878336]
[3964878848, 3964881424]
[3964881440, 3964881456]
[3964881472, 3964881680]
[3964881696, 3964881712]
[3964881728, 3964882432]
[3964882944, 3964885520]
[3964885536, 3964885552]
[3964885568, 3964885776]
[3964885792, 3964885808]
[3964885824, 3964886528]
[3964887040, 3964889616]
[3964889632, 3964889648]
[3964889664, 3964889872]
[3964889888, 3964889904]
[3964889920, 3964890624]
[3964891136, 3964893712]
[3964893728, 3964893744]
[3964893760, 3964893968]
[3964893984, 3964894000]
[3964894016, 3964894720]
[3964895232, 3964897808]
[3964897824, 3964897840]
[3964897856, 3964898064]
[3964898080, 3964898096]
[3964898112, 3964898816]
[3964899328, 3964901904]
[3964901920, 3964901936]
[3964901952, 3964902160]
[3964902176, 3964902192]
[3964902208, 3964902912]
[3964903424, 3964906000]
[3964906016, 3964906032]
[3964906048, 3964906256]
[3964906272, 3964906288]
[3964906304, 3964907008]
[3964907520, 3964910096]
[3964910112, 3964910128]
[3964910144, 3964910352]
[3964910368, 3964910384]
[3964910400, 3964911104]
[3964911616, 3964914192]
[3964914208, 3964914224]
[3964914240, 3964914448]
[3964914464, 3964914480]
[3964914496, 3964915200]
[3964915712, 3964918288]
[3964918304, 3964918320]
[3964918336, 3964918544]
[3964918560, 3964918576]
[3964918592, 3964919296]
[3964919808, 3964922384]
[3964922400, 3964922416]
[3964922432, 3964922640]
[3964922656, 3964922672]
[3964922688, 3964923392]
[3964923904, 3964926480]
[3964926496, 3964926512]
[3964926528, 3964926736]
[3964926752, 3964926768]
[3964926784, 3964927488]
[3964928000, 3964930576]
[3964930592, 3964930608]
[3964930624, 3964930832]
[3964930848, 3964930864]
[3964930880, 3964931584]
[3964932096, 3964934672]
[3964934688, 3964934704]
[3964934720, 3964934928]
[3964934944, 3964934960]
[3964934976, 3964935680]
[3964936192, 3964938768]
[3964938784, 3964938800]
[3964938816, 3964939024]
[3964939040, 3964939056]
[3964939072, 3964939776]
[3964940288, 3964942864]
[3964942880, 3964942896]
[3964942912, 3964943120]
[3964943136, 3964943152]
[3964943168, 3964943872]
[3964944384, 3964946960]
[3964946976, 3964946992]
[3964947008, 3964947216]
[3964947232, 3964947248]
[3964947264, 3964947968]
[3964948480, 3964951056]
[3964951072, 3964951088]
[3964951104, 3964951312]
[3964951328, 3964951344]
[3964951360, 3964952064]
[3964952576, 3964955152]
[3964955168, 3964955184]
[3964955200, 3964955408]
[3964955424, 3964955440]
[3964955456, 3964956160]
[3964956672, 3964959248]
[3964959264, 3964959280]
[3964959296, 3964959504]
[3964959520, 3964959536]
[3964959552, 3964960256]
[3964960768, 3964963344]
[3964963360, 3964963376]
[3964963392, 3964963600]
[3964963616, 3964963632]
[3964963648, 3964964352]
[3964964864, 3964967440]
[3964967456, 3964967472]
[3964967488, 3964967696]
[3964967712, 3964967728]
[3964967744, 3964968448]
[3964968960, 3964971536]
[3964971552, 3964971568]
[3964971584, 3964971792]
[3964971808, 3964971824]
[3964971840, 3964972544]
[3964973056, 3964975632]
[3964975648, 3964975664]
[3964975680, 3964975888]
[3964975904, 3964975920]
[3964975936, 3964976640]
[3964977152, 3964979728]
[3964979744, 3964979760]
[3964979776, 3964979984]
[3964980000, 3964980016]
[3964980032, 3964980736]
[3964981248, 3964983824]
[3964983840, 3964983856]
[3964983872, 3964984080]
[3964984096, 3964984112]
[3964984128, 3964984832]
[3964985344, 3964987920]
[3964987936, 3964987952]
[3964987968, 3964988176]
[3964988192, 3964988208]
[3964988224, 3964988928]
[3964989440, 3964992016]
[3964992032, 3964992048]
[3964992064, 3964992272]
[3964992288, 3964992304]
[3964992320, 3964993024]
[3964993536, 3964996112]
[3964996128, 3964996144]
[3964996160, 3964996368]
[3964996384, 3964996400]
[3964996416, 3964997120]
[3964997632, 3965000208]
[3965000224, 3965000240]
[3965000256, 3965000464]
[3965000480, 3965000496]
[3965000512, 3965001216]
[3965001728, 3965004304]
[3965004320, 3965004336]
[3965004352, 3965004560]
[3965004576, 3965004592]
[3965004608, 3965005312]
[3965005824, 3965008400]
[3965008416, 3965008432]
[3965008448, 3965008656]
[3965008672, 3965008688]
[3965008704, 3965009408]
[3965009920, 3965012496]
[3965012512, 3965012528]
[3965012544, 3965012752]
[3965012768, 3965012784]
[3965012800, 3965013504]
[3965014016, 3965016592]
[3965016608, 3965016624]
[3965016640, 3965016848]
[3965016864, 3965016880]
[3965016896, 3965017600]
[3965018112, 3965020688]
[3965020704, 3965020720]
[3965020736, 3965020944]
[3965020960, 3965020976]
[3965020992, 3965021696]
[3965022208, 3965024784]
[3965024800, 3965024816]
[3965024832, 3965025040]
[3965025056, 3965025072]
[3965025088, 3965025792]
[3965026304, 3965028880]
[3965028896, 3965028912]
[3965028928, 3965029136]
[3965029152, 3965029168]
[3965029184, 3965029888]
[3965030400, 3965032976]
[3965032992, 3965033008]
[3965033024, 3965033232]
[3965033248, 3965033264]
[3965033280, 3965033984]
[3965034496, 3965037072]
[3965037088, 3965037104]
[3965037120, 3965037328]
[3965037344, 3965037360]
[3965037376, 3965038080]
[3965038592, 3965041168]
[3965041184, 3965041200]
[3965041216, 3965041424]
[3965041440, 3965041456]
[3965041472, 3965042176]
[3965042688, 3965045264]
[3965045280, 3965045296]
[3965045312, 3965045520]
[3965045536, 3965045552]
[3965045568, 3965046272]
[3965046784, 3965049360]
[3965049376, 3965049392]
[3965049408, 3965049616]
[3965049632, 3965049648]
[3965049664, 3965050368]
[3965050880, 3965053456]
[3965053472, 3965053488]
[3965053504, 3965053712]
[3965053728, 3965053744]
[3965053760, 3965054464]
[3965054976, 3965057552]
[3965057568, 3965057584]
[3965057600, 3965057808]
[3965057824, 3965057840]
[3965057856, 3965058560]
[3965059072, 3965061648]
[3965061664, 3965061680]
[3965061696, 3965061904]
[3965061920, 3965061936]
[3965061952, 3965062656]
[3965063168, 3965065744]
[3965065760, 3965065776]
[3965065792, 3965066000]
[3965066016, 3965066032]
[3965066048, 3965066752]
[3965067264, 3965069840]
[3965069856, 3965069872]
[3965069888, 3965070096]
[3965070112, 3965070128]
[3965070144, 3965070848]
[3965071360, 3965073936]
[3965073952, 3965073968]
[3965073984, 3965074192]
[3965074208, 3965074224]
[3965074240, 3965074944]
[3965075456, 3965078032]
[3965078048, 3965078064]
[3965078080, 3965078288]
[3965078304, 3965078320]
[3965078336, 3965079040]
[3965079552, 3965082128]
[3965082144, 3965082160]
[3965082176, 3965082384]
[3965082400, 3965082416]
[3965082432, 3965083136]
[3965083648, 3965086224]
[3965086240, 3965086256]
[3965086272, 3965086480]
[3965086496, 3965086512]
[3965086528, 3965087232]
[3965087744, 3965090320]
[3965090336, 3965090352]
[3965090368, 3965090576]
[3965090592, 3965090608]
[3965090624, 3965091328]
[3965091840, 3965094416]
[3965094432, 3965094448]
[3965094464, 3965094672]
[3965094688, 3965094704]
[3965094720, 3965095424]
[3965095936, 3965098512]
[3965098528, 3965098544]
[3965098560, 3965098768]
[3965098784, 3965098800]
[3965098816, 3965099520]
[3965100032, 3965102608]
[3965102624, 3965102640]
[3965102656, 3965102864]
[3965102880, 3965102896]
[3965102912, 3965103616]
[3965104128, 3965106704]
[3965106720, 3965106736]
[3965106752, 3965106960]
[3965106976, 3965106992]
[3965107008, 3965107712]
[3965108224, 3965110800]
[3965110816, 3965110832]
[3965110848, 3965111056]
[3965111072, 3965111088]
[3965111104, 3965111808]
[3965112320, 3965114896]
[3965114912, 3965114928]
[3965114944, 3965115152]
[3965115168, 3965115184]
[3965115200, 3965115904]
[3965116416, 3965118992]
[3965119008, 3965119024]
[3965119040, 3965119248]
[3965119264, 3965119280]
[3965119296, 3965120000]
[3965120512, 3965123088]
[3965123104, 3965123120]
[3965123136, 3965123344]
[3965123360, 3965123376]
[3965123392, 3965124096]
[3965124608, 3965127184]
[3965127200, 3965127216]
[3965127232, 3965127440]
[3965127456, 3965127472]
[3965127488, 3965128192]
[3965128704, 3965131280]
[3965131296, 3965131312]
[3965131328, 3965131536]
[3965131552, 3965131568]
[3965131584, 3965132288]
[3965132800, 3965135376]
[3965135392, 3965135408]
[3965135424, 3965135632]
[3965135648, 3965135664]
[3965135680, 3965136384]
[3965136896, 3965139472]
[3965139488, 3965139504]
[3965139520, 3965139728]
[3965139744, 3965139760]
[3965139776, 3965140480]
[3965140992, 3965143568]
[3965143584, 3965143600]
[3965143616, 3965143824]
[3965143840, 3965143856]
[3965143872, 3965144576]
[3965145088, 3965147664]
[3965147680, 3965147696]
[3965147712, 3965147920]
[3965147936, 3965147952]
[3965147968, 3965148672]
[3965149184, 3965151760]
[3965151776, 3965151792]
[3965151808, 3965152016]
[3965152032, 3965152048]
[3965152064, 3965152768]
[3965153280, 3965155856]
[3965155872, 3965155888]
[3965155904, 3965156112]
[3965156128, 3965156144]
[3965156160, 3965156864]
[3965157376, 3965159952]
[3965159968, 3965159984]
[3965160000, 3965160208]
[3965160224, 3965160240]
[3965160256, 3965160960]
[3965161472, 3965164048]
[3965164064, 3965164080]
[3965164096, 3965164304]
[3965164320, 3965164336]
[3965164352, 3965165056]
[3965165568, 3965168144]
[3965168160, 3965168176]
[3965168192, 3965168400]
[3965168416, 3965168432]
[3965168448, 3965169152]
[3965169664, 3965172240]
[3965172256, 3965172272]
[3965172288, 3965172496]
[3965172512, 3965172528]
[3965172544, 3965173248]
[3965173760, 3965176336]
[3965176352, 3965176368]
[3965176384, 3965176592]
[3965176608, 3965176624]
[3965176640, 3965177344]
[3965177856, 3965180432]
[3965180448, 3965180464]
[3965180480, 3965180688]
[3965180704, 3965180720]
[3965180736, 3965181440]
[3965181952, 3965184528]
[3965184544, 3965184560]
[3965184576, 3965184784]
[3965184800, 3965184816]
[3965184832, 3965185536]
[3965186048, 3965188624]
[3965188640, 3965188656]
[3965188672, 3965188880]
[3965188896, 3965188912]
[3965188928, 3965189632]
[3965190144, 3965192720]
[3965192736, 3965192752]
[3965192768, 3965192976]
[3965192992, 3965193008]
[3965193024, 3965193728]
[3965194240, 3965196816]
[3965196832, 3965196848]
[3965196864, 3965197072]
[3965197088, 3965197104]
[3965197120, 3965197824]
[3965198336, 3965200912]
[3965200928, 3965200944]
[3965200960, 3965201168]
[3965201184, 3965201200]
[3965201216, 3965201920]
[3965202432, 3965205008]
[3965205024, 3965205040]
[3965205056, 3965205264]
[3965205280, 3965205296]
[3965205312, 3965206016]
[3965206528, 3965209104]
[3965209120, 3965209136]
[3965209152, 3965209360]
[3965209376, 3965209392]
[3965209408, 3965210112]
[3965210624, 3965213200]
[3965213216, 3965213232]
[3965213248, 3965213456]
[3965213472, 3965213488]
[3965213504, 3965214208]
[3965214720, 3965217296]
[3965217312, 3965217328]
[3965217344, 3965217552]
[3965217568, 3965217584]
[3965217600, 3965218304]
[3965218816, 3965221392]
[3965221408, 3965221424]
[3965221440, 3965221648]
[3965221664, 3965221680]
[3965221696, 3965222400]
[3965222912, 3965225488]
[3965225504, 3965225520]
[3965225536, 3965225744]
[3965225760, 3965225776]
[3965225792, 3965226496]
[3965227008, 3965229584]
[3965229600, 3965229616]
[3965229632, 3965229840]
[3965229856, 3965229872]
[3965229888, 3965230592]
[3965231104, 3965233680]
[3965233696, 3965233712]
[3965233728, 3965233936]
[3965233952, 3965233968]
[3965233984, 3965234688]
[3965235200, 3965237776]
[3965237792, 3965237808]
[3965237824, 3965238032]
[3965238048, 3965238064]
[3965238080, 3965238784]
[3965239296, 3965241872]
[3965241888, 3965241904]
[3965241920, 3965242128]
[3965242144, 3965242160]
[3965242176, 3965242880]
[3965243392, 3965245968]
[3965245984, 3965246000]
[3965246016, 3965246224]
[3965246240, 3965246256]
[3965246272, 3965246976]
[3965247488, 3965250064]
[3965250080, 3965250096]
[3965250112, 3965250320]
[3965250336, 3965250352]
[3965250368, 3965251072]
[3965251584, 3965254160]
[3965254176, 3965254192]
[3965254208, 3965254416]
[3965254432, 3965254448]
[3965254464, 3965255168]
[3965255680, 3965258256]
[3965258272, 3965258288]
[3965258304, 3965258512]
[3965258528, 3965258544]
[3965258560, 3965259264]
[3965259776, 3965262352]
[3965262368, 3965262384]
[3965262400, 3965262608]
[3965262624, 3965262640]
[3965262656, 3965263360]
[3965263872, 3965266448]
[3965266464, 3965266480]
[3965266496, 3965266704]
[3965266720, 3965266736]
[3965266752, 3965267456]
[3965267968, 3965270544]
[3965270560, 3965270576]
[3965270592, 3965270800]
[3965270816, 3965270832]
[3965270848, 3965271552]
[3965272064, 3965274640]
[3965274656, 3965274672]
[3965274688, 3965274896]
[3965274912, 3965274928]
[3965274944, 3965275648]
[3965276160, 3965278736]
[3965278752, 3965278768]
[3965278784, 3965278992]
[3965279008, 3965279024]
[3965279040, 3965279744]
[3965280256, 3965282832]
[3965282848, 3965282864]
[3965282880, 3965283088]
[3965283104, 3965283120]
[3965283136, 3965283840]
[3965284352, 3965286928]
[3965286944, 3965286960]
[3965286976, 3965287184]
[3965287200, 3965287216]
[3965287232, 3965287936]
[3965288448, 3965291024]
[3965291040, 3965291056]
[3965291072, 3965291280]
[3965291296, 3965291312]
[3965291328, 3965292032]
[3965292544, 3965295120]
[3965295136, 3965295152]
[3965295168, 3965295376]
[3965295392, 3965295408]
[3965295424, 3965296128]
[3965296640, 3965299216]
[3965299232, 3965299248]
[3965299264, 3965299472]
[3965299488, 3965299504]
[3965299520, 3965300224]
[3965300736, 3965303312]
[3965303328, 3965303344]
[3965303360, 3965303568]
[3965303584, 3965303600]
[3965303616, 3965304320]
[3965304832, 3965307408]
[3965307424, 3965307440]
[3965307456, 3965307664]
[3965307680, 3965307696]
[3965307712, 3965308416]
[3965308928, 3965311504]
[3965311520, 3965311536]
[3965311552, 3965311760]
[3965311776, 3965311792]
[3965311808, 3965312512]
[3965313024, 3965315600]
[3965315616, 3965315632]
[3965315648, 3965315856]
[3965315872, 3965315888]
[3965315904, 3965316608]
[3965317120, 3965319696]
[3965319712, 3965319728]
[3965319744, 3965319952]
[3965319968, 3965319984]
[3965320000, 3965320704]
[3965321216, 3965323792]
[3965323808, 3965323824]
[3965323840, 3965324048]
[3965324064, 3965324080]
[3965324096, 3965324800]
[3965325312, 3965327888]
[3965327904, 3965327920]
[3965327936, 3965328144]
[3965328160, 3965328176]
[3965328192, 3965328896]
[3965329408, 3965331984]
[3965332000, 3965332016]
[3965332032, 3965332240]
[3965332256, 3965332272]
[3965332288, 3965332992]
[3965333504, 3965336080]
[3965336096, 3965336112]
[3965336128, 3965336336]
[3965336352, 3965336368]
[3965336384, 3965337088]
[3965337600, 3965340176]
[3965340192, 3965340208]
[3965340224, 3965340432]
[3965340448, 3965340464]
[3965340480, 3965341184]
[3965341696, 3965344272]
[3965344288, 3965344304]
[3965344320, 3965344528]
[3965344544, 3965344560]
[3965344576, 3965345280]
[3965345792, 3965348368]
[3965348384, 3965348400]
[3965348416, 3965348624]
[3965348640, 3965348656]
[3965348672, 3965349376]
[3965349888, 3965352464]
[3965352480, 3965352496]
[3965352512, 3965352720]
[3965352736, 3965352752]
[3965352768, 3965353472]
[3965353984, 3965356560]
[3965356576, 3965356592]
[3965356608, 3965356816]
[3965356832, 3965356848]
[3965356864, 3965357568]
[3965358080, 3965360656]
[3965360672, 3965360688]
[3965360704, 3965360912]
[3965360928, 3965360944]
[3965360960, 3965361664]
[3965362176, 3965364752]
[3965364768, 3965364784]
[3965364800, 3965365008]
[3965365024, 3965365040]
[3965365056, 3965365760]
[3965366272, 3965368848]
[3965368864, 3965368880]
[3965368896, 3965369104]
[3965369120, 3965369136]
[3965369152, 3965369856]
[3965370368, 3965372944]
[3965372960, 3965372976]
[3965372992, 3965373200]
[3965373216, 3965373232]
[3965373248, 3965373952]
[3965374464, 3965377040]
[3965377056, 3965377072]
[3965377088, 3965377296]
[3965377312, 3965377328]
[3965377344, 3965378048]
[3965378560, 3965381136]
[3965381152, 3965381168]
[3965381184, 3965381392]
[3965381408, 3965381424]
[3965381440, 3965382144]
[3965382656, 3965385232]
[3965385248, 3965385264]
[3965385280, 3965385488]
[3965385504, 3965385520]
[3965385536, 3965386240]
[3965386752, 3965389328]
[3965389344, 3965389360]
[3965389376, 3965389584]
[3965389600, 3965389616]
[3965389632, 3965390336]
[3965390848, 3965393424]
[3965393440, 3965393456]
[3965393472, 3965393680]
[3965393696, 3965393712]
[3965393728, 3965394432]
[3965394944, 3965397520]
[3965397536, 3965397552]
[3965397568, 3965397776]
[3965397792, 3965397808]
[3965397824, 3965398528]
[3965399040, 3965401616]
[3965401632, 3965401648]
[3965401664, 3965401872]
[3965401888, 3965401904]
[3965401920, 3965402624]
[3965403136, 3965405712]
[3965405728, 3965405744]
[3965405760, 3965405968]
[3965405984, 3965406000]
[3965406016, 3965406720]
[3965407232, 3965409808]
[3965409824, 3965409840]
[3965409856, 3965410064]
[3965410080, 3965410096]
[3965410112, 3965410816]
[3965411328, 3965413904]
[3965413920, 3965413936]
[3965413952, 3965414160]
[3965414176, 3965414192]
[3965414208, 3965414912]
[3965415424, 3965418000]
[3965418016, 3965418032]
[3965418048, 3965418256]
[3965418272, 3965418288]
[3965418304, 3965419008]
[3965419520, 3965422096]
[3965422112, 3965422128]
[3965422144, 3965422352]
[3965422368, 3965422384]
[3965422400, 3965423104]
[3965423616, 3965426192]
[3965426208, 3965426224]
[3965426240, 3965426448]
[3965426464, 3965426480]
[3965426496, 3965427200]
[3965427712, 3965430288]
[3965430304, 3965430320]
[3965430336, 3965430544]
[3965430560, 3965430576]
[3965430592, 3965431296]
[3965431808, 3965434384]
[3965434400, 3965434416]
[3965434432, 3965434640]
[3965434656, 3965434672]
[3965434688, 3965435392]
[3965435904, 3965438480]
[3965438496, 3965438512]
[3965438528, 3965438736]
[3965438752, 3965438768]
[3965438784, 3965439488]
[3965440000, 3965442576]
[3965442592, 3965442608]
[3965442624, 3965442832]
[3965442848, 3965442864]
[3965442880, 3965443584]
[3965444096, 3965446672]
[3965446688, 3965446704]
[3965446720, 3965446928]
[3965446944, 3965446960]
[3965446976, 3965447680]
[3965448192, 3965450768]
[3965450784, 3965450800]
[3965450816, 3965451024]
[3965451040, 3965451056]
[3965451072, 3965451776]
[3965452288, 3965454864]
[3965454880, 3965454896]
[3965454912, 3965455120]
[3965455136, 3965455152]
[3965455168, 3965455872]
[3965456384, 3965458960]
[3965458976, 3965458992]
[3965459008, 3965459216]
[3965459232, 3965459248]
[3965459264, 3965459968]
[3965460480, 3965463056]
[3965463072, 3965463088]
[3965463104, 3965463312]
[3965463328, 3965463344]
[3965463360, 3965464064]
[3965464576, 3965467152]
[3965467168, 3965467184]
[3965467200, 3965467408]
[3965467424, 3965467440]
[3965467456, 3965468160]
[3965468672, 3965471248]
[3965471264, 3965471280]
[3965471296, 3965471504]
[3965471520, 3965471536]
[3965471552, 3965472256]
[3965472768, 3965475344]
[3965475360, 3965475376]
[3965475392, 3965475600]
[3965475616, 3965475632]
[3965475648, 3965476352]
[3965476864, 3965479440]
[3965479456, 3965479472]
[3965479488, 3965479696]
[3965479712, 3965479728]
[3965479744, 3965480448]
[3965480960, 3965483536]
[3965483552, 3965483568]
[3965483584, 3965483792]
[3965483808, 3965483824]
[3965483840, 3965484544]
[3965485056, 3965487632]
[3965487648, 3965487664]
[3965487680, 3965487888]
[3965487904, 3965487920]
[3965487936, 3965488640]
[3965489152, 3965491728]
[3965491744, 3965491760]
[3965491776, 3965491984]
[3965492000, 3965492016]
[3965492032, 3965492736]
[3965493248, 3965495824]
[3965495840, 3965495856]
[3965495872, 3965496080]
[3965496096, 3965496112]
[3965496128, 3965496832]
[3965497344, 3965499920]
[3965499936, 3965499952]
[3965499968, 3965500176]
[3965500192, 3965500208]
[3965500224, 3965500928]
[3965501440, 3965504016]
[3965504032, 3965504048]
[3965504064, 3965504272]
[3965504288, 3965504304]
[3965504320, 3965505024]
[3965505536, 3965508112]
[3965508128, 3965508144]
[3965508160, 3965508368]
[3965508384, 3965508400]
[3965508416, 3965509120]
[3965509632, 3965512208]
[3965512224, 3965512240]
[3965512256, 3965512464]
[3965512480, 3965512496]
[3965512512, 3965513216]
[3965513728, 3965516304]
[3965516320, 3965516336]
[3965516352, 3965516560]
[3965516576, 3965516592]
[3965516608, 3965517312]
[3965517824, 3965520400]
[3965520416, 3965520432]
[3965520448, 3965520656]
[3965520672, 3965520688]
[3965520704, 3965521408]
[3965521920, 3965524496]
[3965524512, 3965524528]
[3965524544, 3965524752]
[3965524768, 3965524784]
[3965524800, 3965525504]
[3965526016, 3965528592]
[3965528608, 3965528624]
[3965528640, 3965528848]
[3965528864, 3965528880]
[3965528896, 3965529600]
[3965530112, 3965532688]
[3965532704, 3965532720]
[3965532736, 3965532944]
[3965532960, 3965532976]
[3965532992, 3965533696]
[3965534208, 3965536784]
[3965536800, 3965536816]
[3965536832, 3965537040]
[3965537056, 3965537072]
[3965537088, 3965537792]
[3965538304, 3965540880]
[3965540896, 3965540912]
[3965540928, 3965541136]
[3965541152, 3965541168]
[3965541184, 3965541888]
[3965542400, 3965544976]
[3965544992, 3965545008]
[3965545024, 3965545232]
[3965545248, 3965545264]
[3965545280, 3965545984]
[3965546496, 3965549072]
[3965549088, 3965549104]
[3965549120, 3965549328]
[3965549344, 3965549360]
[3965549376, 3965550080]
[3965550592, 3965553168]
[3965553184, 3965553200]
[3965553216, 3965553424]
[3965553440, 3965553456]
[3965553472, 3965554176]
[3965554688, 3965557264]
[3965557280, 3965557296]
[3965557312, 3965557520]
[3965557536, 3965557552]
[3965557568, 3965558272]
[3965558784, 3965561360]
[3965561376, 3965561392]
[3965561408, 3965561616]
[3965561632, 3965561648]
[3965561664, 3965562368]
[3965562880, 3965565456]
[3965565472, 3965565488]
[3965565504, 3965565712]
[3965565728, 3965565744]
[3965565760, 3965566464]
[3965566976, 3965569552]
[3965569568, 3965569584]
[3965569600, 3965569808]
[3965569824, 3965569840]
[3965569856, 3965570560]
[3965571072, 3965573648]
[3965573664, 3965573680]
[3965573696, 3965573904]
[3965573920, 3965573936]
[3965573952, 3965574656]
[3965575168, 3965577744]
[3965577760, 3965577776]
[3965577792, 3965578000]
[3965578016, 3965578032]
[3965578048, 3965578752]
[3965579264, 3965581840]
[3965581856, 3965581872]
[3965581888, 3965582096]
[3965582112, 3965582128]
[3965582144, 3965582848]
[3965583360, 3965585936]
[3965585952, 3965585968]
[3965585984, 3965586192]
[3965586208, 3965586224]
[3965586240, 3965586944]
[3965587456, 3965590032]
[3965590048, 3965590064]
[3965590080, 3965590288]
[3965590304, 3965590320]
[3965590336, 3965591040]
[3965591552, 3965594128]
[3965594144, 3965594160]
[3965594176, 3965594384]
[3965594400, 3965594416]
[3965594432, 3965595136]
[3965595648, 3965598224]
[3965598240, 3965598256]
[3965598272, 3965598480]
[3965598496, 3965598512]
[3965598528, 3965599232]
[3965599744, 3965602320]
[3965602336, 3965602352]
[3965602368, 3965602576]
[3965602592, 3965602608]
[3965602624, 3965603328]
[3965603840, 3965606416]
[3965606432, 3965606448]
[3965606464, 3965606672]
[3965606688, 3965606704]
[3965606720, 3965607424]
[3965607936, 3965610512]
[3965610528, 3965610544]
[3965610560, 3965610768]
[3965610784, 3965610800]
[3965610816, 3965611520]
[3965612032, 3965614608]
[3965614624, 3965614640]
[3965614656, 3965614864]
[3965614880, 3965614896]
[3965614912, 3965615616]
[3965616128, 3965618704]
[3965618720, 3965618736]
[3965618752, 3965618960]
[3965618976, 3965618992]
[3965619008, 3965619712]
[3965620224, 3965622800]
[3965622816, 3965622832]
[3965622848, 3965623056]
[3965623072, 3965623088]
[3965623104, 3965623808]
[3965624320, 3965626896]
[3965626912, 3965626928]
[3965626944, 3965627152]
[3965627168, 3965627184]
[3965627200, 3965627904]
[3965628416, 3965630992]
[3965631008, 3965631024]
[3965631040, 3965631248]
[3965631264, 3965631280]
[3965631296, 3965632000]
[3965632512, 3965635088]
[3965635104, 3965635120]
[3965635136, 3965635344]
[3965635360, 3965635376]
[3965635392, 3965636096]
[3965636608, 3965639184]
[3965639200, 3965639216]
[3965639232, 3965639440]
[3965639456, 3965639472]
[3965639488, 3965640192]
[3965640704, 3965643280]
[3965643296, 3965643312]
[3965643328, 3965643536]
[3965643552, 3965643568]
[3965643584, 3965644288]
[3965644800, 3965647376]
[3965647392, 3965647408]
[3965647424, 3965647632]
[3965647648, 3965647664]
[3965647680, 3965648384]
[3965648896, 3965651472]
[3965651488, 3965651504]
[3965651520, 3965651728]
[3965651744, 3965651760]
[3965651776, 3965652480]
[3965652992, 3965655568]
[3965655584, 3965655600]
[3965655616, 3965655824]
[3965655840, 3965655856]
[3965655872, 3965656576]
[3965657088, 3965659664]
[3965659680, 3965659696]
[3965659712, 3965659920]
[3965659936, 3965659952]
[3965659968, 3965660672]
[3965661184, 3965663760]
[3965663776, 3965663792]
[3965663808, 3965664016]
[3965664032, 3965664048]
[3965664064, 3965664768]
[3965665280, 3965667856]
[3965667872, 3965667888]
[3965667904, 3965668112]
[3965668128, 3965668144]
[3965668160, 3965668864]
[3965669376, 3965671952]
[3965671968, 3965671984]
[3965672000, 3965672208]
[3965672224, 3965672240]
[3965672256, 3965672960]
[3965673472, 3965676048]
[3965676064, 3965676080]
[3965676096, 3965676304]
[3965676320, 3965676336]
[3965676352, 3965677056]
[3965677568, 3965680144]
[3965680160, 3965680176]
[3965680192, 3965680400]
[3965680416, 3965680432]
[3965680448, 3965681152]
[3965681664, 3965684240]
[3965684256, 3965684272]
[3965684288, 3965684496]
[3965684512, 3965684528]
[3965684544, 3965685248]
[3965685760, 3965688336]
[3965688352, 3965688368]
[3965688384, 3965688592]
[3965688608, 3965688624]
[3965688640, 3965689344]
[3965689856, 3965692432]
[3965692448, 3965692464]
[3965692480, 3965692688]
[3965692704, 3965692720]
[3965692736, 3965693440]
[3965693952, 3965696528]
[3965696544, 3965696560]
[3965696576, 3965696784]
[3965696800, 3965696816]
[3965696832, 3965697536]
[3965698048, 3965700624]
[3965700640, 3965700656]
[3965700672, 3965700880]
[3965700896, 3965700912]
[3965700928, 3965701632]
[3965702144, 3965704720]
[3965704736, 3965704752]
[3965704768, 3965704976]
[3965704992, 3965705008]
[3965705024, 3965705728]
[3965706240, 3965708816]
[3965708832, 3965708848]
[3965708864, 3965709072]
[3965709088, 3965709104]
[3965709120, 3965709824]
[3965710336, 3965712912]
[3965712928, 3965712944]
[3965712960, 3965713168]
[3965713184, 3965713200]
[3965713216, 3965713920]
[3965714432, 3967814144]
[3967814656, 3967818240]
[3967818752, 3967822336]
[3967822848, 3967826432]
[3967826944, 3967830528]
[3967831040, 3967834624]
[3967835136, 3967835648]
[3967835904, 3967838720]
[3967839232, 3967842816]
[3967843328, 3967846912]
[3967847424, 3967851008]
[3967851520, 3967855104]
[3967855616, 3967859200]
[3967859712, 3967863296]
[3967863808, 3967867392]
[3967867904, 3967871488]
[3967872000, 3967875584]
[3967876096, 3967879680]
[3967880192, 3967883776]
[3967884288, 3967887872]
[3967888384, 3967891968]
[3967892480, 3967896064]
[3967896576, 3967900160]
[3967900672, 3967901184]
[3967901440, 3967904256]
[3967904768, 3967908352]
[3967908864, 3967912448]
[3967912960, 3967916544]
[3967917056, 3967920640]
[3967921152, 3967924736]
[3967925248, 3967928832]
[3967929344, 3967932928]
[3967933440, 3967937024]
[3967937536, 3967941120]
[3967941632, 3967945216]
[3967945728, 3967949312]
[3967949824, 3967953408]
[3967953920, 3967957504]
[3967958016, 3967961600]
[3967962112, 3967965696]
[3967966208, 3967966720]
[3967966976, 3967969792]
[3967970304, 3967973888]
[3967974400, 3967977984]
[3967978496, 3967982080]
[3967982592, 3967986176]
[3967986688, 3967990272]
[3967990784, 3967994368]
[3967994880, 3967998464]
[3967998976, 3968002560]
[3968003072, 3968006656]
[3968007168, 3968010752]
[3968011264, 3968014848]
[3968015360, 3968018944]
[3968019456, 3968023040]
[3968023552, 3968027136]
[3968027648, 3968031232]
[3968031744, 3968032256]
[3968032512, 3968035328]
[3968035840, 3968039424]
[3968039936, 3968043520]
[3968044032, 3968047616]
[3968048128, 3968051712]
[3968052224, 3968055808]
[3968056320, 3968059904]
[3968060416, 3968064000]
[3968064512, 3968068096]
[3968068608, 3968072192]
[3968072704, 3968076288]
[3968076800, 3968080384]
[3968080896, 3968084480]
[3968084992, 3968088576]
[3968089088, 3968092672]
[3968093184, 3968096768]
[3968097280, 3968097792]
[3968098048, 3968100864]
[3968101376, 3968104960]
[3968105472, 3968109056]
[3968109568, 3968113152]
[3968113664, 3968117248]
[3968117760, 3968121344]
[3968121856, 3968125440]
[3968125952, 3968129536]
[3968130048, 3968133632]
[3968134144, 3968137728]
[3968138240, 3968141824]
[3968142336, 3968145920]
[3968146432, 3968150016]
[3968150528, 3968154112]
[3968154624, 3968158208]
[3968158720, 3968162304]
[3968162816, 3968163328]
[3968163584, 3968166400]
[3968166912, 3968170496]
[3968171008, 3968174592]
[3968175104, 3968178688]
[3968179200, 3968182784]
[3968183296, 3968186880]
[3968187392, 3968190976]
[3968191488, 3968195072]
[3968195584, 3968199168]
[3968199680, 3968203264]
[3968203776, 3968207360]
[3968207872, 3968211456]
[3968211968, 3968215552]
[3968216064, 3968219648]
[3968220160, 3968223744]
[3968224256, 3968227840]
[3968228352, 3968228864]
[3968229120, 3968231936]
[3968232448, 3968236032]
[3968236544, 3968240128]
[3968240640, 3968244224]
[3968244736, 3968248320]
[3968248832, 3968252416]
[3968252928, 3968256512]
[3968257024, 3968260608]
[3968261120, 3968264704]
[3968265216, 3968268800]
[3968269312, 3968272896]
[3968273408, 3968276992]
[3968277504, 3968281088]
[3968281600, 3968285184]
[3968285696, 3968289280]
[3968289792, 3968293376]
[3968293888, 3968294400]
[3968294656, 3968297472]
[3968297984, 3968301568]
[3968302080, 3968305664]
[3968306176, 3968309760]
[3968310272, 3968313856]
[3968314368, 3968317952]
[3968318464, 3968322048]
[3968322560, 3968326144]
[3968326656, 3968330240]
[3968330752, 3968334336]
[3968334848, 3968338432]
[3968338944, 3968342528]
[3968343040, 3968346624]
[3968347136, 3968350720]
[3968351232, 3968354816]
[3968355328, 3968358912]
[3968359424, 3968359936]
[3968360192, 3968363008]
[3968363520, 3968367104]
[3968367616, 3968371200]
[3968371712, 3968375296]
[3968375808, 3968379392]
[3968379904, 3968383488]
[3968384000, 3968387584]
[3968388096, 3968391680]
[3968392192, 3968395776]
[3968396288, 3968399872]
[3968400384, 3968403968]
[3968404480, 3968408064]
[3968408576, 3968412160]
[3968412672, 3968416256]
[3968416768, 3968420352]
[3968420864, 3968424448]
[3968424960, 3968425472]
[3968425728, 3968428544]
[3968429056, 3968432640]
[3968433152, 3968436736]
[3968437248, 3968440832]
[3968441344, 3968444928]
[3968445440, 3968449024]
[3968449536, 3968453120]
[3968453632, 3968457216]
[3968457728, 3968461312]
[3968461824, 3968465408]
[3968465920, 3968469504]
[3968470016, 3968473600]
[3968474112, 3968477696]
[3968478208, 3968481792]
[3968482304, 3968485888]
[3968486400, 3968489984]
[3968490496, 3968491008]
[3968491264, 3968494080]
[3968494592, 3968498176]
[3968498688, 3968502272]
[3968502784, 3968506368]
[3968506880, 3968510464]
[3968510976, 3968514560]
[3968515072, 3968518656]
[3968519168, 3968522752]
[3968523264, 3968526848]
[3968527360, 3968530944]
[3968531456, 3968535040]
[3968535552, 3968539136]
[3968539648, 3968543232]
[3968543744, 3968547328]
[3968547840, 3968551424]
[3968551936, 3968555520]
[3968556032, 3968556544]
[3968556800, 3968559616]
[3968560128, 3968563712]
[3968564224, 3968567808]
[3968568320, 3968571904]
[3968572416, 3968576000]
[3968576512, 3968580096]
[3968580608, 3968584192]
[3968584704, 3968588288]
[3968588800, 3968592384]
[3968592896, 3968596480]
[3968596992, 3968600576]
[3968601088, 3968604672]
[3968605184, 3968608768]
[3968609280, 3968612864]
[3968613376, 3968616960]
[3968617472, 3968621056]
[3968621568, 3968622080]
[3968622336, 3968625152]
[3968625664, 3968629248]
[3968629760, 3968633344]
[3968633856, 3968637440]
[3968637952, 3968641536]
[3968642048, 3968645632]
[3968646144, 3968649728]
[3968650240, 3968653824]
[3968654336, 3968657920]
[3968658432, 3968662016]
[3968662528, 3968666112]
[3968666624, 3968670208]
[3968670720, 3968674304]
[3968674816, 3968678400]
[3968678912, 3968682496]
[3968683008, 3968686592]
[3968687104, 3968687616]
[3968687872, 3968690688]
[3968691200, 3968694784]
[3968695296, 3968698880]
[3968699392, 3968702976]
[3968703488, 3968707072]
[3968707584, 3968711168]
[3968711680, 3968715264]
[3968715776, 3968719360]
[3968719872, 3968723456]
[3968723968, 3968727552]
[3968728064, 3968731648]
[3968732160, 3968735744]
[3968736256, 3968739840]
[3968740352, 3968743936]
[3968744448, 3968748032]
[3968748544, 3968752128]
[3968752640, 3968753152]
[3968753408, 3968756224]
[3968756736, 3968760320]
[3968760832, 3968764416]
[3968764928, 3968768512]
[3968769024, 3968772608]
[3968773120, 3968776704]
[3968777216, 3968780800]
[3968781312, 3968784896]
[3968785408, 3968788992]
[3968789504, 3968793088]
[3968793600, 3968797184]
[3968797696, 3968801280]
[3968801792, 3968805376]
[3968805888, 3968809472]
[3968809984, 3968813568]
[3968814080, 3968817664]
[3968818176, 3968818688]
[3968818944, 3968821760]
[3968822272, 3968825856]
[3968826368, 3968829952]
[3968830464, 3968834048]
[3968834560, 3968838144]
[3968838656, 3968842240]
[3968842752, 3968846336]
[3968846848, 3968850432]
[3968850944, 3968854528]
[3968855040, 3968858624]
[3968859136, 3968862720]
[3968863232, 3968866816]
[3968867328, 3968870912]
[3968871424, 3968875008]
[3968875520, 3968879104]
[3968879616, 3968883200]
[3968883712, 3968884224]
[3968884480, 3968887296]
[3968887808, 3968891392]
[3968891904, 3968895488]
[3968896000, 3968899584]
[3968900096, 3968903680]
[3968904192, 3968907776]
[3968908288, 3968911872]
[3968912384, 3968915968]
[3968916480, 3968920064]
[3968920576, 3968924160]
[3968924672, 3968928256]
[3968928768, 3968932352]
[3968932864, 3968936448]
[3968936960, 3968940544]
[3968941056, 3968944640]
[3968945152, 3968948736]
[3968949248, 3968949760]
[3968950016, 3968952832]
[3968953344, 3968956928]
[3968957440, 3968961024]
[3968961536, 3968965120]
[3968965632, 3968969216]
[3968969728, 3968973312]
[3968973824, 3968977408]
[3968977920, 3968981504]
[3968982016, 3968985600]
[3968986112, 3968989696]
[3968990208, 3968993792]
[3968994304, 3968997888]
[3968998400, 3969001984]
[3969002496, 3969006080]
[3969006592, 3969010176]
[3969010688, 3969014272]
[3969014784, 3969015296]
[3969015552, 3969018368]
[3969018880, 3969022464]
[3969022976, 3969026560]
[3969027072, 3969030656]
[3969031168, 3969034752]
[3969035264, 3969038848]
[3969039360, 3969042944]
[3969043456, 3969047040]
[3969047552, 3969051136]
[3969051648, 3969055232]
[3969055744, 3969059328]
[3969059840, 3969063424]
[3969063936, 3969067520]
[3969068032, 3969071616]
[3969072128, 3969075712]
[3969076224, 3969079808]
[3969080320, 3969080832]
[3969081088, 3969083904]
[3969084416, 3969088000]
[3969088512, 3969092096]
[3969092608, 3969096192]
[3969096704, 3969100288]
[3969100800, 3969104384]
[3969104896, 3969108480]
[3969108992, 3969112576]
[3969113088, 3969116672]
[3969117184, 3969120768]
[3969121280, 3969124864]
[3969125376, 3969128960]
[3969129472, 3969133056]
[3969133568, 3969137152]
[3969137664, 3969141248]
[3969141760, 3969145344]
[3969145856, 3969146368]
[3969146624, 3969149440]
[3969149952, 3969153536]
[3969154048, 3969157632]
[3969158144, 3969161728]
[3969162240, 3969165824]
[3969166336, 3969169920]
[3969170432, 3969174016]
[3969174528, 3969178112]
[3969178624, 3969182208]
[3969182720, 3969186304]
[3969186816, 3969190400]
[3969190912, 3969194496]
[3969195008, 3969198592]
[3969199104, 3969202688]
[3969203200, 3969206784]
[3969207296, 3969210880]
[3969211392, 3969211904]
[3969212160, 3969214976]
[3969215488, 3969219072]
[3969219584, 3969223168]
[3969223680, 3969227264]
[3969227776, 3969231360]
[3969231872, 3969235456]
[3969235968, 3969239552]
[3969240064, 3969243648]
[3969244160, 3969247744]
[3969248256, 3969251840]
[3969252352, 3969255936]
[3969256448, 3969260032]
[3969260544, 3969264128]
[3969264640, 3969268224]
[3969268736, 3969272320]
[3969272832, 3969276416]
[3969276928, 3969277440]
[3969277696, 3969280512]
[3969281024, 3969284608]
[3969285120, 3969288704]
[3969289216, 3969292800]
[3969293312, 3969296896]
[3969297408, 3969300992]
[3969301504, 3969305088]
[3969305600, 3969309184]
[3969309696, 3969313280]
[3969313792, 3969317376]
[3969317888, 3969321472]
[3969321984, 3969325568]
[3969326080, 3969329664]
[3969330176, 3969333760]
[3969334272, 3969337856]
[3969338368, 3969341952]
[3969342464, 3969342976]
[3969343232, 3969346048]
[3969346560, 3969350144]
[3969350656, 3969354240]
[3969354752, 3969358336]
[3969358848, 3969362432]
[3969362944, 3969366528]
[3969367040, 3969370624]
[3969371136, 3969374720]
[3969375232, 3969378816]
[3969379328, 3969382912]
[3969383424, 3969387008]
[3969387520, 3969391104]
[3969391616, 3969395200]
[3969395712, 3969399296]
[3969399808, 3969403392]
[3969403904, 3969407488]
[3969408000, 3969408512]
[3969408768, 3969411584]
[3969412096, 3969415680]
[3969416192, 3969419776]
[3969420288, 3969423872]
[3969424384, 3969427968]
[3969428480, 3969432064]
[3969432576, 3969436160]
[3969436672, 3969440256]
[3969440768, 3969444352]
[3969444864, 3969448448]
[3969448960, 3969452544]
[3969453056, 3969456640]
[3969457152, 3969460736]
[3969461248, 3969464832]
[3969465344, 3969468928]
[3969469440, 3969473024]
[3969473536, 3969474048]
[3969474304, 3969477120]
[3969477632, 3969481216]
[3969481728, 3969485312]
[3969485824, 3969489408]
[3969489920, 3969493504]
[3969494016, 3969497600]
[3969498112, 3969501696]
[3969502208, 3969505792]
[3969506304, 3969509888]
[3969510400, 3969513984]
[3969514496, 3969518080]
[3969518592, 3969522176]
[3969522688, 3969526272]
[3969526784, 3969530368]
[3969530880, 3969534464]
[3969534976, 3969538560]
[3969539072, 3969539584]
[3969539840, 3969542656]
[3969543168, 3969546752]
[3969547264, 3969550848]
[3969551360, 3969554944]
[3969555456, 3969559040]
[3969559552, 3969563136]
[3969563648, 3969567232]
[3969567744, 3969571328]
[3969571840, 3969575424]
[3969575936, 3969579520]
[3969580032, 3969583616]
[3969584128, 3969587712]
[3969588224, 3969591808]
[3969592320, 3969595904]
[3969596416, 3969600000]
[3969600512, 3969604096]
[3969604608, 3969605120]
[3969605376, 3969608192]
[3969608704, 3969612288]
[3969612800, 3969616384]
[3969616896, 3969620480]
[3969620992, 3969624576]
[3969625088, 3969628672]
[3969629184, 3969632768]
[3969633280, 3969636864]
[3969637376, 3969640960]
[3969641472, 3969645056]
[3969645568, 3969649152]
[3969649664, 3969653248]
[3969653760, 3969657344]
[3969657856, 3969661440]
[3969661952, 3969665536]
[3969666048, 3969669632]
[3969670144, 3969670656]
[3969670912, 3969673728]
[3969674240, 3969677824]
[3969678336, 3969681920]
[3969682432, 3969686016]
[3969686528, 3969690112]
[3969690624, 3969694208]
[3969694720, 3969698304]
[3969698816, 3969702400]
[3969702912, 3969706496]
[3969707008, 3969710592]
[3969711104, 3969714688]
[3969715200, 3969718784]
[3969719296, 3969722880]
[3969723392, 3969726976]
[3969727488, 3969731072]
[3969731584, 3969735168]
[3969735680, 3969736192]
[3969736448, 3969739264]
[3969739776, 3969743360]
[3969743872, 3969747456]
[3969747968, 3969751552]
[3969752064, 3969755648]
[3969756160, 3969759744]
[3969760256, 3969763840]
[3969764352, 3969767936]
[3969768448, 3969772032]
[3969772544, 3969776128]
[3969776640, 3969780224]
[3969780736, 3969784320]
[3969784832, 3969788416]
[3969788928, 3969792512]
[3969793024, 3969796608]
[3969797120, 3969800704]
[3969801216, 3969801728]
[3969801984, 3969804800]
[3969805312, 3969808896]
[3969809408, 3969812992]
[3969813504, 3969817088]
[3969817600, 3969821184]
[3969821696, 3969825280]
[3969825792, 3969829376]
[3969829888, 3969833472]
[3969833984, 3969837568]
[3969838080, 3969841664]
[3969842176, 3969845760]
[3969846272, 3969849856]
[3969850368, 3969853952]
[3969854464, 3969858048]
[3969858560, 3969862144]
[3969862656, 3969866240]
[3969866752, 3969870336]
[3969870848, 3969874432]
[3969874944, 3969878528]
[3969879040, 3969882624]
[3969883136, 3969886720]
[3969887232, 3969890816]
[3969891328, 3969894912]
[3969895424, 3969899008]
[3969899520, 3969903104]
[3969903616, 3969907200]
[3969907712, 3969911296]
[3969911808, 3969915392]
[3969915904, 3969919488]
[3969920000, 3969923584]
[3969924096, 3969927680]
[3969928192, 3969931776]
[3969932288, 3969932800]
[3969933056, 3969935872]
[3969936384, 3969939968]
[3969940480, 3969944064]
[3969944576, 3969948160]
[3969948672, 3969952256]
[3969952768, 3969956352]
[3969956864, 3969960448]
[3969960960, 3969964544]
[3969965056, 3969968640]
[3969969152, 3969972736]
[3969973248, 3969976832]
[3969977344, 3969980928]
[3969981440, 3969985024]
[3969985536, 3969989120]
[3969989632, 3969993216]
[3969993728, 3969997312]
[3969997824, 3969998336]
[3969998592, 3970001408]
[3970001920, 3970005504]
[3970006016, 3970009600]
[3970010112, 3970013696]
[3970014208, 3970017792]
[3970018304, 3970021888]
[3970022400, 3970025984]
[3970026496, 3970030080]
[3970030592, 3970034176]
[3970034688, 3970038272]
[3970038784, 3970042368]
[3970042880, 3970046464]
[3970046976, 3970050560]
[3970051072, 3970054656]
[3970055168, 3970058752]
[3970059264, 3970062848]
[3970063360, 3970063872]
[3970064128, 3970066944]
[3970067456, 3970071040]
[3970071552, 3970075136]
[3970075648, 3970079232]
[3970079744, 3970083328]
[3970083840, 3970087424]
[3970087936, 3970091520]
[3970092032, 3970095616]
[3970096128, 3970099712]
[3970100224, 3970103808]
[3970104320, 3970107904]
[3970108416, 3970112000]
[3970112512, 3970116096]
[3970116608, 3970120192]
[3970120704, 3970124288]
[3970124800, 3970128384]
[3970128896, 3970129408]
[3970129664, 3970132480]
[3970132992, 3970136576]
[3970137088, 3970140672]
[3970141184, 3970144768]
[3970145280, 3970148864]
[3970149376, 3970152960]
[3970153472, 3970157056]
[3970157568, 3970161152]
[3970161664, 3970165248]
[3970165760, 3970169344]
[3970169856, 3970173440]
[3970173952, 3970177536]
[3970178048, 3970181632]
[3970182144, 3970185728]
[3970186240, 3970189824]
[3970190336, 3970193920]
[3970194432, 3970194944]
[3970195200, 3970198016]
[3970198528, 3970202112]
[3970202624, 3970206208]
[3970206720, 3970210304]
[3970210816, 3970214400]
[3970214912, 3970218496]
[3970219008, 3970222592]
[3970223104, 3970226688]
[3970227200, 3970230784]
[3970231296, 3970234880]
[3970235392, 3970238976]
[3970239488, 3970243072]
[3970243584, 3970247168]
[3970247680, 3970251264]
[3970251776, 3970255360]
[3970255872, 3970259456]
[3970259968, 3970260480]
[3970260736, 3970263552]
[3970264064, 3970267648]
[3970268160, 3970271744]
[3970272256, 3970275840]
[3970276352, 3970279936]
[3970280448, 3970284032]
[3970284544, 3970288128]
[3970288640, 3970292224]
[3970292736, 3970296320]
[3970296832, 3970300416]
[3970300928, 3970304512]
[3970305024, 3970308608]
[3970309120, 3970312704]
[3970313216, 3970316800]
[3970317312, 3970320896]
[3970321408, 3970324992]
[3970325504, 3970326016]
[3970326272, 3970329088]
[3970329600, 3970333184]
[3970333696, 3970337280]
[3970337792, 3970341376]
[3970341888, 3970345472]
[3970345984, 3970349568]
[3970350080, 3970353664]
[3970354176, 3970357760]
[3970358272, 3970361856]
[3970362368, 3970365952]
[3970366464, 3970370048]
[3970370560, 3970374144]
[3970374656, 3970378240]
[3970378752, 3970382336]
[3970382848, 3970386432]
[3970386944, 3970390528]
[3970391040, 3970391552]
[3970391808, 3970394624]
[3970395136, 3970398720]
[3970399232, 3970402816]
[3970403328, 3970406912]
[3970407424, 3970411008]
[3970411520, 3970415104]
[3970415616, 3970419200]
[3970419712, 3970423296]
[3970423808, 3970427392]
[3970427904, 3970431488]
[3970432000, 3970435584]
[3970436096, 3970439680]
[3970440192, 3970443776]
[3970444288, 3970447872]
[3970448384, 3970451968]
[3970452480, 3970456064]
[3970456576, 3970457088]
[3970457344, 3970460160]
[3970460672, 3970464256]
[3970464768, 3970468352]
[3970468864, 3970472448]
[3970472960, 3970476544]
[3970477056, 3970480640]
[3970481152, 3970484736]
[3970485248, 3970488832]
[3970489344, 3970492928]
[3970493440, 3970497024]
[3970497536, 3970501120]
[3970501632, 3970505216]
[3970505728, 3970509312]
[3970509824, 3970513408]
[3970513920, 3970517504]
[3970518016, 3970521600]
[3970522112, 3970522624]
[3970522880, 3970525696]
[3970526208, 3970529792]
[3970530304, 3970533888]
[3970534400, 3970537984]
[3970538496, 3970542080]
[3970542592, 3970546176]
[3970546688, 3970550272]
[3970550784, 3970554368]
[3970554880, 3970558464]
[3970558976, 3970562560]
[3970563072, 3970566656]
[3970567168, 3970570752]
[3970571264, 3970574848]
[3970575360, 3970578944]
[3970579456, 3970583040]
[3970583552, 3970587136]
[3970587648, 3970588160]
[3970588416, 3970591232]
[3970591744, 3970595328]
[3970595840, 3970599424]
[3970599936, 3970603520]
[3970604032, 3970607616]
[3970608128, 3970611712]
[3970612224, 3970615808]
[3970616320, 3970619904]
[3970620416, 3970624000]
[3970624512, 3970628096]
[3970628608, 3970632192]
[3970632704, 3970636288]
[3970636800, 3970640384]
[3970640896, 3970644480]
[3970644992, 3970648576]
[3970649088, 3970652672]
[3970653184, 3970653696]
[3970653952, 3970656768]
[3970657280, 3970660864]
[3970661376, 3970664960]
[3970665472, 3970669056]
[3970669568, 3970673152]
[3970673664, 3970677248]
[3970677760, 3970681344]
[3970681856, 3970685440]
[3970685952, 3970689536]
[3970690048, 3970693632]
[3970694144, 3970697728]
[3970698240, 3970701824]
[3970702336, 3970705920]
[3970706432, 3970710016]
[3970710528, 3970714112]
[3970714624, 3970718208]
[3970718720, 3970719232]
[3970719488, 3970722304]
[3970722816, 3970726400]
[3970726912, 3970730496]
[3970731008, 3970734592]
[3970735104, 3970738688]
[3970739200, 3970742784]
[3970743296, 3970746880]
[3970747392, 3970750976]
[3970751488, 3970755072]
[3970755584, 3970759168]
[3970759680, 3970763264]
[3970763776, 3970767360]
[3970767872, 3970771456]
[3970771968, 3970775552]
[3970776064, 3970779648]
[3970780160, 3970783744]
[3970784256, 3970784768]
[3970785024, 3970787840]
[3970788352, 3970791936]
[3970792448, 3970796032]
[3970796544, 3970800128]
[3970800640, 3970804224]
[3970804736, 3970808320]
[3970808832, 3970812416]
[3970812928, 3970816512]
[3970817024, 3970820608]
[3970821120, 3970824704]
[3970825216, 3970828800]
[3970829312, 3970832896]
[3970833408, 3970836992]
[3970837504, 3970841088]
[3970841600, 3970845184]
[3970845696, 3970849280]
[3970849792, 3970850304]
[3970850560, 3970853376]
[3970853888, 3970857472]
[3970857984, 3970861568]
[3970862080, 3970865664]
[3970866176, 3970869760]
[3970870272, 3970873856]
[3970874368, 3970877952]
[3970878464, 3970882048]
[3970882560, 3970886144]
[3970886656, 3970890240]
[3970890752, 3970894336]
[3970894848, 3970898432]
[3970898944, 3970902528]
[3970903040, 3970906624]
[3970907136, 3970910720]
[3970911232, 3970914816]
[3970915328, 3970915840]
[3970916096, 3970918912]
[3970919424, 3970923008]
[3970923520, 3970927104]
[3970927616, 3970931200]
[3970931712, 3970935296]
[3970935808, 3970939392]
[3970939904, 3970943488]
[3970944000, 3970947584]
[3970948096, 3970951680]
[3970952192, 3970955776]
[3970956288, 3970959872]
[3970960384, 3970963968]
[3970964480, 3970968064]
[3970968576, 3970972160]
[3970972672, 3970976256]
[3970976768, 3970980352]
[3970980864, 3970981376]
[3970981632, 3970984448]
[3970984960, 3970988544]
[3970989056, 3970992640]
[3970993152, 3970996736]
[3970997248, 3971000832]
[3971001344, 3971004928]
[3971005440, 3971009024]
[3971009536, 3971013120]
[3971013632, 3971017216]
[3971017728, 3971021312]
[3971021824, 3971025408]
[3971025920, 3971029504]
[3971030016, 3971033600]
[3971034112, 3971037696]
[3971038208, 3971041792]
[3971042304, 3971045888]
[3971046400, 3971046912]
[3971047168, 3971049984]
[3971050496, 3971054080]
[3971054592, 3971058176]
[3971058688, 3971062272]
[3971062784, 3971066368]
[3971066880, 3971070464]
[3971070976, 3971074560]
[3971075072, 3971078656]
[3971079168, 3971082752]
[3971083264, 3971086848]
[3971087360, 3971090944]
[3971091456, 3971095040]
[3971095552, 3971099136]
[3971099648, 3971103232]
[3971103744, 3971107328]
[3971107840, 3971111424]
[3971111936, 3971112448]
[3971112704, 3971115520]
[3971116032, 3971119616]
[3971120128, 3971123712]
[3971124224, 3971127808]
[3971128320, 3971131904]
[3971132416, 3971136000]
[3971136512, 3971140096]
[3971140608, 3971144192]
[3971144704, 3971148288]
[3971148800, 3971152384]
[3971152896, 3971156480]
[3971156992, 3971160576]
[3971161088, 3971164672]
[3971165184, 3971168768]
[3971169280, 3971172864]
[3971173376, 3971176960]
[3971177472, 3971177984]
[3971178240, 3971181056]
[3971181568, 3971185152]
[3971185664, 3971189248]
[3971189760, 3971193344]
[3971193856, 3971197440]
[3971197952, 3971201536]
[3971202048, 3971205632]
[3971206144, 3971209728]
[3971210240, 3971213824]
[3971214336, 3971217920]
[3971218432, 3971222016]
[3971222528, 3971226112]
[3971226624, 3971230208]
[3971230720, 3971234304]
[3971234816, 3971238400]
[3971238912, 3971242496]
[3971243008, 3971243520]
[3971243776, 3971246592]
[3971247104, 3971250688]
[3971251200, 3971254784]
[3971255296, 3971258880]
[3971259392, 3971262976]
[3971263488, 3971267072]
[3971267584, 3971271168]
[3971271680, 3971275264]
[3971275776, 3971279360]
[3971279872, 3971283456]
[3971283968, 3971287552]
[3971288064, 3971291648]
[3971292160, 3971295744]
[3971296256, 3971299840]
[3971300352, 3971303936]
[3971304448, 3971308032]
[3971308544, 3971309056]
[3971309312, 3971312128]
[3971312640, 3971316224]
[3971316736, 3971320320]
[3971320832, 3971324416]
[3971324928, 3971328512]
[3971329024, 3971332608]
[3971333120, 3971336704]
[3971337216, 3971340800]
[3971341312, 3971344896]
[3971345408, 3971348992]
[3971349504, 3971353088]
[3971353600, 3971357184]
[3971357696, 3971361280]
[3971361792, 3971365376]
[3971365888, 3971369472]
[3971369984, 3971373568]
[3971374080, 3971374592]
[3971374848, 3971377664]
[3971378176, 3971381760]
[3971382272, 3971385856]
[3971386368, 3971389952]
[3971390464, 3971394048]
[3971394560, 3971398144]
[3971398656, 3971402240]
[3971402752, 3971406336]
[3971406848, 3971410432]
[3971410944, 3971414528]
[3971415040, 3971418624]
[3971419136, 3971422720]
[3971423232, 3971426816]
[3971427328, 3971430912]
[3971431424, 3971435008]
[3971435520, 3971439104]
[3971439616, 3971440128]
[3971440384, 3971443200]
[3971443712, 3971447296]
[3971447808, 3971451392]
[3971451904, 3971455488]
[3971456000, 3971459584]
[3971460096, 3971463680]
[3971464192, 3971467776]
[3971468288, 3971471872]
[3971472384, 3971475968]
[3971476480, 3971480064]
[3971480576, 3971484160]
[3971484672, 3971488256]
[3971488768, 3971492352]
[3971492864, 3971496448]
[3971496960, 3971500544]
[3971501056, 3971504640]
[3971505152, 3971505664]
[3971505920, 3971508736]
[3971509248, 3971512832]
[3971513344, 3971516928]
[3971517440, 3971521024]
[3971521536, 3971525120]
[3971525632, 3971529216]
[3971529728, 3971533312]
[3971533824, 3971537408]
[3971537920, 3971541504]
[3971542016, 3971545600]
[3971546112, 3971549696]
[3971550208, 3971553792]
[3971554304, 3971557888]
[3971558400, 3971561984]
[3971562496, 3971566080]
[3971566592, 3971570176]
[3971570688, 3971571200]
[3971571456, 3971574272]
[3971574784, 3971578368]
[3971578880, 3971582464]
[3971582976, 3971586560]
[3971587072, 3971590656]
[3971591168, 3971594752]
[3971595264, 3971598848]
[3971599360, 3971602944]
[3971603456, 3971607040]
[3971607552, 3971611136]
[3971611648, 3971615232]
[3971615744, 3971619328]
[3971619840, 3971623424]
[3971623936, 3971627520]
[3971628032, 3971631616]
[3971632128, 3971635712]
[3971636224, 3971636736]
[3971636992, 3971639808]
[3971640320, 3971643904]
[3971644416, 3971648000]
[3971648512, 3971652096]
[3971652608, 3971656192]
[3971656704, 3971660288]
[3971660800, 3971664384]
[3971664896, 3971668480]
[3971668992, 3971672576]
[3971673088, 3971676672]
[3971677184, 3971680768]
[3971681280, 3971684864]
[3971685376, 3971688960]
[3971689472, 3971693056]
[3971693568, 3971697152]
[3971697664, 3971701248]
[3971701760, 3971702272]
[3971702528, 3971705344]
[3971705856, 3971709440]
[3971709952, 3971713536]
[3971714048, 3971717632]
[3971718144, 3971721728]
[3971722240, 3971725824]
[3971726336, 3971729920]
[3971730432, 3971734016]
[3971734528, 3971738112]
[3971738624, 3971742208]
[3971742720, 3971746304]
[3971746816, 3971750400]
[3971750912, 3971754496]
[3971755008, 3971758592]
[3971759104, 3971762688]
[3971763200, 3971766784]
[3971767296, 3971767808]
[3971768064, 3971770880]
[3971771392, 3971774976]
[3971775488, 3971779072]
[3971779584, 3971783168]
[3971783680, 3971787264]
[3971787776, 3971791360]
[3971791872, 3971795456]
[3971795968, 3971799552]
[3971800064, 3971803648]
[3971804160, 3971807744]
[3971808256, 3971811840]
[3971812352, 3971815936]
[3971816448, 3971820032]
[3971820544, 3971824128]
[3971824640, 3971828224]
[3971828736, 3971832320]
[3971832832, 3971833344]
[3971833600, 3971836416]
[3971836928, 3971840512]
[3971841024, 3971844608]
[3971845120, 3971848704]
[3971849216, 3971852800]
[3971853312, 3971856896]
[3971857408, 3971860992]
[3971861504, 3971865088]
[3971865600, 3971869184]
[3971869696, 3971873280]
[3971873792, 3971877376]
[3971877888, 3971881472]
[3971881984, 3971885568]
[3971886080, 3971889664]
[3971890176, 3971893760]
[3971894272, 3971897856]
[3971898368, 3971898880]
[3971899136, 3971901952]
[3971902464, 3971906048]
[3971906560, 3971910144]
[3971910656, 3971914240]
[3971914752, 3971918336]
[3971918848, 3971922432]
[3971922944, 3971926528]
[3971927040, 3971930624]
[3971931136, 3971934720]
[3971935232, 3971938816]
[3971939328, 3971942912]
[3971943424, 3971947008]
[3971947520, 3971951104]
[3971951616, 3971955200]
[3971955712, 3971959296]
[3971959808, 3971963392]
[3971963904, 3971964416]
[3971964672, 3971967488]
[3971968000, 3971971584]
[3971972096, 3971975680]
[3971976192, 3971979776]
[3971980288, 3971983872]
[3971984384, 3971987968]
[3971988480, 3971992064]
[3971992576, 3971996160]
[3971996672, 3972000256]
[3972000768, 3972004352]
[3972004864, 3972008448]
[3972008960, 3972012544]
[3972013056, 3972016640]
[3972017152, 3972020736]
[3972021248, 3972024832]
[3972025344, 3972028928]
[3972029440, 3972033024]
[3972033536, 3972037120]
[3972037632, 3972041216]
[3972041728, 3972045312]
[3972045824, 3972049408]
[3972049920, 3972053504]
[3972054016, 3972057600]
[3972058112, 3972061696]
[3972062208, 3972065792]
[3972066304, 3972069888]
[3972070400, 3972073984]
[3972074496, 3972078080]
[3972078592, 3972082176]
[3972082688, 3972086272]
[3972086784, 3972090368]
[3972090880, 3972094464]
[3972094976, 3972098560]
[3972099072, 3972102656]
[3972103168, 3972106752]
[3972107264, 3972110848]
[3972111360, 3972114944]
[3972115456, 3972119040]
[3972119552, 3972123136]
[3972123648, 3972127232]
[3972127744, 3972131328]
[3972131840, 3972135424]
[3972135936, 3972139520]
[3972140032, 3972143616]
[3972144128, 3972147712]
[3972148224, 3972151808]
[3972152320, 3972155904]
[3972156416, 3972160000]
[3972160512, 3972164096]
[3972164608, 3972168192]
[3972168704, 3972172288]
[3972172800, 3972176384]
[3972176896, 3972180480]
[3972180992, 3972184576]
[3972185088, 3972188672]
[3972189184, 3972192768]
[3972193280, 3972196864]
[3972197376, 3972200960]
[3972201472, 3972205056]
[3972205568, 3972209152]
[3972209664, 3972213248]
[3972213760, 3972217344]
[3972217856, 3972221440]
[3972221952, 3972225536]
[3972226048, 3972229632]
[3972230144, 3972233728]
[3972234240, 3972237824]
[3972238336, 3972241920]
[3972242432, 3972246016]
[3972246528, 3972250112]
[3972250624, 3972254208]
[3972254720, 3972258304]
[3972258816, 3972262400]
[3972262912, 3972266496]
[3972267008, 3972270592]
[3972271104, 3972274688]
[3972275200, 3972278784]
[3972279296, 3972282880]
[3972283392, 3972286976]
[3972287488, 3972291072]
[3972291584, 3972295168]
[3972295680, 3972299264]
[3972299776, 3972303360]
[3972303872, 3972307456]
[3972307968, 3972311552]
[3972312064, 3972315648]
[3972316160, 3972319744]
[3972320256, 3972323840]
[3972324352, 3972327936]
[3972328448, 3972332032]
[3972332544, 3972336128]
[3972336640, 3972340224]
[3972340736, 3972344320]
[3972344832, 3972348416]
[3972348928, 3972352512]
[3972353024, 3972356608]
[3972357120, 3972360704]
[3972361216, 3972364800]
[3972365312, 3972368896]
[3972369408, 3972372992]
[3972373504, 3972377088]
[3972377600, 3972381184]
[3972381696, 3972385280]
[3972385792, 3972389376]
[3972389888, 3972393472]
[3972393984, 3972397568]
[3972398080, 3972401664]
[3972402176, 3972405760]
[3972406272, 3972409856]
[3972410368, 3972413952]
[3972414464, 3972418048]
[3972418560, 3972422144]
[3972422656, 3972426240]
[3972426752, 3972430336]
[3972430848, 3972434432]
[3972434944, 3972438528]
[3972439040, 3972442624]
[3972443136, 3972446720]
[3972447232, 3972450816]
[3972451328, 3972454912]
[3972455424, 3972459008]
[3972459520, 3972463104]
[3972463616, 3972467200]
[3972467712, 3972471296]
[3972471808, 3972475392]
[3972475904, 3972479488]
[3972480000, 3972483584]
[3972484096, 3972487680]
[3972488192, 3972491776]
[3972492288, 3972495872]
[3972496384, 3972499968]
[3972500480, 3972504064]
[3972504576, 3972508160]
[3972508672, 3972512256]
[3972512768, 3972516352]
[3972516864, 3972520448]
[3972520960, 3972524544]
[3972525056, 3972528640]
[3972529152, 3972532736]
[3972533248, 3972536832]
[3972537344, 3972540928]
[3972541440, 3972545024]
[3972545536, 3972549120]
[3972549632, 3972553216]
[3972553728, 3972557312]
[3972557824, 3972561408]
[3972561920, 3972565504]
[3972566016, 3972569600]
[3972570112, 3972573696]
[3972574208, 3972577792]
[3972578304, 3972581888]
[3972582400, 3972585984]
[3972586496, 3972590080]
[3972590592, 3972594176]
[3972594688, 3972598272]
[3972598784, 3972602368]
[3972602880, 3972606464]
[3972606976, 3972610560]
[3972611072, 3972614656]
[3972615168, 3972618752]
[3972619264, 3972622848]
[3972623360, 3972626944]
[3972627456, 3972631040]
[3972631552, 3972635136]
[3972635648, 3972639232]
[3972639744, 3972643328]
[3972643840, 3972647424]
[3972647936, 3972651520]
[3972652032, 3972655616]
[3972656128, 3972659712]
[3972660224, 3972663808]
[3972664320, 3972667904]
[3972668416, 3972672000]
[3972672512, 3972676096]
[3972676608, 3972680192]
[3972680704, 3972684288]
[3972684800, 3972688384]
[3972688896, 3972692480]
[3972692992, 3972696576]
[3972697088, 3972700672]
[3972701184, 3972704768]
[3972705280, 3972708864]
[3972709376, 3972712960]
[3972713472, 3972717056]
[3972717568, 3972721152]
[3972721664, 3972725248]
[3972725760, 3972729344]
[3972729856, 3972733440]
[3972733952, 3972737536]
[3972738048, 3972741632]
[3972742144, 3972745728]
[3972746240, 3972749824]
[3972750336, 3972753920]
[3972754432, 3972758016]
[3972758528, 3972762112]
[3972762624, 3972766208]
[3972766720, 3972770304]
[3972770816, 3972774400]
[3972774912, 3972778496]
[3972779008, 3972782592]
[3972783104, 3972786688]
[3972787200, 3972790784]
[3972791296, 3972794880]
[3972795392, 3972798976]
[3972799488, 3972803072]
[3972803584, 3972807168]
[3972807680, 3972811264]
[3972811776, 3972815360]
[3972815872, 3972819456]
[3972819968, 3972823552]
[3972824064, 3972827648]
[3972828160, 3972831744]
[3972832256, 3972835840]
[3972836352, 3972839936]
[3972840448, 3972844032]
[3972844544, 3972848128]
[3972848640, 3972852224]
[3972852736, 3972856320]
[3972856832, 3972860416]
[3972860928, 3972864512]
[3972865024, 3972868608]
[3972869120, 3972872704]
[3972873216, 3972876800]
[3972877312, 3972880896]
[3972881408, 3972884992]
[3972885504, 3972889088]
[3972889600, 3972893184]
[3972893696, 3972897280]
[3972897792, 3972901376]
[3972901888, 3972905472]
[3972905984, 3972909568]
[3972910080, 3972913664]
[3972914176, 3972917760]
[3972918272, 3972921856]
[3972922368, 3972925952]
[3972926464, 3972930048]
[3972930560, 3972934144]
[3972934656, 3972938240]
[3972938752, 3972942336]
[3972942848, 3972946432]
[3972946944, 3972950528]
[3972951040, 3972954624]
[3972955136, 3972958720]
[3972959232, 3972962816]
[3972963328, 3972966912]
[3972967424, 3972971008]
[3972971520, 3972975104]
[3972975616, 3972979200]
[3972979712, 3972983296]
[3972983808, 3972987392]
[3972987904, 3972991488]
[3972992000, 3972995584]
[3972996096, 3972999680]
[3973000192, 3973003776]
[3973004288, 3973007872]
[3973008384, 3973011968]
[3973012480, 3973016064]
[3973016576, 3973020160]
[3973020672, 3973024256]
[3973024768, 3973028352]
[3973028864, 3973032448]
[3973032960, 3973036544]
[3973037056, 3973040640]
[3973041152, 3973044736]
[3973045248, 3973048832]
[3973049344, 3973052928]
[3973053440, 3973057024]
[3973057536, 3973061120]
[3973061632, 3973065216]
[3973065728, 3973069312]
[3973069824, 3973073408]
[3973073920, 3973077504]
[3973078016, 3973081600]
[3973082112, 3973085696]
[3973086208, 3973089792]
[3973090304, 3973093888]
[3973094400, 3973097984]
[3973098496, 3973102080]
[3973102592, 3973106176]
[3973106688, 3973110272]
[3973110784, 3973114368]
[3973114880, 3973118464]
[3973118976, 3973122560]
[3973123072, 3973126656]
[3973127168, 3973130752]
[3973131264, 3973134848]
[3973135360, 3973138944]
[3973139456, 3973143040]
[3973143552, 3973147136]
[3973147648, 3973151232]
[3973151744, 3973155328]
[3973155840, 3973159424]
[3973159936, 3973163520]
[3973164032, 3973167616]
[3973168128, 3973171712]
[3973172224, 3973175808]
[3973176320, 3973179904]
[3973180416, 3973184000]
[3973184512, 3973188096]
[3973188608, 3973192192]
[3973192704, 3973196288]
[3973196800, 3973200384]
[3973200896, 3973204480]
[3973204992, 3973208576]
[3973209088, 3973212672]
[3973213184, 3973216768]
[3973217280, 3973220864]
[3973221376, 3973224960]
[3973225472, 3973229056]
[3973229568, 3973233152]
[3973233664, 3973237248]
[3973237760, 3973241344]
[3973241856, 3973245440]
[3973245952, 3973249536]
[3973250048, 3973253632]
[3973254144, 3973257728]
[3973258240, 3973261824]
[3973262336, 3973265920]
[3973266432, 3973270016]
[3973270528, 3973274112]
[3973274624, 3973278208]
[3973278720, 3973282304]
[3973282816, 3973286400]
[3973286912, 3973290496]
[3973291008, 3973294592]
[3973295104, 3973298688]
[3973299200, 3973302784]
[3973303296, 3973306880]
[3973307392, 3973310976]
[3973311488, 3973315072]
[3973315584, 3973319168]
[3973319680, 3973323264]
[3973323776, 3973327360]
[3973327872, 3973331456]
[3973331968, 3973335552]
[3973336064, 3973339648]
[3973340160, 3973343744]
[3973344256, 3973347840]
[3973348352, 3973351936]
[3973352448, 3973356032]
[3973356544, 3973360128]
[3973360640, 3973364224]
[3973364736, 3973368320]
[3973368832, 3973372416]
[3973372928, 3973376512]
[3973377024, 3973380608]
[3973381120, 3973384704]
[3973385216, 3973388800]
[3973389312, 3973392896]
[3973393408, 3973396992]
[3973397504, 3973401088]
[3973401600, 3973405184]
[3973405696, 3973409280]
[3973409792, 3973413376]
[3973413888, 3973417472]
[3973417984, 3973421568]
[3973422080, 3973425664]
[3973426176, 3973429760]
[3973430272, 3973433856]
[3973434368, 3973437952]
[3973438464, 3973442048]
[3973442560, 3973446144]
[3973446656, 3973450240]
[3973450752, 3973454336]
[3973454848, 3973458432]
[3973458944, 3973462528]
[3973463040, 3973466624]
[3973467136, 3973470720]
[3973471232, 3973474816]
[3973475328, 3973478912]
[3973479424, 3973483008]
[3973483520, 3973487104]
[3973487616, 3973491200]
[3973491712, 3973495296]
[3973495808, 3973499392]
[3973499904, 3973503488]
[3973504000, 3973507584]
[3973508096, 3973511680]
[3973512192, 3973515776]
[3973516288, 3973519872]
[3973520384, 3973523968]
[3973524480, 3973528064]
[3973528576, 3973532160]
[3973532672, 3973536256]
[3973536768, 3973540352]
[3973540864, 3973544448]
[3973544960, 3973548544]
[3973549056, 3973552640]
[3973553152, 3973556736]
[3973557248, 3973560832]
[3973561344, 3973564928]
[3973565440, 3973569024]
[3973569536, 3973573120]
[3973573632, 3973577216]
[3973577728, 3973581312]
[3973581824, 3973585408]
[3973585920, 3973589504]
[3973590016, 3973593600]
[3973594112, 3973597696]
[3973598208, 3973601792]
[3973602304, 3973605888]
[3973606400, 3973609984]
[3973610496, 3973614080]
[3973614592, 3973618176]
[3973618688, 3973622272]
[3973622784, 3973626368]
[3973626880, 3973630464]
[3973630976, 3973634560]
[3973635072, 3973638656]
[3973639168, 3973642752]
[3973643264, 3973646848]
[3973647360, 3973650944]
[3973651456, 3973655040]
[3973655552, 3973659136]
[3973659648, 3973663232]
[3973663744, 3973667328]
[3973667840, 3973671424]
[3973671936, 3973675520]
[3973676032, 3973679616]
[3973680128, 3973683712]
[3973684224, 3973687808]
[3973688320, 3973691904]
[3973692416, 3973696000]
[3973696512, 3973700096]
[3973700608, 3973704192]
[3973704704, 3973708288]
[3973708800, 3973712384]
[3973712896, 3973716480]
[3973716992, 3973720576]
[3973721088, 3973724672]
[3973725184, 3973728768]
[3973729280, 3973732864]
[3973733376, 3973736960]
[3973737472, 3973741056]
[3973741568, 3973745152]
[3973745664, 3973749248]
[3973749760, 3973753344]
[3973753856, 3973757440]
[3973757952, 3973761536]
[3973762048, 3973765632]
[3973766144, 3973769728]
[3973770240, 3973773824]
[3973774336, 3973777920]
[3973778432, 3973782016]
[3973782528, 3973786112]
[3973786624, 3973790208]
[3973790720, 3973794304]
[3973794816, 3973798400]
[3973798912, 3973802496]
[3973803008, 3973806592]
[3973807104, 3973810688]
[3973811200, 3973814784]
[3973815296, 3973818880]
[3973819392, 3973822976]
[3973823488, 3973827072]
[3973827584, 3973831168]
[3973831680, 3973835264]
[3973835776, 3973839360]
[3973839872, 3973843456]
[3973843968, 3973847552]
[3973848064, 3973851648]
[3973852160, 3973855744]
[3973856256, 3973859840]
[3973860352, 3973863936]
[3973864448, 3973868032]
[3973868544, 3973872128]
[3973872640, 3973876224]
[3973876736, 3973880320]
[3973880832, 3973884416]
[3973884928, 3973888512]
[3973889024, 3973892608]
[3973893120, 3973896704]
[3973897216, 3973900800]
[3973901312, 3973904896]
[3973905408, 3973908992]
[3973909504, 3973913088]
[3973913600, 3973917184]
[3973917696, 3973921280]
[3973921792, 3973925376]
[3973925888, 3973929472]
[3973929984, 3973933568]
[3973934080, 3973937664]
[3973938176, 3973941760]
[3973942272, 3973945856]
[3973946368, 3973949952]
[3973950464, 3973954048]
[3973954560, 3973958144]
[3973958656, 3973962240]
[3973962752, 3973966336]
[3973966848, 3973970432]
[3973970944, 3973974528]
[3973975040, 3973978624]
[3973979136, 3973982720]
[3973983232, 3973986816]
[3973987328, 3973990912]
[3973991424, 3973995008]
[3973995520, 3973999104]
[3973999616, 3974003200]
[3974003712, 3974007296]
[3974007808, 3974011392]
[3974011904, 3974015488]
[3974016000, 3974019584]
[3974020096, 3974023680]
[3974024192, 3974027776]
[3974028288, 3974031872]
[3974032384, 3974035968]
[3974036480, 3974040064]
[3974040576, 3974044160]
[3974044672, 3974048256]
[3974048768, 3974052352]
[3974052864, 3974056448]
[3974056960, 3974060544]
[3974061056, 3974064640]
[3974065152, 3974068736]
[3974069248, 3974072832]
[3974073344, 3974076928]
[3974077440, 3974081024]
[3974081536, 3974085120]
[3974085632, 3974089216]
[3974089728, 3974093312]
[3974093824, 3974097408]
[3974097920, 3974101504]
[3974102016, 3974105600]
[3974106112, 3974109696]
[3974110208, 3974113792]
[3974114304, 3974117888]
[3974118400, 3974121984]
[3974122496, 3974126080]
[3974126592, 3974130176]
[3974130688, 3974134272]
[3974134784, 3974138368]
[3974138880, 3974142464]
[3974142976, 3974146560]
[3974147072, 3974150656]
[3974151168, 3974154752]
[3974155264, 3974158848]
[3974159360, 3974162944]
[3974163456, 3974167040]
[3974167552, 3974171136]
[3974171648, 3974175232]
[3974175744, 3974179328]
[3974179840, 3974183424]
[3974183936, 3974187520]
[3974188032, 3974191616]
[3974192128, 3974195712]
[3974196224, 3974199808]
[3974200320, 3974203904]
[3974204416, 3974208000]
[3974208512, 3974212096]
[3974212608, 3974216192]
[3974216704, 3974220288]
[3974220800, 3974224384]
[3974224896, 3974228480]
[3974228992, 3974232576]
[3974233088, 3974236672]
[3974237184, 3974240768]
[3974241280, 3974244864]
[3974245376, 3974248960]
[3974249472, 3974253056]
[3974253568, 3974257152]
[3974257664, 3974261248]
[3974261760, 3974265344]
[3974265856, 3974269440]
[3974269952, 3974273536]
[3974274048, 3974277632]
[3974278144, 3974281728]
[3974282240, 3974285824]
[3974286336, 3974289920]
[3974290432, 3974294016]
[3974294528, 3974298112]
[3974298624, 3974302208]
[3974302720, 3974306304]
[3974306816, 3974310400]
[3974310912, 3974314496]
[3974315008, 3974318592]
[3974319104, 3974322688]
[3974323200, 3974326784]
[3974327296, 3974330880]
[3974331392, 3974334976]
[3974335488, 3974339072]
[3974339584, 3974343168]
[3974343680, 3974347264]
[3974347776, 3974351360]
[3974351872, 3974355456]
[3974355968, 3974359552]
[3974360064, 3974363648]
[3974364160, 3974367744]
[3974368256, 3974371840]
[3974372352, 3974375936]
[3974376448, 3974380032]
[3974380544, 3974384128]
[3974384640, 3974388224]
[3974388736, 3974392320]
[3974392832, 3974396416]
[3974396928, 3974400512]
[3974401024, 3974404608]
[3974405120, 3974408704]
[3974409216, 3974412800]
[3974413312, 3974416896]
[3974417408, 3974420992]
[3974421504, 3974425088]
[3974425600, 3974429184]
[3974429696, 3974433280]
[3974433792, 3974437376]
[3974437888, 3974441472]
[3974441984, 3974445568]
[3974446080, 3974449664]
[3974450176, 3974453760]
[3974454272, 3974457856]
[3974458368, 3974461952]
[3974462464, 3974466048]
[3974466560, 3974470144]
[3974470656, 3974474240]
[3974474752, 3974478336]
[3974478848, 3974482432]
[3974482944, 3974486528]
[3974487040, 3974490624]
[3974491136, 3974494720]
[3974495232, 3974498816]
[3974499328, 3974502912]
[3974503424, 3974507008]
[3974507520, 3974511104]
[3974511616, 3974515200]
[3974515712, 3974519296]
[3974519808, 3974523392]
[3974523904, 3974527488]
[3974528000, 3974531584]
[3974532096, 3974535680]
[3974536192, 3974539776]
[3974540288, 3974543872]
[3974544384, 3974547968]
[3974548480, 3974552064]
[3974552576, 3974556160]
[3974556672, 3974560256]
[3974560768, 3974564352]
[3974564864, 3974568448]
[3974568960, 3974572544]
[3974573056, 3974576640]
[3974577152, 3974580736]
[3974581248, 3974584832]
[3974585344, 3974588928]
[3974589440, 3974593024]
[3974593536, 3974597120]
[3974597632, 3974601216]
[3974601728, 3974605312]
[3974605824, 3974609408]
[3974609920, 3974613504]
[3974614016, 3974617600]
[3974618112, 3974621696]
[3974622208, 3974625792]
[3974626304, 3974629888]
[3974630400, 3974633984]
[3974634496, 3974638080]
[3974638592, 3974642176]
[3974642688, 3974646272]
[3974646784, 3974650368]
[3974650880, 3974654464]
[3974654976, 3974658560]
[3974659072, 3974662656]
[3974663168, 3974666752]
[3974667264, 3974670848]
[3974671360, 3974674944]
[3974675456, 3974679040]
[3974679552, 3974683136]
[3974683648, 3974687232]
[3974687744, 3974691328]
[3974691840, 3974695424]
[3974695936, 3974699520]
[3974700032, 3974703616]
[3974704128, 3974707712]
[3974708224, 3974711808]
[3974712320, 3974715904]
[3974716416, 3974720000]
[3974720512, 3974724096]
[3974724608, 3974728192]
[3974728704, 3974732288]
[3974732800, 3974736384]
[3974736896, 3974740480]
[3974740992, 3974744576]
[3974745088, 3974748672]
[3974749184, 3974752768]
[3974753280, 3974756864]
[3974757376, 3974760960]
[3974761472, 3974765056]
[3974765568, 3974769152]
[3974769664, 3974773248]
[3974773760, 3974777344]
[3974777856, 3974781440]
[3974781952, 3974785536]
[3974786048, 3974789632]
[3974790144, 3974793728]
[3974794240, 3974797824]
[3974798336, 3974801920]
[3974802432, 3974806016]
[3974806528, 3974810112]
[3974810624, 3974814208]
[3974814720, 3974818304]
[3974818816, 3974822400]
[3974822912, 3974826496]
[3974827008, 3974830592]
[3974831104, 3974834688]
[3974835200, 3974838784]
[3974839296, 3974842880]
[3974843392, 3974846976]
[3974847488, 3974851072]
[3974851584, 3974855168]
[3974855680, 3974859264]
[3974859776, 3974863360]
[3974863872, 3974867456]
[3974867968, 3974871552]
[3974872064, 3974875648]
[3974876160, 3974879744]
[3974880256, 3974883840]
[3974884352, 3974887936]
[3974888448, 3974892032]
[3974892544, 3974896128]
[3974896640, 3974900224]
[3974900736, 3974904320]
[3974904832, 3974908416]
[3974908928, 3974912512]
[3974913024, 3974916608]
[3974917120, 3974920704]
[3974921216, 3974924800]
[3974925312, 3974928896]
[3974929408, 3974932992]
[3974933504, 3974937088]
[3974937600, 3974941184]
[3974941696, 3974945280]
[3974945792, 3974949376]
[3974949888, 3974953472]
[3974953984, 3974957568]
[3974958080, 3974961664]
[3974962176, 3974965760]
[3974966272, 3974969856]
[3974970368, 3974973952]
[3974974464, 3974978048]
[3974978560, 3974982144]
[3974982656, 3974986240]
[3974986752, 3974990336]
[3974990848, 3974994432]
[3974994944, 3974998528]
[3974999040, 3975002624]
[3975003136, 3975006720]
[3975007232, 3975010816]
[3975011328, 3975014912]
[3975015424, 3975019008]
[3975019520, 3975023104]
[3975023616, 3975027200]
[3975027712, 3975031296]
[3975031808, 3975035392]
[3975035904, 3975039488]
[3975040000, 3975043584]
[3975044096, 3975047680]
[3975048192, 3975051776]
[3975052288, 3975055872]
[3975056384, 3975059968]
[3975060480, 3975064064]
[3975064576, 3975068160]
[3975068672, 3975072256]
[3975072768, 3975076352]
[3975076864, 3975080448]
[3975080960, 3975084544]
[3975085056, 3975088640]
[3975089152, 3975092736]
[3975093248, 3975096832]
[3975097344, 3975100928]
[3975101440, 3975105024]
[3975105536, 3975109120]
[3975109632, 3975113216]
[3975113728, 3975117312]
[3975117824, 3975121408]
[3975121920, 3975125504]
[3975126016, 3975129600]
[3975130112, 3975133696]
[3975134208, 3975137792]
[3975138304, 3975141888]
[3975142400, 3975145984]
[3975146496, 3975150080]
[3975150592, 3975154176]
[3975154688, 3975158272]
[3975158784, 3975162368]
[3975162880, 3975166464]
[3975166976, 3975170560]
[3975171072, 3975174656]
[3975175168, 3975178752]
[3975179264, 3975182848]
[3975183360, 3975186944]
[3975187456, 3975191040]
[3975191552, 3975195136]
[3975195648, 3975199232]
[3975199744, 3975203328]
[3975203840, 3975207424]
[3975207936, 3975211520]
[3975212032, 3975215616]
[3975216128, 3975219712]
[3975220224, 3975223808]
[3975224320, 3975227904]
[3975228416, 3975232000]
[3975232512, 3975236096]
[3975236608, 3975240192]
[3975240704, 3975244288]
[3975244800, 3975248384]
[3975248896, 3975252480]
[3975252992, 3975256576]
[3975257088, 3975260672]
[3975261184, 3975264768]
[3975265280, 3975268864]
[3975269376, 3975272960]
[3975273472, 3975277056]
[3975277568, 3975281152]
[3975281664, 3975285248]
[3975285760, 3975289344]
[3975289856, 3975293440]
[3975293952, 3975297536]
[3975298048, 3975301632]
[3975302144, 3975305728]
[3975306240, 3975309824]
[3975310336, 3975313920]
[3975314432, 3975318016]
[3975318528, 3975322112]
[3975322624, 3975326208]
[3975326720, 3975330304]
[3975330816, 3975334400]
[3975334912, 3975338496]
[3975339008, 3975342592]
[3975343104, 3975346688]
[3975347200, 3975350784]
[3975351296, 3975354880]
[3975355392, 3975358976]
[3975359488, 3975363072]
[3975363584, 3975367168]
[3975367680, 3975371264]
[3975371776, 3975375360]
[3975375872, 3975379456]
[3975379968, 3975383552]
[3975384064, 3975387648]
[3975388160, 3975391744]
[3975392256, 3975395840]
[3975396352, 3975399936]
[3975400448, 3975404032]
[3975404544, 3975408128]
[3975408640, 3975412224]
[3975412736, 3975416320]
[3975416832, 3975420416]
[3975420928, 3975424512]
[3975425024, 3975428608]
[3975429120, 3975432704]
[3975433216, 3975436800]
[3975437312, 3975440896]
[3975441408, 3975444992]
[3975445504, 3975449088]
[3975449600, 3975453184]
[3975453696, 3975457280]
[3975457792, 3975461376]
[3975461888, 3975465472]
[3975465984, 3975469568]
[3975470080, 3975473664]
[3975474176, 3975477760]
[3975478272, 3975481856]
[3975482368, 3975485952]
[3975486464, 3975490048]
[3975490560, 3975494144]
[3975494656, 3975498240]
[3975498752, 3975502336]
[3975502848, 3975506432]
[3975506944, 3975510528]
[3975511040, 3975514624]
[3975515136, 3975518720]
[3975519232, 3975522816]
[3975523328, 3975526912]
[3975527424, 3975531008]
[3975531520, 3975535104]
[3975535616, 3975539200]
[3975539712, 3975543296]
[3975543808, 3975547392]
[3975547904, 3975551488]
[3975552000, 3975555584]
[3975556096, 3975559680]
[3975560192, 3975563776]
[3975564288, 3975567872]
[3975568384, 3975571968]
[3975572480, 3975576064]
[3975576576, 3975580160]
[3975580672, 3975584256]
[3975584768, 3975588352]
[3975588864, 3975592448]
[3975592960, 3975596544]
[3975597056, 3975600640]
[3975601152, 3975604736]
[3975605248, 3975608832]
[3975609344, 3975612928]
[3975613440, 3975617024]
[3975617536, 3975621120]
[3975621632, 3975625216]
[3975625728, 3975629312]
[3975629824, 3975633408]
[3975633920, 3975637504]
[3975638016, 3975641600]
[3975642112, 3975645696]
[3975646208, 3975649792]
[3975650304, 3975653888]
[3975654400, 3975657984]
[3975658496, 3975662080]
[3975662592, 3975666176]
[3975666688, 3975670272]
[3975670784, 3975674368]
[3975674880, 3975678464]
[3975678976, 3975682560]
[3975683072, 3975686656]
[3975687168, 3975690752]
[3975691264, 3975694848]
[3975695360, 3975698944]
[3975699456, 3975703040]
[3975703552, 3975707136]
[3975707648, 3975711232]
[3975711744, 3975715328]
[3975715840, 3975719424]
[3975719936, 3975723520]
[3975724032, 3975727616]
[3975728128, 3975731712]
[3975732224, 3975735808]
[3975736320, 3975739904]
[3975740416, 3975744000]
[3975744512, 3975748096]
[3975748608, 3975752192]
[3975752704, 3975756288]
[3975756800, 3975760384]
[3975760896, 3975764480]
[3975764992, 3975768576]
[3975769088, 3975772672]
[3975773184, 3975776768]
[3975777280, 3975780864]
[3975781376, 3975784960]
[3975785472, 3975789056]
[3975789568, 3975793152]
[3975793664, 3975797248]
[3975797760, 3975801344]
[3975801856, 3975805440]
[3975805952, 3975809536]
[3975810048, 3975813632]
[3975814144, 3975817728]
[3975818240, 3975821824]
[3975822336, 3975825920]
[3975826432, 3975830016]
[3975830528, 3975834112]
[3975834624, 3975838208]
[3975838720, 3975842304]
[3975842816, 3975846400]
[3975846912, 3975850496]
[3975851008, 3975854592]
[3975855104, 3975858688]
[3975859200, 3975862784]
[3975863296, 3975866880]
[3975867392, 3975870976]
[3975871488, 3975875072]
[3975875584, 3975879168]
[3975879680, 3975883264]
[3975883776, 3975887360]
[3975887872, 3975891456]
[3975891968, 3975895552]
[3975896064, 3975899648]
[3975900160, 3975903744]
[3975904256, 3975907840]
[3975908352, 3975911936]
[3975912448, 3975916032]
[3975916544, 3975920128]
[3975920640, 3975924224]
[3975924736, 3975928320]
[3975928832, 3975932416]
[3975932928, 3975936512]
[3975937024, 3975940608]
[3975941120, 3975944704]
[3975945216, 3975948800]
[3975949312, 3975952896]
[3975953408, 3975956992]
[3975957504, 3975961088]
[3975961600, 3975965184]
[3975965696, 3975969280]
[3975969792, 3975973376]
[3975973888, 3975977472]
[3975977984, 3975981568]
[3975982080, 3975985664]
[3975986176, 3975989760]
[3975990272, 3975993856]
[3975994368, 3975997952]
[3975998464, 3976002048]
[3976002560, 3976006144]
[3976006656, 3976010240]
[3976010752, 3976014336]
[3976014848, 3976018432]
[3976018944, 3976022528]
[3976023040, 3976026624]
[3976027136, 3976030720]
[3976031232, 3976034816]
[3976035328, 3976038912]
[3976039424, 3976043008]
[3976043520, 3976047104]
[3976047616, 3976051200]
[3976051712, 3976055296]
[3976055808, 3976059392]
[3976059904, 3976063488]
[3976064000, 3976067584]
[3976068096, 3976071680]
[3976072192, 3976075776]
[3976076288, 3976079872]
[3976080384, 3976083968]
[3976084480, 3976088064]
[3976088576, 3976092160]
[3976092672, 3976096256]
[3976096768, 3976100352]
[3976100864, 3976104448]
[3976104960, 3976108544]
[3976109056, 3976112640]
[3976113152, 3976116736]
[3976117248, 3976120832]
[3976121344, 3976124928]
[3976125440, 3976129024]
[3976129536, 3976133120]
[3976133632, 3976137216]
[3976137728, 3976141312]
[3976141824, 3976145408]
[3976145920, 3976149504]
[3976150016, 3976153600]
[3976154112, 3976157696]
[3976158208, 3976161792]
[3976162304, 3976165888]
[3976166400, 3976169984]
[3976170496, 3976174080]
[3976174592, 3976178176]
[3976178688, 3976182272]
[3976182784, 3976186368]
[3976186880, 3976190464]
[3976190976, 3976194560]
[3976195072, 3976198656]
[3976199168, 3976200192]
