[4177529600, 4177530880]
[4177533696, 4177534976]
[4177537792, 4177539072]
[4177541888, 4177543168]
[4177545984, 4177547264]
[4177550080, 4177551360]
[4177554176, 4177555456]
[4177558272, 4177559552]
[4177562368, 4177563648]
[4177566464, 4177567744]
[4177570560, 4177571840]
[4177574656, 4177575936]
[4177578752, 4177580032]
[4177582848, 4177584128]
[4177586944, 4177588224]
[4177591040, 4177592320]
[4177595136, 4177596416]
[4177599232, 4177600512]
[4177603328, 4177604608]
[4177607424, 4177608704]
[4177611520, 4177612800]
[4177615616, 4177616896]
[4177619712, 4177620992]
[4177623808, 4177625088]
[4177627904, 4177629184]
[4177632000, 4177633280]
[4177636096, 4177637376]
[4177640192, 4177641472]
[4177644288, 4177645568]
[4177648384, 4177649664]
[4177652480, 4177653760]
[4177656576, 4177657856]
[4177660672, 4177661952]
[4177664768, 4177666048]
[4177668864, 4177670144]
[4177672960, 4177674240]
[4177677056, 4177678336]
[4177681152, 4177682432]
[4177685248, 4177686528]
[4177689344, 4177690624]
[4177693440, 4177694720]
[4177697536, 4177698816]
[4177701632, 4177702912]
[4177705728, 4177707008]
[4177709824, 4177711104]
[4177713920, 4177715200]
[4177718016, 4177719296]
[4177722112, 4177723392]
[4177726208, 4177727488]
[4177730304, 4177731584]
[4177734400, 4177735680]
[4177738496, 4177739776]
[4177742592, 4177743872]
[4177746688, 4177747968]
[4177750784, 4177752064]
[4177754880, 4177756160]
[4177758976, 4177760256]
[4177763072, 4177764352]
[4177767168, 4177768448]
[4177771264, 4177772544]
[4177775360, 4177776640]
[4177779456, 4177780736]
[4177783552, 4177784832]
[4177787648, 4177788928]
[4177791744, 4177793024]
[4177795840, 4177797120]
[4177799936, 4177801216]
[4177804032, 4177805312]
[4177808128, 4177809408]
[4177812224, 4177813504]
[4177816320, 4177817600]
[4177820416, 4177821696]
[4177824512, 4177825792]
[4177828608, 4177829888]
[4177832704, 4177833984]
[4177836800, 4177838080]
[4177840896, 4177842176]
[4177844992, 4177846272]
[4177849088, 4177850368]
[4177853184, 4177854464]
[4177857280, 4177858560]
[4177861376, 4177862656]
[4177865472, 4177866752]
[4177869568, 4177870848]
[4177873664, 4177874944]
[4177877760, 4177879040]
[4177881856, 4177883136]
[4177885952, 4177887232]
[4177890048, 4177891328]
[4177894144, 4177895424]
[4177898240, 4177899520]
[4177902336, 4177903616]
[4177906432, 4177907712]
[4177910528, 4177911808]
[4177914624, 4177915904]
[4177918720, 4177920000]
[4177922816, 4177924096]
[4177926912, 4177928192]
[4177931008, 4177932288]
[4177935104, 4177936384]
[4177939200, 4177940480]
[4177943296, 4177944576]
[4177947392, 4177948672]
[4177951488, 4177952768]
[4177955584, 4177956864]
[4177959680, 4177960960]
[4177963776, 4177965056]
[4177967872, 4177969152]
[4177971968, 4177973248]
[4177976064, 4177977344]
[4177980160, 4177981440]
[4177984256, 4177985536]
[4177988352, 4177989632]
[4177992448, 4177993728]
[4177996544, 4177997824]
[4178000640, 4178001920]
[4178004736, 4178006016]
[4178008832, 4178010112]
[4178012928, 4178014208]
[4178017024, 4178018304]
[4178021120, 4178022400]
[4178025216, 4178026496]
[4178029312, 4178030592]
[4178033408, 4178034688]
[4178037504, 4178038784]
[4178041600, 4178042880]
[4178045696, 4178046976]
[4178049792, 4178051072]
[4178053888, 4178055168]
[4178057984, 4178059264]
[4178062080, 4178063360]
[4178066176, 4178067456]
[4178070272, 4178071552]
[4178074368, 4178075648]
[4178078464, 4178079744]
[4178082560, 4178083840]
[4178086656, 4178087936]
[4178090752, 4178092032]
[4178094848, 4178096128]
[4178098944, 4178100224]
[4178103040, 4178104320]
[4178107136, 4178108416]
[4178111232, 4178112512]
[4178115328, 4178116608]
[4178119424, 4178120704]
[4178123520, 4178124800]
[4178127616, 4178128896]
[4178131712, 4178132992]
[4178135808, 4178137088]
[4178139904, 4178141184]
[4178144000, 4178145280]
[4178148096, 4178149376]
[4178152192, 4178153472]
[4178156288, 4178157568]
[4178160384, 4178161664]
[4178164480, 4178165760]
[4178168576, 4178169856]
[4178172672, 4178173952]
[4178176768, 4178178048]
[4178180864, 4178182144]
[4178184960, 4178186240]
[4178189056, 4178190336]
[4178193152, 4178194432]
[4178197248, 4178198528]
[4178201344, 4178202624]
[4178205440, 4178206720]
[4178209536, 4178210816]
[4178213632, 4178214912]
[4178217728, 4178219008]
[4178221824, 4178223104]
[4178225920, 4178227200]
[4178230016, 4178231296]
[4178234112, 4178235392]
[4178238208, 4178239488]
[4178242304, 4178243584]
[4178246400, 4178247680]
[4178250496, 4178251776]
[4178254592, 4178255872]
[4178258688, 4178259968]
[4178262784, 4178264064]
[4178266880, 4178268160]
[4178270976, 4178272256]
[4178275072, 4178276352]
[4178279168, 4178280448]
[4178283264, 4178284544]
[4178287360, 4178288640]
[4178291456, 4178292736]
[4178295552, 4178296832]
[4178299648, 4178300928]
[4178303744, 4178305024]
[4178307840, 4178309120]
[4178311936, 4178313216]
[4178316032, 4178317312]
[4178320128, 4178321408]
[4178324224, 4178325504]
[4178328320, 4178329600]
[4178332416, 4178333696]
[4178336512, 4178337792]
[4178340608, 4178341888]
[4178344704, 4178345984]
[4178348800, 4178350080]
[4178352896, 4178354176]
[4178356992, 4178358272]
[4178361088, 4178362368]
[4178365184, 4178366464]
[4178369280, 4178370560]
[4178373376, 4178374656]
[4178377472, 4178378752]
[4178381568, 4178382848]
[4178385664, 4178386944]
[4178389760, 4178391040]
[4178393856, 4178395136]
[4178397952, 4178399232]
[4178402048, 4178403328]
[4178406144, 4178407424]
[4178410240, 4178411520]
[4178414336, 4178415616]
[4178418432, 4178419712]
[4178422528, 4178423808]
[4178426624, 4178427904]
[4178430720, 4178432000]
[4178434816, 4178436096]
[4178438912, 4178440192]
[4178443008, 4178444288]
[4178447104, 4178448384]
[4178451200, 4178452480]
[4178455296, 4178456576]
[4178459392, 4178460672]
[4178463488, 4178464768]
[4178467584, 4178468864]
[4178471680, 4178472960]
[4178475776, 4178477056]
[4178479872, 4178481152]
[4178483968, 4178485248]
[4178488064, 4178489344]
[4178492160, 4178493440]
[4178496256, 4178497536]
[4178500352, 4178501632]
[4178504448, 4178505728]
[4178508544, 4178509824]
[4178512640, 4178513920]
[4178516736, 4178518016]
[4178520832, 4178522112]
[4178524928, 4178526208]
[4178529024, 4178530304]
[4178533120, 4178534400]
[4178537216, 4178538496]
[4178541312, 4178542592]
[4178545408, 4178546688]
[4178549504, 4178550784]
[4178553600, 4178554880]
[4178557696, 4178558976]
[4178561792, 4178563072]
[4178565888, 4178567168]
[4178569984, 4178571264]
[4178574080, 4178575360]
[4178575424, 4178577664]
[4178577920, 4178578176]
[4178579520, 4178581760]
[4178582016, 4178582272]
[4178583616, 4178585856]
[4178586112, 4178586368]
[4178587712, 4178589952]
[4178590208, 4178590464]
[4178591808, 4178594048]
[4178594304, 4178594560]
[4178595904, 4178598144]
[4178598400, 4178598656]
[4178600000, 4178602240]
[4178602496, 4178602752]
[4178604096, 4178606336]
[4178606592, 4178606848]
[4178608192, 4178610432]
[4178610688, 4178610944]
[4178612288, 4178614528]
[4178614784, 4178615040]
[4178616384, 4178618624]
[4178618880, 4178619136]
[4178620480, 4178622720]
[4178622976, 4178623232]
[4178624576, 4178626816]
[4178627072, 4178627328]
[4178628672, 4178630912]
[4178631168, 4178631424]
[4178632768, 4178635008]
[4178635264, 4178635520]
[4178636800, 4178639104]
[4178639360, 4178639616]
[4178640960, 4178643200]
[4178643456, 4178643712]
[4178645056, 4178647296]
[4178647552, 4178647808]
[4178649152, 4178651392]
[4178651648, 4178651904]
[4178653248, 4178655488]
[4178655744, 4178656000]
[4178657344, 4178659584]
[4178659840, 4178660096]
[4178661440, 4178663680]
[4178663936, 4178664192]
[4178665536, 4178667776]
[4178668032, 4178668288]
[4178669632, 4178671872]
[4178672128, 4178672384]
[4178673728, 4178675968]
[4178676224, 4178676480]
[4178677824, 4178680064]
[4178680320, 4178680576]
[4178681920, 4178684160]
[4178684416, 4178684672]
[4178686016, 4178688256]
[4178688512, 4178688768]
[4178690112, 4178692352]
[4178692608, 4178692864]
[4178694208, 4178696448]
[4178696704, 4178696960]
[4178698304, 4178700544]
[4178700800, 4178701056]
[4178702336, 4178704640]
[4178704896, 4178705152]
[4178706496, 4178708736]
[4178708992, 4178709248]
[4178710592, 4178712832]
[4178713088, 4178713344]
[4178714688, 4178716928]
[4178717184, 4178717440]
[4178718784, 4178721024]
[4178721280, 4178721536]
[4178722880, 4178725120]
[4178725376, 4178725632]
[4178726976, 4178729216]
[4178729472, 4178729728]
[4178731072, 4178733312]
[4178733568, 4178733824]
[4178735168, 4178737408]
[4178737664, 4178737920]
[4178739264, 4178741504]
[4178741760, 4178742016]
[4178743360, 4178745600]
[4178745856, 4178746112]
[4178747456, 4178749696]
[4178749952, 4178750208]
[4178751552, 4178753792]
[4178754048, 4178754304]
[4178755648, 4178757888]
[4178758144, 4178758400]
[4178759744, 4178761984]
[4178762240, 4178762496]
[4178763840, 4178766080]
[4178766336, 4178766592]
[4178767872, 4178770176]
[4178770432, 4178770688]
[4178772032, 4178774272]
[4178774528, 4178774784]
[4178776128, 4178778368]
[4178778624, 4178778880]
[4178780224, 4178782464]
[4178782720, 4178782976]
[4178784320, 4178786560]
[4178786816, 4178787072]
[4178788416, 4178790656]
[4178790912, 4178791168]
[4178792512, 4178794752]
[4178795008, 4178795264]
[4178796608, 4178798848]
[4178799104, 4178799360]
[4178800704, 4178802944]
[4178803200, 4178803456]
[4178804800, 4178807040]
[4178807296, 4178807552]
[4178808896, 4178811136]
[4178811392, 4178811648]
[4178812992, 4178815232]
[4178815488, 4178815744]
[4178817088, 4178819328]
[4178819584, 4178819840]
[4178821184, 4178823424]
[4178823680, 4178823936]
[4178825280, 4178827520]
[4178827776, 4178828032]
[4178829376, 4178831616]
[4178831872, 4178832128]
[4178833408, 4178835712]
[4178835968, 4178836224]
[4178837568, 4178839808]
[4178840064, 4178840320]
[4178841664, 4178843904]
[4178844160, 4178844416]
[4178845760, 4178848000]
[4178848256, 4178848512]
[4178849856, 4178852096]
[4178852352, 4178852608]
[4178853952, 4178856192]
[4178856448, 4178856704]
[4178858048, 4178860288]
[4178860544, 4178860800]
[4178862144, 4178864384]
[4178864640, 4178864896]
[4178866240, 4178868480]
[4178868736, 4178868992]
[4178870336, 4178872576]
[4178872832, 4178873088]
[4178874432, 4178876672]
[4178876928, 4178877184]
[4178878528, 4178880768]
[4178881024, 4178881280]
[4178882624, 4178884864]
[4178885120, 4178885376]
[4178886720, 4178888960]
[4178889216, 4178889472]
[4178890816, 4178893056]
[4178893312, 4178893568]
[4178894912, 4178897152]
[4178897408, 4178897664]
[4178898944, 4178901248]
[4178901504, 4178901760]
[4178903104, 4178905344]
[4178905600, 4178905856]
[4178907200, 4178909440]
[4178909696, 4178909952]
[4178911296, 4178913536]
[4178913792, 4178914048]
[4178915392, 4178917632]
[4178917888, 4178918144]
[4178919488, 4178921728]
[4178921984, 4178922240]
[4178923584, 4178925824]
[4178926080, 4178926336]
[4178927680, 4178929920]
[4178930176, 4178930432]
[4178931776, 4178934016]
[4178934272, 4178934528]
[4178935872, 4178938112]
[4178938368, 4178938624]
[4178939968, 4178942208]
[4178942464, 4178942720]
[4178944064, 4178946304]
[4178946560, 4178946816]
[4178948160, 4178950400]
[4178950656, 4178950912]
[4178952256, 4178954496]
[4178954752, 4178955008]
[4178956352, 4178958592]
[4178958848, 4178959104]
[4178960448, 4178962688]
[4178962944, 4178963200]
[4178964480, 4178966784]
[4178967040, 4178967296]
[4178968640, 4178970880]
[4178971136, 4178971392]
[4178972736, 4178974976]
[4178975232, 4178975488]
[4178976832, 4178979072]
[4178979328, 4178979584]
[4178980928, 4178983168]
[4178983424, 4178983680]
[4178985024, 4178987264]
[4178987520, 4178987776]
[4178989120, 4178991360]
[4178991616, 4178991872]
[4178993216, 4178995456]
[4178995712, 4178995968]
[4178997312, 4178999552]
[4178999808, 4179000064]
[4179001408, 4179003648]
[4179003904, 4179004160]
[4179005504, 4179007744]
[4179008000, 4179008256]
[4179009600, 4179011840]
[4179012096, 4179012352]
[4179013696, 4179015936]
[4179016192, 4179016448]
[4179017792, 4179020032]
[4179020288, 4179020544]
[4179021888, 4179024128]
[4179024384, 4179024640]
[4179025984, 4179028224]
[4179028480, 4179028736]
[4179030016, 4179032320]
[4179032576, 4179032832]
[4179034176, 4179036416]
[4179036672, 4179036928]
[4179038272, 4179040512]
[4179040768, 4179041024]
[4179042368, 4179044608]
[4179044864, 4179045120]
[4179046464, 4179048704]
[4179048960, 4179049216]
[4179050560, 4179052800]
[4179053056, 4179053312]
[4179054656, 4179056896]
[4179057152, 4179057408]
[4179058752, 4179060992]
[4179061248, 4179061504]
[4179062848, 4179065088]
[4179065344, 4179065600]
[4179066944, 4179069184]
[4179069440, 4179069696]
[4179071040, 4179073280]
[4179073536, 4179073792]
[4179075136, 4179077376]
[4179077632, 4179077888]
[4179079232, 4179081472]
[4179081728, 4179081984]
[4179083328, 4179085568]
[4179085824, 4179086080]
[4179087424, 4179089664]
[4179089920, 4179090176]
[4179091520, 4179093760]
[4179094016, 4179094272]
[4179095552, 4179097856]
[4179098112, 4179098368]
[4179099712, 4179101952]
[4179102208, 4179102464]
[4179103808, 4179106048]
[4179106304, 4179106560]
[4179107904, 4179110144]
[4179110400, 4179110656]
[4179112000, 4179114240]
[4179114496, 4179114752]
[4179116096, 4179118336]
[4179118592, 4179118848]
[4179120192, 4179122432]
[4179122688, 4179122944]
[4179124288, 4179126528]
[4179126784, 4179127040]
[4179128384, 4179130624]
[4179130880, 4179131136]
[4179132480, 4179134720]
[4179134976, 4179135232]
[4179136576, 4179138816]
[4179139072, 4179139328]
[4179140672, 4179142912]
[4179143168, 4179143424]
[4179144768, 4179147008]
[4179147264, 4179147520]
[4179148864, 4179151104]
[4179151360, 4179151616]
[4179152960, 4179155200]
[4179155456, 4179155712]
[4179157056, 4179159296]
[4179159552, 4179159808]
[4179161088, 4179163392]
[4179163648, 4179163904]
[4179165248, 4179167488]
[4179167744, 4179168000]
[4179169344, 4179171584]
[4179171840, 4179172096]
[4179173440, 4179175680]
[4179175936, 4179176192]
[4179177536, 4179179776]
[4179180032, 4179180288]
[4179181632, 4179183872]
[4179184128, 4179184384]
[4179185728, 4179187968]
[4179188224, 4179188480]
[4179189824, 4179192064]
[4179192320, 4179192576]
[4179193920, 4179196160]
[4179196416, 4179196672]
[4179198016, 4179200256]
[4179200512, 4179200768]
[4179202112, 4179204352]
[4179204608, 4179204864]
[4179206208, 4179208448]
[4179208704, 4179208960]
[4179210304, 4179212544]
[4179212800, 4179213056]
[4179214400, 4179216640]
[4179216896, 4179217152]
[4179218496, 4179220736]
[4179220992, 4179221248]
[4179222592, 4179224832]
[4179225088, 4179225344]
[4179226624, 4179228928]
[4179229184, 4179229440]
[4179230784, 4179233024]
[4179233280, 4179233536]
[4179234880, 4179237120]
[4179237376, 4179237632]
[4179238976, 4179241216]
[4179241472, 4179241728]
[4179243072, 4179245312]
[4179245568, 4179245824]
[4179247168, 4179249408]
[4179249664, 4179249920]
[4179251264, 4179253504]
[4179253760, 4179254016]
[4179255360, 4179257600]
[4179257856, 4179258112]
[4179259456, 4179261696]
[4179261952, 4179262208]
[4179263552, 4179265792]
[4179266048, 4179266304]
[4179267648, 4179269888]
[4179270144, 4179270400]
[4179271744, 4179273984]
[4179274240, 4179274496]
[4179275840, 4179278080]
[4179278336, 4179278592]
[4179279936, 4179282176]
[4179282432, 4179282688]
[4179284032, 4179286272]
[4179286528, 4179286784]
[4179288128, 4179290368]
[4179290624, 4179290880]
[4179292160, 4179294464]
[4179294720, 4179294976]
[4179296320, 4179298560]
[4179298816, 4179299072]
[4179300416, 4179302656]
[4179302912, 4179303168]
[4179304512, 4179306752]
[4179307008, 4179307264]
[4179308608, 4179310848]
[4179311104, 4179311360]
[4179312704, 4179314944]
[4179315200, 4179315456]
[4179316800, 4179319040]
[4179319296, 4179319552]
[4179320896, 4179323136]
[4179323392, 4179323648]
[4179324992, 4179327232]
[4179327488, 4179327744]
[4179329088, 4179331328]
[4179331584, 4179331840]
[4179333184, 4179335424]
[4179335680, 4179335936]
[4179337280, 4179339520]
[4179339776, 4179340032]
[4179341376, 4179343616]
[4179343872, 4179344128]
[4179345472, 4179347712]
[4179347968, 4179348224]
[4179349568, 4179351808]
[4179352064, 4179352320]
[4179353664, 4179355904]
[4179356160, 4179356416]
[4179357696, 4179360000]
[4179360256, 4179360512]
[4179361856, 4179364096]
[4179364352, 4179364608]
[4179365952, 4179368192]
[4179368448, 4179368704]
[4179370048, 4179372288]
[4179372544, 4179372800]
[4179374144, 4179376384]
[4179376640, 4179376896]
[4179378240, 4179380480]
[4179380736, 4179380992]
[4179382336, 4179384576]
[4179384832, 4179385088]
[4179386432, 4179388672]
[4179388928, 4179389184]
[4179390528, 4179392768]
[4179393024, 4179393280]
[4179394624, 4179396864]
[4179397120, 4179397376]
[4179398720, 4179400960]
[4179401216, 4179401472]
[4179402816, 4179405056]
[4179405312, 4179405568]
[4179406912, 4179409152]
[4179409408, 4179409664]
[4179411008, 4179413248]
[4179413504, 4179413760]
[4179415104, 4179417344]
[4179417600, 4179417856]
[4179419200, 4179421440]
[4179421696, 4179421952]
[4179423232, 4179425536]
[4179425792, 4179426048]
[4179427392, 4179429632]
[4179429888, 4179430144]
[4179431488, 4179433728]
[4179433984, 4179434240]
[4179435584, 4179437824]
[4179438080, 4179438336]
[4179439680, 4179441920]
[4179442176, 4179442432]
[4179443776, 4179446016]
[4179446272, 4179446528]
[4179447872, 4179450112]
[4179450368, 4179450624]
[4179451968, 4179454208]
[4179454464, 4179454720]
[4179456064, 4179458304]
[4179458560, 4179458816]
[4179460160, 4179462400]
[4179462656, 4179462912]
[4179464256, 4179466496]
[4179466752, 4179467008]
[4179468352, 4179470592]
[4179470848, 4179471104]
[4179472448, 4179474688]
[4179474944, 4179475200]
[4179476544, 4179478784]
[4179479040, 4179479296]
[4179480640, 4179482880]
[4179483136, 4179483392]
[4179484736, 4179486976]
[4179487232, 4179487488]
[4179488768, 4179491072]
[4179491328, 4179491584]
[4179492928, 4179495168]
[4179495424, 4179495680]
[4179497024, 4179499264]
[4179499520, 4179499776]
[4179501120, 4179503360]
[4179503616, 4179503872]
[4179505216, 4179507456]
[4179507712, 4179507968]
[4179509312, 4179511552]
[4179511808, 4179512064]
[4179513408, 4179515648]
[4179515904, 4179516160]
[4179517504, 4179519744]
[4179520000, 4179520256]
[4179521600, 4179523840]
[4179524096, 4179524352]
[4179525696, 4179527936]
[4179528192, 4179528448]
[4179529792, 4179532032]
[4179532288, 4179532544]
[4179533888, 4179536128]
[4179536384, 4179536640]
[4179537984, 4179540224]
[4179540480, 4179540736]
[4179542080, 4179544320]
[4179544576, 4179544832]
[4179546176, 4179548416]
[4179548672, 4179548928]
[4179550272, 4179552512]
[4179552768, 4179553024]
[4179554304, 4179556608]
[4179556864, 4179557120]
[4179625472, 4179625728]
[4179626752, 4179628032]
[4179629568, 4179629824]
[4179630848, 4179632128]
[4179633664, 4179633920]
[4179634944, 4179636224]
[4179637760, 4179638016]
[4179639040, 4179640320]
[4179641856, 4179642112]
[4179643136, 4179644416]
[4179645952, 4179646208]
[4179647232, 4179648512]
[4179650048, 4179650304]
[4179651328, 4179652608]
[4179654144, 4179654400]
[4179655424, 4179656704]
[4179658240, 4179658496]
[4179659520, 4179660800]
[4179662336, 4179662592]
[4179663616, 4179664896]
[4179666432, 4179666688]
[4179667712, 4179668992]
[4179670528, 4179670784]
[4179671808, 4179673088]
[4179674624, 4179674880]
[4179675904, 4179677184]
[4179678720, 4179678976]
[4179680000, 4179681280]
[4179682816, 4179683072]
[4179684096, 4179685376]
[4179686912, 4179687168]
[4179688192, 4179689472]
[4179691008, 4179691264]
[4179692288, 4179693568]
[4179695104, 4179695360]
[4179696384, 4179697664]
[4179699200, 4179699456]
[4179700480, 4179701760]
[4179703296, 4179703552]
[4179704576, 4179705856]
[4179707392, 4179707648]
[4179708672, 4179709952]
[4179711488, 4179711744]
[4179712768, 4179714048]
[4179715584, 4179715840]
[4179716864, 4179718144]
[4179719680, 4179719936]
[4179720960, 4179722240]
[4179723776, 4179724032]
[4179725056, 4179726336]
[4179727872, 4179728128]
[4179729152, 4179730432]
[4179731968, 4179732224]
[4179733248, 4179734528]
[4179736064, 4179736320]
[4179737344, 4179738624]
[4179740160, 4179740416]
[4179741440, 4179742720]
[4179744256, 4179744512]
[4179745536, 4179746816]
[4179748352, 4179748608]
[4179749632, 4179750912]
[4179752448, 4179752704]
[4179753728, 4179755008]
[4179756544, 4179756800]
[4179757824, 4179759104]
[4179760640, 4179760896]
[4179761920, 4179763200]
[4179764736, 4179764992]
[4179766016, 4179767296]
[4179768832, 4179769088]
[4179770112, 4179771392]
[4179772928, 4179773184]
[4179774208, 4179775488]
[4179777024, 4179777280]
[4179778304, 4179779584]
[4179781120, 4179781376]
[4179782400, 4179783680]
[4179785216, 4179785472]
[4179786496, 4179787776]
[4179789312, 4179789568]
[4179790592, 4179791872]
[4179793408, 4179793664]
[4179794688, 4179795968]
[4179797504, 4179797760]
[4179798784, 4179800064]
[4179801600, 4179801856]
[4179802880, 4179804160]
[4179805696, 4179805952]
[4179806976, 4179808256]
[4179809792, 4179810048]
[4179811072, 4179812352]
[4179813888, 4179814144]
[4179815168, 4179816448]
[4179817984, 4179818240]
[4179819264, 4179820544]
[4179822080, 4179822336]
[4179823360, 4179824640]
[4179826176, 4179826432]
[4179827456, 4179828736]
[4179830272, 4179830528]
[4179831552, 4179832832]
[4179834368, 4179834624]
[4179835648, 4179836928]
[4179838464, 4179838720]
[4179839744, 4179841024]
[4179842560, 4179842816]
[4179843840, 4179845120]
[4179846656, 4179846912]
[4179847936, 4179849216]
[4179850752, 4179851008]
[4179852032, 4179853312]
[4179854848, 4179855104]
[4179856128, 4179857408]
[4179858944, 4179859200]
[4179860224, 4179861504]
[4179863040, 4179863296]
[4179864320, 4179865600]
[4179867136, 4179867392]
[4179868416, 4179869696]
[4179871232, 4179871488]
[4179872512, 4179873792]
[4179875328, 4179875584]
[4179876608, 4179877888]
[4179879424, 4179879680]
[4179880704, 4179881984]
[4179883520, 4179883776]
[4179884800, 4179886080]
[4179887616, 4179887872]
[4179888896, 4179890176]
[4179891712, 4179891968]
[4179892992, 4179894272]
[4179895808, 4179896064]
[4179897088, 4179898368]
[4179899904, 4179900160]
[4179901184, 4179902464]
[4179904000, 4179904256]
[4179905280, 4179906560]
[4179908096, 4179908352]
[4179909376, 4179910656]
[4179912192, 4179912448]
[4179913472, 4179914752]
[4179916288, 4179916544]
[4179917568, 4179918848]
[4179920384, 4179920640]
[4179921664, 4179922944]
[4179924480, 4179924736]
[4179925760, 4179927040]
[4179928576, 4179928832]
[4179929856, 4179931136]
[4179932672, 4179932928]
[4179933952, 4179935232]
[4179936768, 4179937024]
[4179938048, 4179939328]
[4179940864, 4179941120]
[4179942144, 4179943424]
[4179944960, 4179945216]
[4179946240, 4179947520]
[4179949056, 4179949312]
[4179950336, 4179951616]
[4179953152, 4179953408]
[4179954432, 4179955712]
[4179957248, 4179957504]
[4179958528, 4179959808]
[4179961344, 4179961600]
[4179962624, 4179963904]
[4179965440, 4179965696]
[4179966720, 4179968000]
[4179969536, 4179969792]
[4179970816, 4179972096]
[4179973632, 4179973888]
[4179974912, 4179976192]
[4179977728, 4179977984]
[4179979008, 4179980288]
[4179981824, 4179982080]
[4179983104, 4179984384]
[4179985920, 4179986176]
[4179987200, 4179988480]
[4179990016, 4179990272]
[4179991296, 4179992576]
[4179994112, 4179994368]
[4179995392, 4179996672]
[4179998208, 4179998464]
[4179999488, 4180000768]
[4180002304, 4180002560]
[4180003584, 4180004864]
[4180006400, 4180006656]
[4180007680, 4180008960]
[4180010496, 4180010752]
[4180011776, 4180013056]
[4180014592, 4180014848]
[4180015872, 4180017152]
[4180018688, 4180018944]
[4180019968, 4180021248]
[4180022784, 4180023040]
[4180024064, 4180025344]
[4180026880, 4180027136]
[4180028160, 4180029440]
[4180030976, 4180031232]
[4180032256, 4180033536]
[4180035072, 4180035328]
[4180036352, 4180037632]
[4180039168, 4180039424]
[4180040448, 4180041728]
[4180043264, 4180043520]
[4180044544, 4180045824]
[4180047360, 4180047616]
[4180048640, 4180049920]
[4180051456, 4180051712]
[4180052736, 4180054016]
[4180055552, 4180055808]
[4180056832, 4180058112]
[4180059648, 4180059904]
[4180060928, 4180062208]
[4180063744, 4180064000]
[4180065024, 4180066304]
[4180067840, 4180068096]
[4180069120, 4180070400]
[4180071936, 4180072192]
[4180073216, 4180074496]
[4180076032, 4180076288]
[4180077312, 4180078592]
[4180080128, 4180080384]
[4180081408, 4180082688]
[4180084224, 4180084480]
[4180085504, 4180086784]
[4180088320, 4180088576]
[4180089600, 4180090880]
[4180092416, 4180092672]
[4180093696, 4180094976]
[4180096512, 4180096768]
[4180097792, 4180099072]
[4180100608, 4180100864]
[4180101888, 4180103168]
[4180104704, 4180104960]
[4180105984, 4180107264]
[4180108800, 4180109056]
[4180110080, 4180111360]
[4180112896, 4180113152]
[4180114176, 4180115456]
[4180116992, 4180117248]
[4180118272, 4180119552]
[4180121088, 4180121344]
[4180122368, 4180123648]
[4180125184, 4180125440]
[4180126464, 4180127744]
[4180129280, 4180129536]
[4180130560, 4180131840]
[4180133376, 4180133632]
[4180134656, 4180135936]
[4180137472, 4180137728]
[4180138752, 4180140032]
[4180141568, 4180141824]
[4180142848, 4180144128]
[4180145664, 4180145920]
[4180146944, 4180148224]
[4180149760, 4180150016]
[4180151040, 4180152320]
[4180153856, 4180154112]
[4180155136, 4180156416]
[4180157952, 4180158208]
[4180159232, 4180160512]
[4180162048, 4180162304]
[4180163328, 4180164608]
[4180166144, 4180166400]
[4180167424, 4180168704]
[4180170240, 4180170496]
[4180171520, 4180172800]
[4180174336, 4180174592]
[4180175616, 4180176896]
[4180178432, 4180178688]
[4180179712, 4180180992]
[4180182528, 4180182784]
[4180183808, 4180185088]
[4180186624, 4180186880]
[4180187904, 4180189184]
[4180190720, 4180190976]
[4180192000, 4180193280]
[4180194816, 4180195072]
[4180196096, 4180197376]
[4180198912, 4180199168]
[4180200192, 4180201472]
[4180203008, 4180203264]
[4180204288, 4180205568]
[4180207104, 4180207360]
[4180208384, 4180209664]
[4180211200, 4180211456]
[4180212480, 4180213760]
[4180215296, 4180215552]
[4180216576, 4180217856]
[4180219392, 4180219648]
[4180220672, 4180221952]
[4180223488, 4180223744]
[4180224768, 4180226048]
[4180227584, 4180227840]
[4180228864, 4180230144]
[4180231680, 4180231936]
[4180232960, 4180234240]
[4180235776, 4180236032]
[4180237056, 4180238336]
[4180239872, 4180240128]
[4180241152, 4180242432]
[4180243968, 4180244224]
[4180245248, 4180246528]
[4180248064, 4180248320]
[4180249344, 4180250624]
[4180252160, 4180252416]
[4180253440, 4180254720]
[4180256256, 4180256512]
[4180257536, 4180258816]
[4180260352, 4180260608]
[4180261632, 4180262912]
[4180264448, 4180264704]
[4180265728, 4180267008]
[4180268544, 4180268800]
[4180269824, 4180271104]
[4180272640, 4180272896]
[4180273920, 4180275200]
[4180276736, 4180276992]
[4180278016, 4180279296]
[4180280832, 4180281088]
[4180282112, 4180283392]
[4180284928, 4180285184]
[4180286208, 4180287488]
[4180289024, 4180289280]
[4180290304, 4180291584]
[4180293120, 4180293376]
[4180294400, 4180295680]
[4180297216, 4180297472]
[4180298496, 4180299776]
[4180301312, 4180301568]
[4180302592, 4180303872]
[4180305408, 4180305664]
[4180306688, 4180307968]
[4180309504, 4180309760]
[4180310784, 4180312064]
[4180313600, 4180313856]
[4180314880, 4180316160]
[4180317696, 4180317952]
[4180318976, 4180320256]
[4180321792, 4180322048]
[4180323072, 4180324352]
[4180325888, 4180326144]
[4180327168, 4180328448]
[4180329984, 4180330240]
[4180331264, 4180332544]
[4180334080, 4180334336]
[4180335360, 4180336640]
[4180338176, 4180338432]
[4180339456, 4180340736]
[4180342272, 4180342528]
[4180343552, 4180344832]
[4180346368, 4180346624]
[4180347648, 4180348928]
[4180350464, 4180350720]
[4180351744, 4180353024]
[4180354560, 4180354816]
[4180355840, 4180357120]
[4180358656, 4180358912]
[4180359936, 4180361216]
[4180362752, 4180363008]
[4180364032, 4180365312]
[4180366848, 4180367104]
[4180368128, 4180369408]
[4180370944, 4180371200]
[4180372224, 4180373504]
[4180375040, 4180375296]
[4180376320, 4180377600]
[4180379136, 4180379392]
[4180380416, 4180381696]
[4180383232, 4180383488]
[4180384512, 4180385792]
[4180387328, 4180387584]
[4180388608, 4180389888]
[4180391424, 4180391680]
[4180392704, 4180393984]
[4180395520, 4180395776]
[4180396800, 4180398080]
[4180399616, 4180399872]
[4180400896, 4180402176]
[4180403712, 4180403968]
[4180404992, 4180406272]
[4180407808, 4180408064]
[4180409088, 4180410368]
[4180411904, 4180412160]
[4180413184, 4180414464]
[4180416000, 4180416256]
[4180417280, 4180418560]
[4180420096, 4180420352]
[4180421376, 4180422656]
[4180424192, 4180424448]
[4180425472, 4180426752]
[4180428288, 4180428544]
[4180429568, 4180430848]
[4180432384, 4180432640]
[4180433664, 4180434944]
[4180436480, 4180436736]
[4180437760, 4180439040]
[4180440576, 4180440832]
[4180441856, 4180443136]
[4180444672, 4180444928]
[4180445952, 4180447232]
[4180448768, 4180449024]
[4180450048, 4180451328]
[4180452864, 4180453120]
[4180454144, 4180455424]
[4180456960, 4180457216]
[4180458240, 4180459520]
[4180461056, 4180461312]
[4180462336, 4180463616]
[4180465152, 4180465408]
[4180466432, 4180467712]
[4180469248, 4180469504]
[4180470528, 4180471808]
[4180473344, 4180473600]
[4180474624, 4180475904]
[4180477440, 4180477696]
[4180478720, 4180480000]
[4180481536, 4180481792]
[4180482816, 4180484096]
[4180485632, 4180485888]
[4180486912, 4180488192]
[4180489728, 4180489984]
[4180491008, 4180492288]
[4180493824, 4180494080]
[4180495104, 4180496384]
[4180497920, 4180498176]
[4180499200, 4180500480]
[4180502016, 4180502272]
[4180503296, 4180504576]
[4180506112, 4180506368]
[4180507392, 4180508672]
[4180510208, 4180510464]
[4180511488, 4180512768]
[4180514304, 4180514560]
[4180515584, 4180516864]
[4180518400, 4180518656]
[4180519680, 4180520960]
[4180522496, 4180522752]
[4180523776, 4180525056]
[4180526592, 4180526848]
[4180527872, 4180529152]
[4180530688, 4180530944]
[4180531968, 4180533248]
[4180534784, 4180535040]
[4180536064, 4180537344]
[4180538880, 4180539136]
[4180540160, 4180541440]
[4180542976, 4180543232]
[4180544256, 4180545536]
[4180547072, 4180547328]
[4180548352, 4180549632]
[4180551168, 4180551424]
[4180552448, 4180553728]
[4180555264, 4180555520]
[4180556544, 4180557824]
[4180559360, 4180559616]
[4180560640, 4180561920]
[4180563456, 4180563712]
[4180564736, 4180566016]
[4180567552, 4180567808]
[4180568832, 4180570112]
[4180571648, 4180571904]
[4180572928, 4180574208]
[4180575744, 4180576000]
[4180577024, 4180578304]
[4180579840, 4180580096]
[4180581120, 4180582400]
[4180583936, 4180584192]
[4180585216, 4180586496]
[4180588032, 4180588288]
[4180589312, 4180590592]
[4180592128, 4180592384]
[4180593408, 4180594688]
[4180596224, 4180596480]
[4180597504, 4180598784]
[4180600320, 4180600576]
[4180601600, 4180602880]
[4180604416, 4180604672]
[4180605696, 4180606976]
[4180608512, 4180608768]
[4180609792, 4180611072]
[4180612608, 4180612864]
[4180613888, 4180615168]
[4180616704, 4180616960]
[4180617984, 4180619264]
[4180620800, 4180621056]
[4180622080, 4180623360]
[4180624896, 4180625152]
[4180626176, 4180627456]
[4180628992, 4180629248]
[4180630272, 4180631552]
[4180633088, 4180633344]
[4180634368, 4180635648]
[4180637184, 4180637440]
[4180638464, 4180639744]
[4180641280, 4180641536]
[4180642560, 4180643840]
[4180645376, 4180645632]
[4180646656, 4180647936]
[4180649472, 4180649728]
[4180650752, 4180652032]
[4180653568, 4180653824]
[4180654848, 4180656128]
[4180657664, 4180657920]
[4180658944, 4180660224]
[4180661760, 4180662016]
[4180663040, 4180664320]
[4180665856, 4180666112]
[4180667136, 4180668416]
[4180669952, 4180670208]
[4180671232, 4180672512]
[4180672576, 4180674816]
[4180675072, 4180675328]
[4180676672, 4180678912]
[4180679168, 4180679424]
[4180680768, 4180683008]
[4180683264, 4180683520]
[4180684864, 4180687104]
[4180687360, 4180687616]
[4180688960, 4180691200]
[4180691456, 4180691712]
[4180693056, 4180695296]
[4180695552, 4180695808]
[4180697152, 4180699392]
[4180699648, 4180699904]
[4180701248, 4180703488]
[4180703744, 4180704000]
[4180705344, 4180707584]
[4180707840, 4180708096]
[4180709440, 4180711680]
[4180711936, 4180712192]
[4180713536, 4180715776]
[4180716032, 4180716288]
[4180717632, 4180719872]
[4180720128, 4180720384]
[4180721728, 4180723968]
[4180724224, 4180724480]
[4180725824, 4180728064]
[4180728320, 4180728576]
[4180729920, 4180732160]
[4180732416, 4180732672]
[4180734016, 4180736256]
[4180736512, 4180736768]
[4180738112, 4180740352]
[4180740608, 4180740864]
[4180742208, 4180744448]
[4180744704, 4180744960]
[4180746304, 4180748544]
[4180748800, 4180749056]
[4180750400, 4180752640]
[4180752896, 4180753152]
[4180754496, 4180756736]
[4180756992, 4180757248]
[4180758592, 4180760832]
[4180761088, 4180761344]
[4180762688, 4180764928]
[4180765184, 4180765440]
[4180766784, 4180769024]
[4180769280, 4180769536]
[4180770880, 4180773120]
[4180773376, 4180773632]
[4180774976, 4180777216]
[4180777472, 4180777728]
[4180779072, 4180781312]
[4180781568, 4180781824]
[4180783168, 4180785408]
[4180785664, 4180785920]
[4180787264, 4180789504]
[4180789760, 4180790016]
[4180791360, 4180793600]
[4180793856, 4180794112]
[4180795456, 4180797696]
[4180797952, 4180798208]
[4180799552, 4180801792]
[4180802048, 4180802304]
[4180803648, 4180805888]
[4180806144, 4180806400]
[4180807744, 4180809984]
[4180810240, 4180810496]
[4180811840, 4180814080]
[4180814336, 4180814592]
[4180815936, 4180818176]
[4180818432, 4180818688]
[4180820032, 4180822272]
[4180822528, 4180822784]
[4180824128, 4180826368]
[4180826624, 4180826880]
[4180828224, 4180830464]
[4180830720, 4180830976]
[4180832320, 4180834560]
[4180834816, 4180835072]
[4180836416, 4180838656]
[4180838912, 4180839168]
[4180840512, 4180842752]
[4180843008, 4180843264]
[4180844608, 4180846848]
[4180847104, 4180847360]
[4180848704, 4180850944]
[4180851200, 4180851456]
[4180852800, 4180855040]
[4180855296, 4180855552]
[4180856896, 4180859136]
[4180859392, 4180859648]
[4180860992, 4180863232]
[4180863488, 4180863744]
[4180865088, 4180867328]
[4180867584, 4180867840]
[4180869184, 4180871424]
[4180871680, 4180871936]
[4180873280, 4180875520]
[4180875776, 4180876032]
[4180877376, 4180879616]
[4180879872, 4180880128]
[4180881472, 4180883712]
[4180883968, 4180884224]
[4180885568, 4180887808]
[4180888064, 4180888320]
[4180889664, 4180891904]
[4180892160, 4180892416]
[4180893760, 4180896000]
[4180896256, 4180896512]
[4180897856, 4180900096]
[4180900352, 4180900608]
[4180901952, 4180904192]
[4180904448, 4180904704]
[4180906048, 4180908288]
[4180908544, 4180908800]
[4180910144, 4180912384]
[4180912640, 4180912896]
[4180914240, 4180916480]
[4180916736, 4180916992]
[4180918336, 4180920576]
[4180920832, 4180921088]
[4180922432, 4180924672]
[4180924928, 4180925184]
[4180926528, 4180928768]
[4180929024, 4180929280]
[4180930624, 4180932864]
[4180933120, 4180933376]
[4180934720, 4180936960]
[4180937216, 4180937472]
[4180938816, 4180941056]
[4180941312, 4180941568]
[4180942912, 4180945152]
[4180945408, 4180945664]
[4180947008, 4180949248]
[4180949504, 4180949760]
[4180951104, 4180953344]
[4180953600, 4180953856]
[4180955200, 4180957440]
[4180957696, 4180957952]
[4180959296, 4180961536]
[4180961792, 4180962048]
[4180963392, 4180965632]
[4180965888, 4180966144]
[4180967488, 4180969728]
[4180969984, 4180970240]
[4180971584, 4180973824]
[4180974080, 4180974336]
[4180975680, 4180977920]
[4180978176, 4180978432]
[4180979776, 4180982016]
[4180982272, 4180982528]
[4180983872, 4180986112]
[4180986368, 4180986624]
[4180987968, 4180990208]
[4180990464, 4180990720]
[4180992064, 4180994304]
[4180994560, 4180994816]
[4180996160, 4180998400]
[4180998656, 4180998912]
[4181000256, 4181002496]
[4181002752, 4181003008]
[4181004352, 4181006592]
[4181006848, 4181007104]
[4181008448, 4181010688]
[4181010944, 4181011200]
[4181012544, 4181014784]
[4181015040, 4181015296]
[4181016640, 4181018880]
[4181019136, 4181019392]
[4181020736, 4181022976]
[4181023232, 4181023488]
[4181024832, 4181027072]
[4181027328, 4181027584]
[4181028928, 4181031168]
[4181031424, 4181031680]
[4181033024, 4181035264]
[4181035520, 4181035776]
[4181037120, 4181039360]
[4181039616, 4181039872]
[4181041216, 4181043456]
[4181043712, 4181043968]
[4181045312, 4181047552]
[4181047808, 4181048064]
[4181049408, 4181051648]
[4181051904, 4181052160]
[4181053504, 4181055744]
[4181056000, 4181056256]
[4181057600, 4181059840]
[4181060096, 4181060352]
[4181061696, 4181063936]
[4181064192, 4181064448]
[4181065792, 4181068032]
[4181068288, 4181068544]
[4181069888, 4181072128]
[4181072384, 4181072640]
[4181073984, 4181076224]
[4181076480, 4181076736]
[4181078080, 4181080320]
[4181080576, 4181080832]
[4181082176, 4181084416]
[4181084672, 4181084928]
[4181086272, 4181088512]
[4181088768, 4181089024]
[4181090368, 4181092608]
[4181092864, 4181093120]
[4181094464, 4181096704]
[4181096960, 4181097216]
[4181098560, 4181100800]
[4181101056, 4181101312]
[4181102656, 4181104896]
[4181105152, 4181105408]
[4181106752, 4181108992]
[4181109248, 4181109504]
[4181110848, 4181113088]
[4181113344, 4181113600]
[4181114944, 4181117184]
[4181117440, 4181117696]
[4181119040, 4181121280]
[4181121536, 4181121792]
[4181123136, 4181125376]
[4181125632, 4181125888]
[4181127232, 4181129472]
[4181129728, 4181129984]
[4181131328, 4181133568]
[4181133824, 4181134080]
[4181135424, 4181137664]
[4181137920, 4181138176]
[4181139520, 4181141760]
[4181142016, 4181142272]
[4181143616, 4181145856]
[4181146112, 4181146368]
[4181147712, 4181149952]
[4181150208, 4181150464]
[4181151808, 4181154048]
[4181154304, 4181154560]
[4181155904, 4181158144]
[4181158400, 4181158656]
[4181160000, 4181162240]
[4181162496, 4181162752]
[4181164096, 4181166336]
[4181166592, 4181166848]
[4181168192, 4181170432]
[4181170688, 4181170944]
[4181172288, 4181174528]
[4181174784, 4181175040]
[4181176384, 4181178624]
[4181178880, 4181179136]
[4181180480, 4181182720]
[4181182976, 4181183232]
[4181184576, 4181186816]
[4181187072, 4181187328]
[4181188672, 4181190912]
[4181191168, 4181191424]
[4181192768, 4181195008]
[4181195264, 4181195520]
[4181196864, 4181199104]
[4181199360, 4181199616]
[4181200960, 4181203200]
[4181203456, 4181203712]
[4181205056, 4181207296]
[4181207552, 4181207808]
[4181209152, 4181211392]
[4181211648, 4181211904]
[4181213248, 4181215488]
[4181215744, 4181216000]
[4181217344, 4181219584]
[4181219840, 4181220096]
[4181221440, 4181223680]
[4181223936, 4181224192]
[4181225536, 4181227776]
[4181228032, 4181228288]
[4181229632, 4181231872]
[4181232128, 4181232384]
[4181233728, 4181235968]
[4181236224, 4181236480]
[4181237824, 4181240064]
[4181240320, 4181240576]
[4181241920, 4181244160]
[4181244416, 4181244672]
[4181246016, 4181248256]
[4181248512, 4181248768]
[4181250112, 4181252352]
[4181252608, 4181252864]
[4181254208, 4181256448]
[4181256704, 4181256960]
[4181258304, 4181260544]
[4181260800, 4181261056]
[4181262400, 4181264640]
[4181264896, 4181265152]
[4181266496, 4181268736]
[4181268992, 4181269248]
[4181270592, 4181272832]
[4181273088, 4181273344]
[4181274688, 4181276928]
[4181277184, 4181277440]
[4181278784, 4181281024]
[4181281280, 4181281536]
[4181282880, 4181285120]
[4181285376, 4181285632]
[4181286976, 4181289216]
[4181289472, 4181289728]
[4181291072, 4181293312]
[4181293568, 4181293824]
[4181295168, 4181297408]
[4181297664, 4181297920]
[4181299264, 4181301504]
[4181301760, 4181302016]
[4181303360, 4181305600]
[4181305856, 4181306112]
[4181307456, 4181309696]
[4181309952, 4181310208]
[4181311552, 4181313792]
[4181314048, 4181314304]
[4181315648, 4181317888]
[4181318144, 4181318400]
[4181319744, 4181321984]
[4181322240, 4181322496]
[4181323840, 4181326080]
[4181326336, 4181326592]
[4181327936, 4181330176]
[4181330432, 4181330688]
[4181332032, 4181334272]
[4181334528, 4181334784]
[4181336128, 4181338368]
[4181338624, 4181338880]
[4181340224, 4181342464]
[4181342720, 4181342976]
[4181344320, 4181346560]
[4181346816, 4181347072]
[4181348416, 4181350656]
[4181350912, 4181351168]
[4181352512, 4181354752]
[4181355008, 4181355264]
[4181356608, 4181358848]
[4181359104, 4181359360]
[4181360704, 4181362944]
[4181363200, 4181363456]
[4181364800, 4181367040]
[4181367296, 4181367552]
[4181368896, 4181371136]
[4181371392, 4181371648]
[4181372992, 4181375232]
[4181375488, 4181375744]
[4181377088, 4181379328]
[4181379584, 4181379840]
[4181381184, 4181383424]
[4181383680, 4181383936]
[4181385280, 4181387520]
[4181387776, 4181388032]
[4181389376, 4181391616]
[4181391872, 4181392128]
[4181393472, 4181395712]
[4181395968, 4181396224]
[4181397568, 4181399808]
[4181400064, 4181400320]
[4181401664, 4181403904]
[4181404160, 4181404416]
[4181405760, 4181408000]
[4181408256, 4181408512]
[4181409856, 4181412096]
[4181412352, 4181412608]
[4181413952, 4181416192]
[4181416448, 4181416704]
[4181418048, 4181420288]
[4181420544, 4181420800]
[4181422144, 4181424384]
[4181424640, 4181424896]
[4181426240, 4181428480]
[4181428736, 4181428992]
[4181430336, 4181432576]
[4181432832, 4181433088]
[4181434432, 4181436672]
[4181436928, 4181437184]
[4181438528, 4181440768]
[4181441024, 4181441280]
[4181442624, 4181444864]
[4181445120, 4181445376]
[4181446720, 4181448960]
[4181449216, 4181449472]
[4181450816, 4181453056]
[4181453312, 4181453568]
[4181454912, 4181457152]
[4181457408, 4181457664]
[4181459008, 4181461248]
[4181461504, 4181461760]
[4181463104, 4181465344]
[4181465600, 4181465856]
[4181467200, 4181469440]
[4181469696, 4181469952]
[4181471296, 4181473536]
[4181473792, 4181474048]
[4181475392, 4181477632]
[4181477888, 4181478144]
[4181479488, 4181481728]
[4181481984, 4181482240]
[4181483584, 4181485824]
[4181486080, 4181486336]
[4181487680, 4181489920]
[4181490176, 4181490432]
[4181491776, 4181494016]
[4181494272, 4181494528]
[4181495872, 4181498112]
[4181498368, 4181498624]
[4181499968, 4181502208]
[4181502464, 4181502720]
[4181504064, 4181506304]
[4181506560, 4181506816]
[4181508160, 4181510400]
[4181510656, 4181510912]
[4181512256, 4181514496]
[4181514752, 4181515008]
[4181516352, 4181518592]
[4181518848, 4181519104]
[4181520448, 4181522688]
[4181522944, 4181523200]
[4181524544, 4181526784]
[4181527040, 4181527296]
[4181528640, 4181530880]
[4181531136, 4181531392]
[4181532736, 4181534976]
[4181535232, 4181535488]
[4181536832, 4181539072]
[4181539328, 4181539584]
[4181540928, 4181543168]
[4181543424, 4181543680]
[4181545024, 4181547264]
[4181547520, 4181547776]
[4181549120, 4181551360]
[4181551616, 4181551872]
[4181553216, 4181555456]
[4181555712, 4181555968]
[4181557312, 4181559552]
[4181559808, 4181560064]
[4181561408, 4181563648]
[4181563904, 4181564160]
[4181565504, 4181567744]
[4181568000, 4181568256]
[4181569600, 4181571840]
[4181572096, 4181572352]
[4181573696, 4181575936]
[4181576192, 4181576448]
[4181577792, 4181580032]
[4181580288, 4181580544]
[4181581888, 4181584128]
[4181584384, 4181584640]
[4181585984, 4181588224]
[4181588480, 4181588736]
[4181590080, 4181592320]
[4181592576, 4181592832]
[4181594176, 4181596416]
[4181596672, 4181596928]
[4181598272, 4181600512]
[4181600768, 4181601024]
[4181602368, 4181604608]
[4181604864, 4181605120]
[4181606464, 4181608704]
[4181608960, 4181609216]
[4181610560, 4181612800]
[4181613056, 4181613312]
[4181614656, 4181616896]
[4181617152, 4181617408]
[4181618752, 4181620992]
[4181621248, 4181621504]
[4181622848, 4181625088]
[4181625344, 4181625600]
[4181626944, 4181629184]
[4181629440, 4181629696]
[4181631040, 4181633280]
[4181633536, 4181633792]
[4181635136, 4181637376]
[4181637632, 4181637888]
[4181639232, 4181641472]
[4181641728, 4181641984]
[4181643328, 4181645568]
[4181645824, 4181646080]
[4181647424, 4181649664]
[4181649920, 4181650176]
[4181651520, 4181653760]
[4181654016, 4181654272]
[4181723904, 4181725184]
[4181728000, 4181729280]
[4181732096, 4181733376]
[4181736192, 4181737472]
[4181740288, 4181741568]
[4181744384, 4181745664]
[4181748480, 4181749760]
[4181752576, 4181753856]
[4181756672, 4181757952]
[4181760768, 4181762048]
[4181764864, 4181766144]
[4181768960, 4181770240]
[4181773056, 4181774336]
[4181777152, 4181778432]
[4181781248, 4181782528]
[4181785344, 4181786624]
[4181789440, 4181790720]
[4181793536, 4181794816]
[4181797632, 4181798912]
[4181801728, 4181803008]
[4181805824, 4181807104]
[4181809920, 4181811200]
[4181814016, 4181815296]
[4181818112, 4181819392]
[4181822208, 4181823488]
[4181826304, 4181827584]
[4181830400, 4181831680]
[4181834496, 4181835776]
[4181838592, 4181839872]
[4181842688, 4181843968]
[4181846784, 4181848064]
[4181850880, 4181852160]
[4181854976, 4181856256]
[4181859072, 4181860352]
[4181863168, 4181864448]
[4181867264, 4181868544]
[4181871360, 4181872640]
[4181875456, 4181876736]
[4181879552, 4181880832]
[4181883648, 4181884928]
[4181887744, 4181889024]
[4181891840, 4181893120]
[4181895936, 4181897216]
[4181900032, 4181901312]
[4181904128, 4181905408]
[4181908224, 4181909504]
[4181912320, 4181913600]
[4181916416, 4181917696]
[4181920512, 4181921792]
[4181924608, 4181925888]
[4181928704, 4181929984]
[4181932800, 4181934080]
[4181936896, 4181938176]
[4181940992, 4181942272]
[4181945088, 4181946368]
[4181949184, 4181950464]
[4181953280, 4181954560]
[4181957376, 4181958656]
[4181961472, 4181962752]
[4181965568, 4181966848]
[4181969664, 4181970944]
[4181973760, 4181975040]
[4181977856, 4181979136]
[4181981952, 4181983232]
[4181986048, 4181987328]
[4181990144, 4181991424]
[4181994240, 4181995520]
[4181998336, 4181999616]
[4182002432, 4182003712]
[4182006528, 4182007808]
[4182010624, 4182011904]
[4182014720, 4182016000]
[4182018816, 4182020096]
[4182022912, 4182024192]
[4182027008, 4182028288]
[4182031104, 4182032384]
[4182035200, 4182036480]
[4182039296, 4182040576]
[4182043392, 4182044672]
[4182047488, 4182048768]
[4182051584, 4182052864]
[4182055680, 4182056960]
[4182059776, 4182061056]
[4182063872, 4182065152]
[4182067968, 4182069248]
[4182072064, 4182073344]
[4182076160, 4182077440]
[4182080256, 4182081536]
[4182084352, 4182085632]
[4182088448, 4182089728]
[4182092544, 4182093824]
[4182096640, 4182097920]
[4182100736, 4182102016]
[4182104832, 4182106112]
[4182108928, 4182110208]
[4182113024, 4182114304]
[4182117120, 4182118400]
[4182121216, 4182122496]
[4182125312, 4182126592]
[4182129408, 4182130688]
[4182133504, 4182134784]
[4182137600, 4182138880]
[4182141696, 4182142976]
[4182145792, 4182147072]
[4182149888, 4182151168]
[4182153984, 4182155264]
[4182158080, 4182159360]
[4182162176, 4182163456]
[4182166272, 4182167552]
[4182170368, 4182171648]
[4182174464, 4182175744]
[4182178560, 4182179840]
[4182182656, 4182183936]
[4182186752, 4182188032]
[4182190848, 4182192128]
[4182194944, 4182196224]
[4182199040, 4182200320]
[4182203136, 4182204416]
[4182207232, 4182208512]
[4182211328, 4182212608]
[4182215424, 4182216704]
[4182219520, 4182220800]
[4182223616, 4182224896]
[4182227712, 4182228992]
[4182231808, 4182233088]
[4182235904, 4182237184]
[4182240000, 4182241280]
[4182244096, 4182245376]
[4182248192, 4182249472]
[4182252288, 4182253568]
[4182256384, 4182257664]
[4182260480, 4182261760]
[4182264576, 4182265856]
[4182268672, 4182269952]
[4182272768, 4182274048]
[4182276864, 4182278144]
[4182280960, 4182282240]
[4182285056, 4182286336]
[4182289152, 4182290432]
[4182293248, 4182294528]
[4182297344, 4182298624]
[4182301440, 4182302720]
[4182305536, 4182306816]
[4182309632, 4182310912]
[4182313728, 4182315008]
[4182317824, 4182319104]
[4182321920, 4182323200]
[4182326016, 4182327296]
[4182330112, 4182331392]
[4182334208, 4182335488]
[4182338304, 4182339584]
[4182342400, 4182343680]
[4182346496, 4182347776]
[4182350592, 4182351872]
[4182354688, 4182355968]
[4182358784, 4182360064]
[4182362880, 4182364160]
[4182366976, 4182368256]
[4182371072, 4182372352]
[4182375168, 4182376448]
[4182379264, 4182380544]
[4182383360, 4182384640]
[4182387456, 4182388736]
[4182391552, 4182392832]
[4182395648, 4182396928]
[4182399744, 4182401024]
[4182403840, 4182405120]
[4182407936, 4182409216]
[4182412032, 4182413312]
[4182416128, 4182417408]
[4182420224, 4182421504]
[4182424320, 4182425600]
[4182428416, 4182429696]
[4182432512, 4182433792]
[4182436608, 4182437888]
[4182440704, 4182441984]
[4182444800, 4182446080]
[4182448896, 4182450176]
[4182452992, 4182454272]
[4182457088, 4182458368]
[4182461184, 4182462464]
[4182465280, 4182466560]
[4182469376, 4182470656]
[4182473472, 4182474752]
[4182477568, 4182478848]
[4182481664, 4182482944]
[4182485760, 4182487040]
[4182489856, 4182491136]
[4182493952, 4182495232]
[4182498048, 4182499328]
[4182502144, 4182503424]
[4182506240, 4182507520]
[4182510336, 4182511616]
[4182514432, 4182515712]
[4182518528, 4182519808]
[4182522624, 4182523904]
[4182526720, 4182528000]
[4182530816, 4182532096]
[4182534912, 4182536192]
[4182539008, 4182540288]
[4182543104, 4182544384]
[4182547200, 4182548480]
[4182551296, 4182552576]
[4182555392, 4182556672]
[4182559488, 4182560768]
[4182563584, 4182564864]
[4182567680, 4182568960]
[4182571776, 4182573056]
[4182575872, 4182577152]
[4182579968, 4182581248]
[4182584064, 4182585344]
[4182588160, 4182589440]
[4182592256, 4182593536]
[4182596352, 4182597632]
[4182600448, 4182601728]
[4182604544, 4182605824]
[4182608640, 4182609920]
[4182612736, 4182614016]
[4182616832, 4182618112]
[4182620928, 4182622208]
[4182625024, 4182626304]
[4182629120, 4182630400]
[4182633216, 4182634496]
[4182637312, 4182638592]
[4182641408, 4182642688]
[4182645504, 4182646784]
[4182649600, 4182650880]
[4182653696, 4182654976]
[4182657792, 4182659072]
[4182661888, 4182663168]
[4182665984, 4182667264]
[4182670080, 4182671360]
[4182674176, 4182675456]
[4182678272, 4182679552]
[4182682368, 4182683648]
[4182686464, 4182687744]
[4182690560, 4182691840]
[4182694656, 4182695936]
[4182698752, 4182700032]
[4182702848, 4182704128]
[4182706944, 4182708224]
[4182711040, 4182712320]
[4182715136, 4182716416]
[4182719232, 4182720512]
[4182723328, 4182724608]
[4182727424, 4182728704]
[4182731520, 4182732800]
[4182735616, 4182736896]
[4182739712, 4182740992]
[4182743808, 4182745088]
[4182747904, 4182749184]
[4182752000, 4182753280]
[4182756096, 4182757376]
[4182760192, 4182761472]
[4182764288, 4182765568]
[4182768384, 4183818240]
[4183819776, 4183820032]
[4183821056, 4183822336]
[4183823872, 4183824128]
[4183825152, 4183826432]
[4183827968, 4183828224]
[4183829248, 4183830528]
[4183832064, 4183832320]
[4183833344, 4183834624]
[4183836160, 4183836416]
[4183837440, 4183838720]
[4183840256, 4183840512]
[4183841536, 4183842816]
[4183844352, 4183844608]
[4183845632, 4183846912]
[4183848448, 4183848704]
[4183849728, 4183851008]
[4183852544, 4183852800]
[4183853824, 4183855104]
[4183856640, 4183856896]
[4183857920, 4183859200]
[4183860736, 4183860992]
[4183862016, 4183863296]
[4183864832, 4183865088]
[4183866112, 4183867392]
[4183868928, 4183869184]
[4183870208, 4183871488]
[4183873024, 4183873280]
[4183874304, 4183875584]
[4183877120, 4183877376]
[4183878400, 4183879680]
[4183881216, 4183881472]
[4183882496, 4183883776]
[4183885312, 4183885568]
[4183886592, 4183887872]
[4183889408, 4183889664]
[4183890688, 4183891968]
[4183893504, 4183893760]
[4183894784, 4183896064]
[4183897600, 4183897856]
[4183898880, 4183900160]
[4183901696, 4183901952]
[4183902976, 4183904256]
[4183905792, 4183906048]
[4183907072, 4183908352]
[4183909888, 4183910144]
[4183911168, 4183912448]
[4183913984, 4183914240]
[4183915264, 4183916544]
[4183918080, 4183918336]
[4183919360, 4183920640]
[4183922176, 4183922432]
[4183923456, 4183924736]
[4183926272, 4183926528]
[4183927552, 4183928832]
[4183930368, 4183930624]
[4183931648, 4183932928]
[4183934464, 4183934720]
[4183935744, 4183937024]
[4183938560, 4183938816]
[4183939840, 4183941120]
[4183942656, 4183942912]
[4183943936, 4183945216]
[4183946752, 4183947008]
[4183948032, 4183949312]
[4183950848, 4183951104]
[4183952128, 4183953408]
[4183954944, 4183955200]
[4183956224, 4183957504]
[4183959040, 4183959296]
[4183960320, 4183961600]
[4183963136, 4183963392]
[4183964416, 4183965696]
[4183967232, 4183967488]
[4183968512, 4183969792]
[4183971328, 4183971584]
[4183972608, 4183973888]
[4183975424, 4183975680]
[4183976704, 4183977984]
[4183979520, 4183979776]
[4183980800, 4183982080]
[4183983616, 4183983872]
[4183984896, 4183986176]
[4183987712, 4183987968]
[4183988992, 4183990272]
[4183991808, 4183992064]
[4183993088, 4183994368]
[4183995904, 4183996160]
[4183997184, 4183998464]
[4184000000, 4184000256]
[4184001280, 4184002560]
[4184004096, 4184004352]
[4184005376, 4184006656]
[4184008192, 4184008448]
[4184009472, 4184010752]
[4184012288, 4184012544]
[4184013568, 4184014848]
[4184016384, 4184016640]
[4184017664, 4184018944]
[4184020480, 4184020736]
[4184021760, 4184023040]
[4184024576, 4184024832]
[4184025856, 4184027136]
[4184028672, 4184028928]
[4184029952, 4184031232]
[4184032768, 4184033024]
[4184034048, 4184035328]
[4184036864, 4184037120]
[4184038144, 4184039424]
[4184040960, 4184041216]
[4184042240, 4184043520]
[4184045056, 4184045312]
[4184046336, 4184047616]
[4184049152, 4184049408]
[4184050432, 4184051712]
[4184053248, 4184053504]
[4184054528, 4184055808]
[4184057344, 4184057600]
[4184058624, 4184059904]
[4184061440, 4184061696]
[4184062720, 4184064000]
[4184065536, 4184065792]
[4184066816, 4184068096]
[4184069632, 4184069888]
[4184070912, 4184072192]
[4184073728, 4184073984]
[4184075008, 4184076288]
[4184077824, 4184078080]
[4184079104, 4184080384]
[4184081920, 4184082176]
[4184083200, 4184084480]
[4184086016, 4184086272]
[4184087296, 4184088576]
[4184090112, 4184090368]
[4184091392, 4184092672]
[4184094208, 4184094464]
[4184095488, 4184096768]
[4184098304, 4184098560]
[4184099584, 4184100864]
[4184102400, 4184102656]
[4184103680, 4184104960]
[4184106496, 4184106752]
[4184107776, 4184109056]
[4184110592, 4184110848]
[4184111872, 4184113152]
[4184114688, 4184114944]
[4184115968, 4184117248]
[4184118784, 4184119040]
[4184120064, 4184121344]
[4184122880, 4184123136]
[4184124160, 4184125440]
[4184126976, 4184127232]
[4184128256, 4184129536]
[4184131072, 4184131328]
[4184132352, 4184133632]
[4184135168, 4184135424]
[4184136448, 4184137728]
[4184139264, 4184139520]
[4184140544, 4184141824]
[4184143360, 4184143616]
[4184144640, 4184145920]
[4184147456, 4184147712]
[4184148736, 4184150016]
[4184151552, 4184151808]
[4184152832, 4184154112]
[4184155648, 4184155904]
[4184156928, 4184158208]
[4184159744, 4184160000]
[4184161024, 4184162304]
[4184163840, 4184164096]
[4184165120, 4184166400]
[4184167936, 4184168192]
[4184169216, 4184170496]
[4184172032, 4184172288]
[4184173312, 4184174592]
[4184176128, 4184176384]
[4184177408, 4184178688]
[4184180224, 4184180480]
[4184181504, 4184182784]
[4184184320, 4184184576]
[4184185600, 4184186880]
[4184188416, 4184188672]
[4184189696, 4184190976]
[4184192512, 4184192768]
[4184193792, 4184195072]
[4184196608, 4184196864]
[4184197888, 4184199168]
[4184200704, 4184200960]
[4184201984, 4184203264]
[4184204800, 4184205056]
[4184206080, 4184207360]
[4184208896, 4184209152]
[4184210176, 4184211456]
[4184212992, 4184213248]
[4184214272, 4184215552]
[4184217088, 4184217344]
[4184218368, 4184219648]
[4184221184, 4184221440]
[4184222464, 4184223744]
[4184225280, 4184225536]
[4184226560, 4184227840]
[4184229376, 4184229632]
[4184230656, 4184231936]
[4184233472, 4184233728]
[4184234752, 4184236032]
[4184237568, 4184237824]
[4184238848, 4184240128]
[4184241664, 4184241920]
[4184242944, 4184244224]
[4184245760, 4184246016]
[4184247040, 4184248320]
[4184249856, 4184250112]
[4184251136, 4184252416]
[4184253952, 4184254208]
[4184255232, 4184256512]
[4184258048, 4184258304]
[4184259328, 4184260608]
[4184262144, 4184262400]
[4184263424, 4184264704]
[4184266240, 4184266496]
[4184267520, 4184268800]
[4184270336, 4184270592]
[4184271616, 4184272896]
[4184274432, 4184274688]
[4184275712, 4184276992]
[4184278528, 4184278784]
[4184279808, 4184281088]
[4184282624, 4184282880]
[4184283904, 4184285184]
[4184286720, 4184286976]
[4184288000, 4184289280]
[4184290816, 4184291072]
[4184292096, 4184293376]
[4184294912, 4184295168]
[4184296192, 4184297472]
[4184299008, 4184299264]
[4184300288, 4184301568]
[4184303104, 4184303360]
[4184304384, 4184305664]
[4184307200, 4184307456]
[4184308480, 4184309760]
[4184311296, 4184311552]
[4184312576, 4184313856]
[4184315392, 4184315648]
[4184316672, 4184317952]
[4184319488, 4184319744]
[4184320768, 4184322048]
[4184323584, 4184323840]
[4184324864, 4184326144]
[4184327680, 4184327936]
[4184328960, 4184330240]
[4184331776, 4184332032]
[4184333056, 4184334336]
[4184335872, 4184336128]
[4184337152, 4184338432]
[4184339968, 4184340224]
[4184341248, 4184342528]
[4184344064, 4184344320]
[4184345344, 4184346624]
[4184348160, 4184348416]
[4184349440, 4184350720]
[4184352256, 4184352512]
[4184353536, 4184354816]
[4184356352, 4184356608]
[4184357632, 4184358912]
[4184360448, 4184360704]
[4184361728, 4184363008]
[4184364544, 4184364800]
[4184365824, 4184367104]
[4184368640, 4184368896]
[4184369920, 4184371200]
[4184372736, 4184372992]
[4184374016, 4184375296]
[4184376832, 4184377088]
[4184378112, 4184379392]
[4184380928, 4184381184]
[4184382208, 4184383488]
[4184385024, 4184385280]
[4184386304, 4184387584]
[4184389120, 4184389376]
[4184390400, 4184391680]
[4184393216, 4184393472]
[4184394496, 4184395776]
[4184397312, 4184397568]
[4184398592, 4184399872]
[4184401408, 4184401664]
[4184402688, 4184403968]
[4184405504, 4184405760]
[4184406784, 4184408064]
[4184409600, 4184409856]
[4184410880, 4184412160]
[4184413696, 4184413952]
[4184414976, 4184416256]
[4184417792, 4184418048]
[4184419072, 4184420352]
[4184421888, 4184422144]
[4184423168, 4184424448]
[4184425984, 4184426240]
[4184427264, 4184428544]
[4184430080, 4184430336]
[4184431360, 4184432640]
[4184434176, 4184434432]
[4184435456, 4184436736]
[4184438272, 4184438528]
[4184439552, 4184440832]
[4184442368, 4184442624]
[4184443648, 4184444928]
[4184446464, 4184446720]
[4184447744, 4184449024]
[4184450560, 4184450816]
[4184451840, 4184453120]
[4184454656, 4184454912]
[4184455936, 4184457216]
[4184458752, 4184459008]
[4184460032, 4184461312]
[4184462848, 4184463104]
[4184464128, 4184465408]
[4184466944, 4184467200]
[4184468224, 4184469504]
[4184471040, 4184471296]
[4184472320, 4184473600]
[4184475136, 4184475392]
[4184476416, 4184477696]
[4184479232, 4184479488]
[4184480512, 4184481792]
[4184483328, 4184483584]
[4184484608, 4184485888]
[4184487424, 4184487680]
[4184488704, 4184489984]
[4184491520, 4184491776]
[4184492800, 4184494080]
[4184495616, 4184495872]
[4184496896, 4184498176]
[4184499712, 4184499968]
[4184500992, 4184502272]
[4184503808, 4184504064]
[4184505088, 4184506368]
[4184507904, 4184508160]
[4184509184, 4184510464]
[4184512000, 4184512256]
[4184513280, 4184514560]
[4184516096, 4184516352]
[4184517376, 4184518656]
[4184520192, 4184520448]
[4184521472, 4184522752]
[4184524288, 4184524544]
[4184525568, 4184526848]
[4184528384, 4184528640]
[4184529664, 4184530944]
[4184532480, 4184532736]
[4184533760, 4184535040]
[4184536576, 4184536832]
[4184537856, 4184539136]
[4184540672, 4184540928]
[4184541952, 4184543232]
[4184544768, 4184545024]
[4184546048, 4184547328]
[4184548864, 4184549120]
[4184550144, 4184551424]
[4184552960, 4184553216]
[4184554240, 4184555520]
[4184557056, 4184557312]
[4184558336, 4184559616]
[4184561152, 4184561408]
[4184562432, 4184563712]
[4184565248, 4184565504]
[4184566528, 4184567808]
[4184569344, 4184569600]
[4184570624, 4184571904]
[4184573440, 4184573696]
[4184574720, 4184576000]
[4184577536, 4184577792]
[4184578816, 4184580096]
[4184581632, 4184581888]
[4184582912, 4184584192]
[4184585728, 4184585984]
[4184587008, 4184588288]
[4184589824, 4184590080]
[4184591104, 4184592384]
[4184593920, 4184594176]
[4184595200, 4184596480]
[4184598016, 4184598272]
[4184599296, 4184600576]
[4184602112, 4184602368]
[4184603392, 4184604672]
[4184606208, 4184606464]
[4184607488, 4184608768]
[4184610304, 4184610560]
[4184611584, 4184612864]
[4184614400, 4184614656]
[4184615680, 4184616960]
[4184618496, 4184618752]
[4184619776, 4184621056]
[4184622592, 4184622848]
[4184623872, 4184625152]
[4184626688, 4184626944]
[4184627968, 4184629248]
[4184630784, 4184631040]
[4184632064, 4184633344]
[4184634880, 4184635136]
[4184636160, 4184637440]
[4184638976, 4184639232]
[4184640256, 4184641536]
[4184643072, 4184643328]
[4184644352, 4184645632]
[4184647168, 4184647424]
[4184648448, 4184649728]
[4184651264, 4184651520]
[4184652544, 4184653824]
[4184655360, 4184655616]
[4184656640, 4184657920]
[4184659456, 4184659712]
[4184660736, 4184662016]
[4184663552, 4184663808]
[4184664832, 4184666112]
[4184667648, 4184667904]
[4184668928, 4184670208]
[4184671744, 4184672000]
[4184673024, 4184674304]
[4184675840, 4184676096]
[4184677120, 4184678400]
[4184679936, 4184680192]
[4184681216, 4184682496]
[4184684032, 4184684288]
[4184685312, 4184686592]
[4184688128, 4184688384]
[4184689408, 4184690688]
[4184692224, 4184692480]
[4184693504, 4184694784]
[4184696320, 4184696576]
[4184697600, 4184698880]
[4184700416, 4184700672]
[4184701696, 4184702976]
[4184704512, 4184704768]
[4184705792, 4184707072]
[4184708608, 4184708864]
[4184709888, 4184711168]
[4184712704, 4184712960]
[4184713984, 4184715264]
[4184716800, 4184717056]
[4184718080, 4184719360]
[4184720896, 4184721152]
[4184722176, 4184723456]
[4184724992, 4184725248]
[4184726272, 4184727552]
[4184729088, 4184729344]
[4184730368, 4184731648]
[4184733184, 4184733440]
[4184734464, 4184735744]
[4184737280, 4184737536]
[4184738560, 4184739840]
[4184741376, 4184741632]
[4184742656, 4184743936]
[4184745472, 4184745728]
[4184746752, 4184748032]
[4184749568, 4184749824]
[4184750848, 4184752128]
[4184753664, 4184753920]
[4184754944, 4184756224]
[4184757760, 4184758016]
[4184759040, 4184760320]
[4184761856, 4184762112]
[4184763136, 4184764416]
[4184765952, 4184766208]
[4184767232, 4184768512]
[4184770048, 4184770304]
[4184771328, 4184772608]
[4184774144, 4184774400]
[4184775424, 4184776704]
[4184778240, 4184778496]
[4184779520, 4184780800]
[4184782336, 4184782592]
[4184783616, 4184784896]
[4184786432, 4184786688]
[4184787712, 4184788992]
[4184790528, 4184790784]
[4184791808, 4184793088]
[4184794624, 4184794880]
[4184795904, 4184797184]
[4184798720, 4184798976]
[4184800000, 4184801280]
[4184802816, 4184803072]
[4184804096, 4184805376]
[4184806912, 4184807168]
[4184808192, 4184809472]
[4184811008, 4184811264]
[4184812288, 4184813568]
[4184815104, 4184815360]
[4184816384, 4184817664]
[4184819200, 4184819456]
[4184820480, 4184821760]
[4184823296, 4184823552]
[4184824576, 4184825856]
[4184827392, 4184827648]
[4184828672, 4184829952]
[4184831488, 4184831744]
[4184832768, 4184834048]
[4184835584, 4184835840]
[4184836864, 4184838144]
[4184839680, 4184839936]
[4184840960, 4184842240]
[4184843776, 4184844032]
[4184845056, 4184846336]
[4184847872, 4184848128]
[4184849152, 4184850432]
[4184851968, 4184852224]
[4184853248, 4184854528]
[4184856064, 4184856320]
[4184857344, 4184858624]
[4184860160, 4184860416]
[4184861440, 4184862720]
[4184864256, 4184864512]
[4184865536, 4185915392]
[4185918464, 4185919488]
[4185922560, 4185923584]
[4185926656, 4185927680]
[4185930752, 4185931776]
[4185934848, 4185935872]
[4185938944, 4185939968]
[4185943040, 4185944064]
[4185947136, 4185948160]
[4185951232, 4185952256]
[4185955328, 4185956352]
[4185959424, 4185960448]
[4185963520, 4185964544]
[4185967616, 4185968640]
[4185971712, 4185972736]
[4185975808, 4185976832]
[4185979904, 4185980928]
[4185984000, 4185985024]
[4185988096, 4185989120]
[4185992192, 4185993216]
[4185996288, 4185997312]
[4186000384, 4186001408]
[4186004480, 4186005504]
[4186008576, 4186009600]
[4186012672, 4186013696]
[4186016768, 4186017792]
[4186020864, 4186021888]
[4186024960, 4186025984]
[4186029056, 4186030080]
[4186033152, 4186034176]
[4186037248, 4186038272]
[4186041344, 4186042368]
[4186045440, 4186046464]
[4186049536, 4186050560]
[4186053632, 4186054656]
[4186057728, 4186058752]
[4186061824, 4186062848]
[4186065920, 4186066944]
[4186070016, 4186071040]
[4186074112, 4186075136]
[4186078208, 4186079232]
[4186082304, 4186083328]
[4186086400, 4186087424]
[4186090496, 4186091520]
[4186094592, 4186095616]
[4186098688, 4186099712]
[4186102784, 4186103808]
[4186106880, 4186107904]
[4186110976, 4186112000]
[4186115072, 4186116096]
[4186119168, 4186120192]
[4186123264, 4186124288]
[4186127360, 4186128384]
[4186131456, 4186132480]
[4186135552, 4186136576]
[4186139648, 4186140672]
[4186143744, 4186144768]
[4186147840, 4186148864]
[4186151936, 4186152960]
[4186156032, 4186157056]
[4186160128, 4186161152]
[4186164224, 4186165248]
[4186168320, 4186169344]
[4186172416, 4186173440]
[4186176512, 4186177536]
[4186180608, 4186181632]
[4186184704, 4186185728]
[4186188800, 4186189824]
[4186192896, 4186193920]
[4186196992, 4186198016]
[4186201088, 4186202112]
[4186205184, 4186206208]
[4186209280, 4186210304]
[4186213376, 4186214400]
[4186217472, 4186218496]
[4186221568, 4186222592]
[4186225664, 4186226688]
[4186229760, 4186230784]
[4186233856, 4186234880]
[4186237952, 4186238976]
[4186242048, 4186243072]
[4186246144, 4186247168]
[4186250240, 4186251264]
[4186254336, 4186255360]
[4186258432, 4186259456]
[4186262528, 4186263552]
[4186266624, 4186267648]
[4186270720, 4186271744]
[4186274816, 4186275840]
[4186278912, 4186279936]
[4186283008, 4186284032]
[4186287104, 4186288128]
[4186291200, 4186292224]
[4186295296, 4186296320]
[4186299392, 4186300416]
[4186303488, 4186304512]
[4186307584, 4186308608]
[4186311680, 4186312704]
[4186315776, 4186316800]
[4186319872, 4186320896]
[4186323968, 4186324992]
[4186328064, 4186329088]
[4186332160, 4186333184]
[4186336256, 4186337280]
[4186340352, 4186341376]
[4186344448, 4186345472]
[4186348544, 4186349568]
[4186352640, 4186353664]
[4186356736, 4186357760]
[4186360832, 4186361856]
[4186364928, 4186365952]
[4186369024, 4186370048]
[4186373120, 4186374144]
[4186377216, 4186378240]
[4186381312, 4186382336]
[4186385408, 4186386432]
[4186389504, 4186390528]
[4186393600, 4186394624]
[4186397696, 4186398720]
[4186401792, 4186402816]
[4186405888, 4186406912]
[4186409984, 4186411008]
[4186414080, 4186415104]
[4186418176, 4186419200]
[4186422272, 4186423296]
[4186426368, 4186427392]
[4186430464, 4186431488]
[4186434560, 4186435584]
[4186438656, 4186439680]
[4186442752, 4186443776]
[4186446848, 4186447872]
[4186450944, 4186451968]
[4186455040, 4186456064]
[4186459136, 4186460160]
[4186463232, 4186464256]
[4186467328, 4186468352]
[4186471424, 4186472448]
[4186475520, 4186476544]
[4186479616, 4186480640]
[4186483712, 4186484736]
[4186487808, 4186488832]
[4186491904, 4186492928]
[4186496000, 4186497024]
[4186500096, 4186501120]
[4186504192, 4186505216]
[4186508288, 4186509312]
[4186512384, 4186513408]
[4186516480, 4186517504]
[4186520576, 4186521600]
[4186524672, 4186525696]
[4186528768, 4186529792]
[4186532864, 4186533888]
[4186536960, 4186537984]
[4186541056, 4186542080]
[4186545152, 4186546176]
[4186549248, 4186550272]
[4186553344, 4186554368]
[4186557440, 4186558464]
[4186561536, 4186562560]
[4186565632, 4186566656]
[4186569728, 4186570752]
[4186573824, 4186574848]
[4186577920, 4186578944]
[4186582016, 4186583040]
[4186586112, 4186587136]
[4186590208, 4186591232]
[4186594304, 4186595328]
[4186598400, 4186599424]
[4186602496, 4186603520]
[4186606592, 4186607616]
[4186610688, 4186611712]
[4186614784, 4186615808]
[4186618880, 4186619904]
[4186622976, 4186624000]
[4186627072, 4186628096]
[4186631168, 4186632192]
[4186635264, 4186636288]
[4186639360, 4186640384]
[4186643456, 4186644480]
[4186647552, 4186648576]
[4186651648, 4186652672]
[4186655744, 4186656768]
[4186659840, 4186660864]
[4186663936, 4186664960]
[4186668032, 4186669056]
[4186672128, 4186673152]
[4186676224, 4186677248]
[4186680320, 4186681344]
[4186684416, 4186685440]
[4186688512, 4186689536]
[4186692608, 4186693632]
[4186696704, 4186697728]
[4186700800, 4186701824]
[4186704896, 4186705920]
[4186708992, 4186710016]
[4186713088, 4186714112]
[4186717184, 4186718208]
[4186721280, 4186722304]
[4186725376, 4186726400]
[4186729472, 4186730496]
[4186733568, 4186734592]
[4186737664, 4186738688]
[4186741760, 4186742784]
[4186745856, 4186746880]
[4186749952, 4186750976]
[4186754048, 4186755072]
[4186758144, 4186759168]
[4186762240, 4186763264]
[4186766336, 4186767360]
[4186770432, 4186771456]
[4186774528, 4186775552]
[4186778624, 4186779648]
[4186782720, 4186783744]
[4186786816, 4186787840]
[4186790912, 4186791936]
[4186795008, 4186796032]
[4186799104, 4186800128]
[4186803200, 4186804224]
[4186807296, 4186808320]
[4186811392, 4186812416]
[4186815488, 4186816512]
[4186819584, 4186820608]
[4186823680, 4186824704]
[4186827776, 4186828800]
[4186831872, 4186832896]
[4186835968, 4186836992]
[4186840064, 4186841088]
[4186844160, 4186845184]
[4186848256, 4186849280]
[4186852352, 4186853376]
[4186856448, 4186857472]
[4186860544, 4186861568]
[4186864640, 4186865664]
[4186868736, 4186869760]
[4186872832, 4186873856]
[4186876928, 4186877952]
[4186881024, 4186882048]
[4186885120, 4186886144]
[4186889216, 4186890240]
[4186893312, 4186894336]
[4186897408, 4186898432]
[4186901504, 4186902528]
[4186905600, 4186906624]
[4186909696, 4186910720]
[4186913792, 4186914816]
[4186917888, 4186918912]
[4186921984, 4186923008]
[4186926080, 4186927104]
[4186930176, 4186931200]
[4186934272, 4186935296]
[4186938368, 4186939392]
[4186942464, 4186943488]
[4186946560, 4186947584]
[4186950656, 4186951680]
[4186954752, 4186955776]
[4186958848, 4186959872]
[4186962944, 4186963968]
[4188016144, 4188016160]
[4188016176, 4188016192]
[4188016208, 4188016224]
[4188016240, 4188016256]
[4188016272, 4188016288]
[4188016304, 4188016320]
[4188016336, 4188016352]
[4188016368, 4188016384]
[4188020240, 4188020256]
[4188020272, 4188020288]
[4188020304, 4188020320]
[4188020336, 4188020352]
[4188020368, 4188020384]
[4188020400, 4188020416]
[4188020432, 4188020448]
[4188020464, 4188020480]
[4188024336, 4188024352]
[4188024368, 4188024384]
[4188024400, 4188024416]
[4188024432, 4188024448]
[4188024464, 4188024480]
[4188024496, 4188024512]
[4188024528, 4188024544]
[4188024560, 4188024576]
[4188028432, 4188028448]
[4188028464, 4188028480]
[4188028496, 4188028512]
[4188028528, 4188028544]
[4188028560, 4188028576]
[4188028592, 4188028608]
[4188028624, 4188028640]
[4188028656, 4188028672]
[4188032528, 4188032544]
[4188032560, 4188032576]
[4188032592, 4188032608]
[4188032624, 4188032640]
[4188032656, 4188032672]
[4188032688, 4188032704]
[4188032720, 4188032736]
[4188032752, 4188032768]
[4188036624, 4188036640]
[4188036656, 4188036672]
[4188036688, 4188036704]
[4188036720, 4188036736]
[4188036752, 4188036768]
[4188036784, 4188036800]
[4188036816, 4188036832]
[4188036848, 4188036864]
[4188040720, 4188040736]
[4188040752, 4188040768]
[4188040784, 4188040800]
[4188040816, 4188040832]
[4188040848, 4188040864]
[4188040880, 4188040896]
[4188040912, 4188040928]
[4188040944, 4188040960]
[4188044816, 4188044832]
[4188044848, 4188044864]
[4188044880, 4188044896]
[4188044912, 4188044928]
[4188044944, 4188044960]
[4188044976, 4188044992]
[4188045008, 4188045024]
[4188045040, 4188045056]
[4188048912, 4188048928]
[4188048944, 4188048960]
[4188048976, 4188048992]
[4188049008, 4188049024]
[4188049040, 4188049056]
[4188049072, 4188049088]
[4188049104, 4188049120]
[4188049136, 4188049152]
[4188053008, 4188053024]
[4188053040, 4188053056]
[4188053072, 4188053088]
[4188053104, 4188053120]
[4188053136, 4188053152]
[4188053168, 4188053184]
[4188053200, 4188053216]
[4188053232, 4188053248]
[4188057104, 4188057120]
[4188057136, 4188057152]
[4188057168, 4188057184]
[4188057200, 4188057216]
[4188057232, 4188057248]
[4188057264, 4188057280]
[4188057296, 4188057312]
[4188057328, 4188057344]
[4188061200, 4188061216]
[4188061232, 4188061248]
[4188061264, 4188061280]
[4188061296, 4188061312]
[4188061328, 4188061344]
[4188061360, 4188061376]
[4188061392, 4188061408]
[4188061424, 4188061440]
[4188065296, 4188065312]
[4188065328, 4188065344]
[4188065360, 4188065376]
[4188065392, 4188065408]
[4188065424, 4188065440]
[4188065456, 4188065472]
[4188065488, 4188065504]
[4188065520, 4188065536]
[4188069392, 4188069408]
[4188069424, 4188069440]
[4188069456, 4188069472]
[4188069488, 4188069504]
[4188069520, 4188069536]
[4188069552, 4188069568]
[4188069584, 4188069600]
[4188069616, 4188069632]
[4188073488, 4188073504]
[4188073520, 4188073536]
[4188073552, 4188073568]
[4188073584, 4188073600]
[4188073616, 4188073632]
[4188073648, 4188073664]
[4188073680, 4188073696]
[4188073712, 4188073728]
[4188077584, 4188077600]
[4188077616, 4188077632]
[4188077648, 4188077664]
[4188077680, 4188077696]
[4188077712, 4188077728]
[4188077744, 4188077760]
[4188077776, 4188077792]
[4188077808, 4188077824]
[4188081680, 4188081696]
[4188081712, 4188081728]
[4188081744, 4188081760]
[4188081776, 4188081792]
[4188081808, 4188081824]
[4188081840, 4188081856]
[4188081872, 4188081888]
[4188081904, 4188081920]
[4188085776, 4188085792]
[4188085808, 4188085824]
[4188085840, 4188085856]
[4188085872, 4188085888]
[4188085904, 4188085920]
[4188085936, 4188085952]
[4188085968, 4188085984]
[4188086000, 4188086016]
[4188089872, 4188089888]
[4188089904, 4188089920]
[4188089936, 4188089952]
[4188089968, 4188089984]
[4188090000, 4188090016]
[4188090032, 4188090048]
[4188090064, 4188090080]
[4188090096, 4188090112]
[4188093968, 4188093984]
[4188094000, 4188094016]
[4188094032, 4188094048]
[4188094064, 4188094080]
[4188094096, 4188094112]
[4188094128, 4188094144]
[4188094160, 4188094176]
[4188094192, 4188094208]
[4188098064, 4188098080]
[4188098096, 4188098112]
[4188098128, 4188098144]
[4188098160, 4188098176]
[4188098192, 4188098208]
[4188098224, 4188098240]
[4188098256, 4188098272]
[4188098288, 4188098304]
[4188102160, 4188102176]
[4188102192, 4188102208]
[4188102224, 4188102240]
[4188102256, 4188102272]
[4188102288, 4188102304]
[4188102320, 4188102336]
[4188102352, 4188102368]
[4188102384, 4188102400]
[4188106256, 4188106272]
[4188106288, 4188106304]
[4188106320, 4188106336]
[4188106352, 4188106368]
[4188106384, 4188106400]
[4188106416, 4188106432]
[4188106448, 4188106464]
[4188106480, 4188106496]
[4188110352, 4188110368]
[4188110384, 4188110400]
[4188110416, 4188110432]
[4188110448, 4188110464]
[4188110480, 4188110496]
[4188110512, 4188110528]
[4188110544, 4188110560]
[4188110576, 4188110592]
[4188114448, 4188114464]
[4188114480, 4188114496]
[4188114512, 4188114528]
[4188114544, 4188114560]
[4188114576, 4188114592]
[4188114608, 4188114624]
[4188114640, 4188114656]
[4188114672, 4188114688]
[4188118544, 4188118560]
[4188118576, 4188118592]
[4188118608, 4188118624]
[4188118640, 4188118656]
[4188118672, 4188118688]
[4188118704, 4188118720]
[4188118736, 4188118752]
[4188118768, 4188118784]
[4188122640, 4188122656]
[4188122672, 4188122688]
[4188122704, 4188122720]
[4188122736, 4188122752]
[4188122768, 4188122784]
[4188122800, 4188122816]
[4188122832, 4188122848]
[4188122864, 4188122880]
[4188126736, 4188126752]
[4188126768, 4188126784]
[4188126800, 4188126816]
[4188126832, 4188126848]
[4188126864, 4188126880]
[4188126896, 4188126912]
[4188126928, 4188126944]
[4188126960, 4188126976]
[4188130832, 4188130848]
[4188130864, 4188130880]
[4188130896, 4188130912]
[4188130928, 4188130944]
[4188130960, 4188130976]
[4188130992, 4188131008]
[4188131024, 4188131040]
[4188131056, 4188131072]
[4188134928, 4188134944]
[4188134960, 4188134976]
[4188134992, 4188135008]
[4188135024, 4188135040]
[4188135056, 4188135072]
[4188135088, 4188135104]
[4188135120, 4188135136]
[4188135152, 4188135168]
[4188139024, 4188139040]
[4188139056, 4188139072]
[4188139088, 4188139104]
[4188139120, 4188139136]
[4188139152, 4188139168]
[4188139184, 4188139200]
[4188139216, 4188139232]
[4188139248, 4188139264]
[4188143120, 4188143136]
[4188143152, 4188143168]
[4188143184, 4188143200]
[4188143216, 4188143232]
[4188143248, 4188143264]
[4188143280, 4188143296]
[4188143312, 4188143328]
[4188143344, 4188143360]
[4188147216, 4188147232]
[4188147248, 4188147264]
[4188147280, 4188147296]
[4188147312, 4188147328]
[4188147344, 4188147360]
[4188147376, 4188147392]
[4188147408, 4188147424]
[4188147440, 4188147456]
[4188151312, 4188151328]
[4188151344, 4188151360]
[4188151376, 4188151392]
[4188151408, 4188151424]
[4188151440, 4188151456]
[4188151472, 4188151488]
[4188151504, 4188151520]
[4188151536, 4188151552]
[4188155408, 4188155424]
[4188155440, 4188155456]
[4188155472, 4188155488]
[4188155504, 4188155520]
[4188155536, 4188155552]
[4188155568, 4188155584]
[4188155600, 4188155616]
[4188155632, 4188155648]
[4188159504, 4188159520]
[4188159536, 4188159552]
[4188159568, 4188159584]
[4188159600, 4188159616]
[4188159632, 4188159648]
[4188159664, 4188159680]
[4188159696, 4188159712]
[4188159728, 4188159744]
[4188163600, 4188163616]
[4188163632, 4188163648]
[4188163664, 4188163680]
[4188163696, 4188163712]
[4188163728, 4188163744]
[4188163760, 4188163776]
[4188163792, 4188163808]
[4188163824, 4188163840]
[4188167696, 4188167712]
[4188167728, 4188167744]
[4188167760, 4188167776]
[4188167792, 4188167808]
[4188167824, 4188167840]
[4188167856, 4188167872]
[4188167888, 4188167904]
[4188167920, 4188167936]
[4188171792, 4188171808]
[4188171824, 4188171840]
[4188171856, 4188171872]
[4188171888, 4188171904]
[4188171920, 4188171936]
[4188171952, 4188171968]
[4188171984, 4188172000]
[4188172016, 4188172032]
[4188175888, 4188175904]
[4188175920, 4188175936]
[4188175952, 4188175968]
[4188175984, 4188176000]
[4188176016, 4188176032]
[4188176048, 4188176064]
[4188176080, 4188176096]
[4188176112, 4188176128]
[4188179984, 4188180000]
[4188180016, 4188180032]
[4188180048, 4188180064]
[4188180080, 4188180096]
[4188180112, 4188180128]
[4188180144, 4188180160]
[4188180176, 4188180192]
[4188180208, 4188180224]
[4188184080, 4188184096]
[4188184112, 4188184128]
[4188184144, 4188184160]
[4188184176, 4188184192]
[4188184208, 4188184224]
[4188184240, 4188184256]
[4188184272, 4188184288]
[4188184304, 4188184320]
[4188188176, 4188188192]
[4188188208, 4188188224]
[4188188240, 4188188256]
[4188188272, 4188188288]
[4188188304, 4188188320]
[4188188336, 4188188352]
[4188188368, 4188188384]
[4188188400, 4188188416]
[4188192272, 4188192288]
[4188192304, 4188192320]
[4188192336, 4188192352]
[4188192368, 4188192384]
[4188192400, 4188192416]
[4188192432, 4188192448]
[4188192464, 4188192480]
[4188192496, 4188192512]
[4188196368, 4188196384]
[4188196400, 4188196416]
[4188196432, 4188196448]
[4188196464, 4188196480]
[4188196496, 4188196512]
[4188196528, 4188196544]
[4188196560, 4188196576]
[4188196592, 4188196608]
[4188200464, 4188200480]
[4188200496, 4188200512]
[4188200528, 4188200544]
[4188200560, 4188200576]
[4188200592, 4188200608]
[4188200624, 4188200640]
[4188200656, 4188200672]
[4188200688, 4188200704]
[4188204560, 4188204576]
[4188204592, 4188204608]
[4188204624, 4188204640]
[4188204656, 4188204672]
[4188204688, 4188204704]
[4188204720, 4188204736]
[4188204752, 4188204768]
[4188204784, 4188204800]
[4188208656, 4188208672]
[4188208688, 4188208704]
[4188208720, 4188208736]
[4188208752, 4188208768]
[4188208784, 4188208800]
[4188208816, 4188208832]
[4188208848, 4188208864]
[4188208880, 4188208896]
[4188212752, 4188212768]
[4188212784, 4188212800]
[4188212816, 4188212832]
[4188212848, 4188212864]
[4188212880, 4188212896]
[4188212912, 4188212928]
[4188212944, 4188212960]
[4188212976, 4188212992]
[4188216848, 4188216864]
[4188216880, 4188216896]
[4188216912, 4188216928]
[4188216944, 4188216960]
[4188216976, 4188216992]
[4188217008, 4188217024]
[4188217040, 4188217056]
[4188217072, 4188217088]
[4188220944, 4188220960]
[4188220976, 4188220992]
[4188221008, 4188221024]
[4188221040, 4188221056]
[4188221072, 4188221088]
[4188221104, 4188221120]
[4188221136, 4188221152]
[4188221168, 4188221184]
[4188225040, 4188225056]
[4188225072, 4188225088]
[4188225104, 4188225120]
[4188225136, 4188225152]
[4188225168, 4188225184]
[4188225200, 4188225216]
[4188225232, 4188225248]
[4188225264, 4188225280]
[4188229136, 4188229152]
[4188229168, 4188229184]
[4188229200, 4188229216]
[4188229232, 4188229248]
[4188229264, 4188229280]
[4188229296, 4188229312]
[4188229328, 4188229344]
[4188229360, 4188229376]
[4188233232, 4188233248]
[4188233264, 4188233280]
[4188233296, 4188233312]
[4188233328, 4188233344]
[4188233360, 4188233376]
[4188233392, 4188233408]
[4188233424, 4188233440]
[4188233456, 4188233472]
[4188237328, 4188237344]
[4188237360, 4188237376]
[4188237392, 4188237408]
[4188237424, 4188237440]
[4188237456, 4188237472]
[4188237488, 4188237504]
[4188237520, 4188237536]
[4188237552, 4188237568]
[4188241424, 4188241440]
[4188241456, 4188241472]
[4188241488, 4188241504]
[4188241520, 4188241536]
[4188241552, 4188241568]
[4188241584, 4188241600]
[4188241616, 4188241632]
[4188241648, 4188241664]
[4188245520, 4188245536]
[4188245552, 4188245568]
[4188245584, 4188245600]
[4188245616, 4188245632]
[4188245648, 4188245664]
[4188245680, 4188245696]
[4188245712, 4188245728]
[4188245744, 4188245760]
[4188249616, 4188249632]
[4188249648, 4188249664]
[4188249680, 4188249696]
[4188249712, 4188249728]
[4188249744, 4188249760]
[4188249776, 4188249792]
[4188249808, 4188249824]
[4188249840, 4188249856]
[4188253712, 4188253728]
[4188253744, 4188253760]
[4188253776, 4188253792]
[4188253808, 4188253824]
[4188253840, 4188253856]
[4188253872, 4188253888]
[4188253904, 4188253920]
[4188253936, 4188253952]
[4188257808, 4188257824]
[4188257840, 4188257856]
[4188257872, 4188257888]
[4188257904, 4188257920]
[4188257936, 4188257952]
[4188257968, 4188257984]
[4188258000, 4188258016]
[4188258032, 4188258048]
[4188261904, 4188261920]
[4188261936, 4188261952]
[4188261968, 4188261984]
[4188262000, 4188262016]
[4188262032, 4188262048]
[4188262064, 4188262080]
[4188262096, 4188262112]
[4188262128, 4188262144]
[4188266000, 4188266016]
[4188266032, 4188266048]
[4188266064, 4188266080]
[4188266096, 4188266112]
[4188266128, 4188266144]
[4188266160, 4188266176]
[4188266192, 4188266208]
[4188266224, 4188266240]
[4188270096, 4188270112]
[4188270128, 4188270144]
[4188270160, 4188270176]
[4188270192, 4188270208]
[4188270224, 4188270240]
[4188270256, 4188270272]
[4188270288, 4188270304]
[4188270320, 4188270336]
[4188274192, 4188274208]
[4188274224, 4188274240]
[4188274256, 4188274272]
[4188274288, 4188274304]
[4188274320, 4188274336]
[4188274352, 4188274368]
[4188274384, 4188274400]
[4188274416, 4188274432]
[4188278288, 4188278304]
[4188278320, 4188278336]
[4188278352, 4188278368]
[4188278384, 4188278400]
[4188278416, 4188278432]
[4188278448, 4188278464]
[4188278480, 4188278496]
[4188278512, 4188278528]
[4188282384, 4188282400]
[4188282416, 4188282432]
[4188282448, 4188282464]
[4188282480, 4188282496]
[4188282512, 4188282528]
[4188282544, 4188282560]
[4188282576, 4188282592]
[4188282608, 4188282624]
[4188286480, 4188286496]
[4188286512, 4188286528]
[4188286544, 4188286560]
[4188286576, 4188286592]
[4188286608, 4188286624]
[4188286640, 4188286656]
[4188286672, 4188286688]
[4188286704, 4188286720]
[4188290576, 4188290592]
[4188290608, 4188290624]
[4188290640, 4188290656]
[4188290672, 4188290688]
[4188290704, 4188290720]
[4188290736, 4188290752]
[4188290768, 4188290784]
[4188290800, 4188290816]
[4188294672, 4188294688]
[4188294704, 4188294720]
[4188294736, 4188294752]
[4188294768, 4188294784]
[4188294800, 4188294816]
[4188294832, 4188294848]
[4188294864, 4188294880]
[4188294896, 4188294912]
[4188298768, 4188298784]
[4188298800, 4188298816]
[4188298832, 4188298848]
[4188298864, 4188298880]
[4188298896, 4188298912]
[4188298928, 4188298944]
[4188298960, 4188298976]
[4188298992, 4188299008]
[4188302864, 4188302880]
[4188302896, 4188302912]
[4188302928, 4188302944]
[4188302960, 4188302976]
[4188302992, 4188303008]
[4188303024, 4188303040]
[4188303056, 4188303072]
[4188303088, 4188303104]
[4188306960, 4188306976]
[4188306992, 4188307008]
[4188307024, 4188307040]
[4188307056, 4188307072]
[4188307088, 4188307104]
[4188307120, 4188307136]
[4188307152, 4188307168]
[4188307184, 4188307200]
[4188311056, 4188311072]
[4188311088, 4188311104]
[4188311120, 4188311136]
[4188311152, 4188311168]
[4188311184, 4188311200]
[4188311216, 4188311232]
[4188311248, 4188311264]
[4188311280, 4188311296]
[4188315152, 4188315168]
[4188315184, 4188315200]
[4188315216, 4188315232]
[4188315248, 4188315264]
[4188315280, 4188315296]
[4188315312, 4188315328]
[4188315344, 4188315360]
[4188315376, 4188315392]
[4188319248, 4188319264]
[4188319280, 4188319296]
[4188319312, 4188319328]
[4188319344, 4188319360]
[4188319376, 4188319392]
[4188319408, 4188319424]
[4188319440, 4188319456]
[4188319472, 4188319488]
[4188323344, 4188323360]
[4188323376, 4188323392]
[4188323408, 4188323424]
[4188323440, 4188323456]
[4188323472, 4188323488]
[4188323504, 4188323520]
[4188323536, 4188323552]
[4188323568, 4188323584]
[4188327440, 4188327456]
[4188327472, 4188327488]
[4188327504, 4188327520]
[4188327536, 4188327552]
[4188327568, 4188327584]
[4188327600, 4188327616]
[4188327632, 4188327648]
[4188327664, 4188327680]
[4188331536, 4188331552]
[4188331568, 4188331584]
[4188331600, 4188331616]
[4188331632, 4188331648]
[4188331664, 4188331680]
[4188331696, 4188331712]
[4188331728, 4188331744]
[4188331760, 4188331776]
[4188335632, 4188335648]
[4188335664, 4188335680]
[4188335696, 4188335712]
[4188335728, 4188335744]
[4188335760, 4188335776]
[4188335792, 4188335808]
[4188335824, 4188335840]
[4188335856, 4188335872]
[4188339728, 4188339744]
[4188339760, 4188339776]
[4188339792, 4188339808]
[4188339824, 4188339840]
[4188339856, 4188339872]
[4188339888, 4188339904]
[4188339920, 4188339936]
[4188339952, 4188339968]
[4188343824, 4188343840]
[4188343856, 4188343872]
[4188343888, 4188343904]
[4188343920, 4188343936]
[4188343952, 4188343968]
[4188343984, 4188344000]
[4188344016, 4188344032]
[4188344048, 4188344064]
[4188347920, 4188347936]
[4188347952, 4188347968]
[4188347984, 4188348000]
[4188348016, 4188348032]
[4188348048, 4188348064]
[4188348080, 4188348096]
[4188348112, 4188348128]
[4188348144, 4188348160]
[4188352016, 4188352032]
[4188352048, 4188352064]
[4188352080, 4188352096]
[4188352112, 4188352128]
[4188352144, 4188352160]
[4188352176, 4188352192]
[4188352208, 4188352224]
[4188352240, 4188352256]
[4188356112, 4188356128]
[4188356144, 4188356160]
[4188356176, 4188356192]
[4188356208, 4188356224]
[4188356240, 4188356256]
[4188356272, 4188356288]
[4188356304, 4188356320]
[4188356336, 4188356352]
[4188360208, 4188360224]
[4188360240, 4188360256]
[4188360272, 4188360288]
[4188360304, 4188360320]
[4188360336, 4188360352]
[4188360368, 4188360384]
[4188360400, 4188360416]
[4188360432, 4188360448]
[4188364304, 4188364320]
[4188364336, 4188364352]
[4188364368, 4188364384]
[4188364400, 4188364416]
[4188364432, 4188364448]
[4188364464, 4188364480]
[4188364496, 4188364512]
[4188364528, 4188364544]
[4188368400, 4188368416]
[4188368432, 4188368448]
[4188368464, 4188368480]
[4188368496, 4188368512]
[4188368528, 4188368544]
[4188368560, 4188368576]
[4188368592, 4188368608]
[4188368624, 4188368640]
[4188372496, 4188372512]
[4188372528, 4188372544]
[4188372560, 4188372576]
[4188372592, 4188372608]
[4188372624, 4188372640]
[4188372656, 4188372672]
[4188372688, 4188372704]
[4188372720, 4188372736]
[4188376592, 4188376608]
[4188376624, 4188376640]
[4188376656, 4188376672]
[4188376688, 4188376704]
[4188376720, 4188376736]
[4188376752, 4188376768]
[4188376784, 4188376800]
[4188376816, 4188376832]
[4188380688, 4188380704]
[4188380720, 4188380736]
[4188380752, 4188380768]
[4188380784, 4188380800]
[4188380816, 4188380832]
[4188380848, 4188380864]
[4188380880, 4188380896]
[4188380912, 4188380928]
[4188384784, 4188384800]
[4188384816, 4188384832]
[4188384848, 4188384864]
[4188384880, 4188384896]
[4188384912, 4188384928]
[4188384944, 4188384960]
[4188384976, 4188384992]
[4188385008, 4188385024]
[4188388880, 4188388896]
[4188388912, 4188388928]
[4188388944, 4188388960]
[4188388976, 4188388992]
[4188389008, 4188389024]
[4188389040, 4188389056]
[4188389072, 4188389088]
[4188389104, 4188389120]
[4188392976, 4188392992]
[4188393008, 4188393024]
[4188393040, 4188393056]
[4188393072, 4188393088]
[4188393104, 4188393120]
[4188393136, 4188393152]
[4188393168, 4188393184]
[4188393200, 4188393216]
[4188397072, 4188397088]
[4188397104, 4188397120]
[4188397136, 4188397152]
[4188397168, 4188397184]
[4188397200, 4188397216]
[4188397232, 4188397248]
[4188397264, 4188397280]
[4188397296, 4188397312]
[4188401168, 4188401184]
[4188401200, 4188401216]
[4188401232, 4188401248]
[4188401264, 4188401280]
[4188401296, 4188401312]
[4188401328, 4188401344]
[4188401360, 4188401376]
[4188401392, 4188401408]
[4188405264, 4188405280]
[4188405296, 4188405312]
[4188405328, 4188405344]
[4188405360, 4188405376]
[4188405392, 4188405408]
[4188405424, 4188405440]
[4188405456, 4188405472]
[4188405488, 4188405504]
[4188409360, 4188409376]
[4188409392, 4188409408]
[4188409424, 4188409440]
[4188409456, 4188409472]
[4188409488, 4188409504]
[4188409520, 4188409536]
[4188409552, 4188409568]
[4188409584, 4188409600]
[4188413456, 4188413472]
[4188413488, 4188413504]
[4188413520, 4188413536]
[4188413552, 4188413568]
[4188413584, 4188413600]
[4188413616, 4188413632]
[4188413648, 4188413664]
[4188413680, 4188413696]
[4188417552, 4188417568]
[4188417584, 4188417600]
[4188417616, 4188417632]
[4188417648, 4188417664]
[4188417680, 4188417696]
[4188417712, 4188417728]
[4188417744, 4188417760]
[4188417776, 4188417792]
[4188421648, 4188421664]
[4188421680, 4188421696]
[4188421712, 4188421728]
[4188421744, 4188421760]
[4188421776, 4188421792]
[4188421808, 4188421824]
[4188421840, 4188421856]
[4188421872, 4188421888]
[4188425744, 4188425760]
[4188425776, 4188425792]
[4188425808, 4188425824]
[4188425840, 4188425856]
[4188425872, 4188425888]
[4188425904, 4188425920]
[4188425936, 4188425952]
[4188425968, 4188425984]
[4188429840, 4188429856]
[4188429872, 4188429888]
[4188429904, 4188429920]
[4188429936, 4188429952]
[4188429968, 4188429984]
[4188430000, 4188430016]
[4188430032, 4188430048]
[4188430064, 4188430080]
[4188433936, 4188433952]
[4188433968, 4188433984]
[4188434000, 4188434016]
[4188434032, 4188434048]
[4188434064, 4188434080]
[4188434096, 4188434112]
[4188434128, 4188434144]
[4188434160, 4188434176]
[4188438032, 4188438048]
[4188438064, 4188438080]
[4188438096, 4188438112]
[4188438128, 4188438144]
[4188438160, 4188438176]
[4188438192, 4188438208]
[4188438224, 4188438240]
[4188438256, 4188438272]
[4188442128, 4188442144]
[4188442160, 4188442176]
[4188442192, 4188442208]
[4188442224, 4188442240]
[4188442256, 4188442272]
[4188442288, 4188442304]
[4188442320, 4188442336]
[4188442352, 4188442368]
[4188446224, 4188446240]
[4188446256, 4188446272]
[4188446288, 4188446304]
[4188446320, 4188446336]
[4188446352, 4188446368]
[4188446384, 4188446400]
[4188446416, 4188446432]
[4188446448, 4188446464]
[4188450320, 4188450336]
[4188450352, 4188450368]
[4188450384, 4188450400]
[4188450416, 4188450432]
[4188450448, 4188450464]
[4188450480, 4188450496]
[4188450512, 4188450528]
[4188450544, 4188450560]
[4188454416, 4188454432]
[4188454448, 4188454464]
[4188454480, 4188454496]
[4188454512, 4188454528]
[4188454544, 4188454560]
[4188454576, 4188454592]
[4188454608, 4188454624]
[4188454640, 4188454656]
[4188458512, 4188458528]
[4188458544, 4188458560]
[4188458576, 4188458592]
[4188458608, 4188458624]
[4188458640, 4188458656]
[4188458672, 4188458688]
[4188458704, 4188458720]
[4188458736, 4188458752]
[4188462608, 4188462624]
[4188462640, 4188462656]
[4188462672, 4188462688]
[4188462704, 4188462720]
[4188462736, 4188462752]
[4188462768, 4188462784]
[4188462800, 4188462816]
[4188462832, 4188462848]
[4188466704, 4188466720]
[4188466736, 4188466752]
[4188466768, 4188466784]
[4188466800, 4188466816]
[4188466832, 4188466848]
[4188466864, 4188466880]
[4188466896, 4188466912]
[4188466928, 4188466944]
[4188470800, 4188470816]
[4188470832, 4188470848]
[4188470864, 4188470880]
[4188470896, 4188470912]
[4188470928, 4188470944]
[4188470960, 4188470976]
[4188470992, 4188471008]
[4188471024, 4188471040]
[4188474896, 4188474912]
[4188474928, 4188474944]
[4188474960, 4188474976]
[4188474992, 4188475008]
[4188475024, 4188475040]
[4188475056, 4188475072]
[4188475088, 4188475104]
[4188475120, 4188475136]
[4188478992, 4188479008]
[4188479024, 4188479040]
[4188479056, 4188479072]
[4188479088, 4188479104]
[4188479120, 4188479136]
[4188479152, 4188479168]
[4188479184, 4188479200]
[4188479216, 4188479232]
[4188483088, 4188483104]
[4188483120, 4188483136]
[4188483152, 4188483168]
[4188483184, 4188483200]
[4188483216, 4188483232]
[4188483248, 4188483264]
[4188483280, 4188483296]
[4188483312, 4188483328]
[4188487184, 4188487200]
[4188487216, 4188487232]
[4188487248, 4188487264]
[4188487280, 4188487296]
[4188487312, 4188487328]
[4188487344, 4188487360]
[4188487376, 4188487392]
[4188487408, 4188487424]
[4188491280, 4188491296]
[4188491312, 4188491328]
[4188491344, 4188491360]
[4188491376, 4188491392]
[4188491408, 4188491424]
[4188491440, 4188491456]
[4188491472, 4188491488]
[4188491504, 4188491520]
[4188495376, 4188495392]
[4188495408, 4188495424]
[4188495440, 4188495456]
[4188495472, 4188495488]
[4188495504, 4188495520]
[4188495536, 4188495552]
[4188495568, 4188495584]
[4188495600, 4188495616]
[4188499472, 4188499488]
[4188499504, 4188499520]
[4188499536, 4188499552]
[4188499568, 4188499584]
[4188499600, 4188499616]
[4188499632, 4188499648]
[4188499664, 4188499680]
[4188499696, 4188499712]
[4188503568, 4188503584]
[4188503600, 4188503616]
[4188503632, 4188503648]
[4188503664, 4188503680]
[4188503696, 4188503712]
[4188503728, 4188503744]
[4188503760, 4188503776]
[4188503792, 4188503808]
[4188507664, 4188507680]
[4188507696, 4188507712]
[4188507728, 4188507744]
[4188507760, 4188507776]
[4188507792, 4188507808]
[4188507824, 4188507840]
[4188507856, 4188507872]
[4188507888, 4188507904]
[4188511760, 4188511776]
[4188511792, 4188511808]
[4188511824, 4188511840]
[4188511856, 4188511872]
[4188511888, 4188511904]
[4188511920, 4188511936]
[4188511952, 4188511968]
[4188511984, 4188512000]
[4188515856, 4188515872]
[4188515888, 4188515904]
[4188515920, 4188515936]
[4188515952, 4188515968]
[4188515984, 4188516000]
[4188516016, 4188516032]
[4188516048, 4188516064]
[4188516080, 4188516096]
[4188519952, 4188519968]
[4188519984, 4188520000]
[4188520016, 4188520032]
[4188520048, 4188520064]
[4188520080, 4188520096]
[4188520112, 4188520128]
[4188520144, 4188520160]
[4188520176, 4188520192]
[4188524048, 4188524064]
[4188524080, 4188524096]
[4188524112, 4188524128]
[4188524144, 4188524160]
[4188524176, 4188524192]
[4188524208, 4188524224]
[4188524240, 4188524256]
[4188524272, 4188524288]
[4188528144, 4188528160]
[4188528176, 4188528192]
[4188528208, 4188528224]
[4188528240, 4188528256]
[4188528272, 4188528288]
[4188528304, 4188528320]
[4188528336, 4188528352]
[4188528368, 4188528384]
[4188532240, 4188532256]
[4188532272, 4188532288]
[4188532304, 4188532320]
[4188532336, 4188532352]
[4188532368, 4188532384]
[4188532400, 4188532416]
[4188532432, 4188532448]
[4188532464, 4188532480]
[4188536336, 4188536352]
[4188536368, 4188536384]
[4188536400, 4188536416]
[4188536432, 4188536448]
[4188536464, 4188536480]
[4188536496, 4188536512]
[4188536528, 4188536544]
[4188536560, 4188536576]
[4188540432, 4188540448]
[4188540464, 4188540480]
[4188540496, 4188540512]
[4188540528, 4188540544]
[4188540560, 4188540576]
[4188540592, 4188540608]
[4188540624, 4188540640]
[4188540656, 4188540672]
[4188544528, 4188544544]
[4188544560, 4188544576]
[4188544592, 4188544608]
[4188544624, 4188544640]
[4188544656, 4188544672]
[4188544688, 4188544704]
[4188544720, 4188544736]
[4188544752, 4188544768]
[4188548624, 4188548640]
[4188548656, 4188548672]
[4188548688, 4188548704]
[4188548720, 4188548736]
[4188548752, 4188548768]
[4188548784, 4188548800]
[4188548816, 4188548832]
[4188548848, 4188548864]
[4188552720, 4188552736]
[4188552752, 4188552768]
[4188552784, 4188552800]
[4188552816, 4188552832]
[4188552848, 4188552864]
[4188552880, 4188552896]
[4188552912, 4188552928]
[4188552944, 4188552960]
[4188556816, 4188556832]
[4188556848, 4188556864]
[4188556880, 4188556896]
[4188556912, 4188556928]
[4188556944, 4188556960]
[4188556976, 4188556992]
[4188557008, 4188557024]
[4188557040, 4188557056]
[4188560912, 4188560928]
[4188560944, 4188560960]
[4188560976, 4188560992]
[4188561008, 4188561024]
[4188561040, 4188561056]
[4188561072, 4188561088]
[4188561104, 4188561120]
[4188561136, 4188561152]
[4188565008, 4188565024]
[4188565040, 4188565056]
[4188565072, 4188565088]
[4188565104, 4188565120]
[4188565136, 4188565152]
[4188565168, 4188565184]
[4188565200, 4188565216]
[4188565232, 4188565248]
[4188569104, 4188569120]
[4188569136, 4188569152]
[4188569168, 4188569184]
[4188569200, 4188569216]
[4188569232, 4188569248]
[4188569264, 4188569280]
[4188569296, 4188569312]
[4188569328, 4188569344]
[4188573200, 4188573216]
[4188573232, 4188573248]
[4188573264, 4188573280]
[4188573296, 4188573312]
[4188573328, 4188573344]
[4188573360, 4188573376]
[4188573392, 4188573408]
[4188573424, 4188573440]
[4188577296, 4188577312]
[4188577328, 4188577344]
[4188577360, 4188577376]
[4188577392, 4188577408]
[4188577424, 4188577440]
[4188577456, 4188577472]
[4188577488, 4188577504]
[4188577520, 4188577536]
[4188581392, 4188581408]
[4188581424, 4188581440]
[4188581456, 4188581472]
[4188581488, 4188581504]
[4188581520, 4188581536]
[4188581552, 4188581568]
[4188581584, 4188581600]
[4188581616, 4188581632]
[4188585488, 4188585504]
[4188585520, 4188585536]
[4188585552, 4188585568]
[4188585584, 4188585600]
[4188585616, 4188585632]
[4188585648, 4188585664]
[4188585680, 4188585696]
[4188585712, 4188585728]
[4188589584, 4188589600]
[4188589616, 4188589632]
[4188589648, 4188589664]
[4188589680, 4188589696]
[4188589712, 4188589728]
[4188589744, 4188589760]
[4188589776, 4188589792]
[4188589808, 4188589824]
[4188593680, 4188593696]
[4188593712, 4188593728]
[4188593744, 4188593760]
[4188593776, 4188593792]
[4188593808, 4188593824]
[4188593840, 4188593856]
[4188593872, 4188593888]
[4188593904, 4188593920]
[4188597776, 4188597792]
[4188597808, 4188597824]
[4188597840, 4188597856]
[4188597872, 4188597888]
[4188597904, 4188597920]
[4188597936, 4188597952]
[4188597968, 4188597984]
[4188598000, 4188598016]
[4188601872, 4188601888]
[4188601904, 4188601920]
[4188601936, 4188601952]
[4188601968, 4188601984]
[4188602000, 4188602016]
[4188602032, 4188602048]
[4188602064, 4188602080]
[4188602096, 4188602112]
[4188605968, 4188605984]
[4188606000, 4188606016]
[4188606032, 4188606048]
[4188606064, 4188606080]
[4188606096, 4188606112]
[4188606128, 4188606144]
[4188606160, 4188606176]
[4188606192, 4188606208]
[4188610064, 4188610080]
[4188610096, 4188610112]
[4188610128, 4188610144]
[4188610160, 4188610176]
[4188610192, 4188610208]
[4188610224, 4188610240]
[4188610256, 4188610272]
[4188610288, 4188610304]
[4188614160, 4188614176]
[4188614192, 4188614208]
[4188614224, 4188614240]
[4188614256, 4188614272]
[4188614288, 4188614304]
[4188614320, 4188614336]
[4188614352, 4188614368]
[4188614384, 4188614400]
[4188618256, 4188618272]
[4188618288, 4188618304]
[4188618320, 4188618336]
[4188618352, 4188618368]
[4188618384, 4188618400]
[4188618416, 4188618432]
[4188618448, 4188618464]
[4188618480, 4188618496]
[4188622352, 4188622368]
[4188622384, 4188622400]
[4188622416, 4188622432]
[4188622448, 4188622464]
[4188622480, 4188622496]
[4188622512, 4188622528]
[4188622544, 4188622560]
[4188622576, 4188622592]
[4188626448, 4188626464]
[4188626480, 4188626496]
[4188626512, 4188626528]
[4188626544, 4188626560]
[4188626576, 4188626592]
[4188626608, 4188626624]
[4188626640, 4188626656]
[4188626672, 4188626688]
[4188630544, 4188630560]
[4188630576, 4188630592]
[4188630608, 4188630624]
[4188630640, 4188630656]
[4188630672, 4188630688]
[4188630704, 4188630720]
[4188630736, 4188630752]
[4188630768, 4188630784]
[4188634640, 4188634656]
[4188634672, 4188634688]
[4188634704, 4188634720]
[4188634736, 4188634752]
[4188634768, 4188634784]
[4188634800, 4188634816]
[4188634832, 4188634848]
[4188634864, 4188634880]
[4188638736, 4188638752]
[4188638768, 4188638784]
[4188638800, 4188638816]
[4188638832, 4188638848]
[4188638864, 4188638880]
[4188638896, 4188638912]
[4188638928, 4188638944]
[4188638960, 4188638976]
[4188642832, 4188642848]
[4188642864, 4188642880]
[4188642896, 4188642912]
[4188642928, 4188642944]
[4188642960, 4188642976]
[4188642992, 4188643008]
[4188643024, 4188643040]
[4188643056, 4188643072]
[4188646928, 4188646944]
[4188646960, 4188646976]
[4188646992, 4188647008]
[4188647024, 4188647040]
[4188647056, 4188647072]
[4188647088, 4188647104]
[4188647120, 4188647136]
[4188647152, 4188647168]
[4188651024, 4188651040]
[4188651056, 4188651072]
[4188651088, 4188651104]
[4188651120, 4188651136]
[4188651152, 4188651168]
[4188651184, 4188651200]
[4188651216, 4188651232]
[4188651248, 4188651264]
[4188655120, 4188655136]
[4188655152, 4188655168]
[4188655184, 4188655200]
[4188655216, 4188655232]
[4188655248, 4188655264]
[4188655280, 4188655296]
[4188655312, 4188655328]
[4188655344, 4188655360]
[4188659216, 4188659232]
[4188659248, 4188659264]
[4188659280, 4188659296]
[4188659312, 4188659328]
[4188659344, 4188659360]
[4188659376, 4188659392]
[4188659408, 4188659424]
[4188659440, 4188659456]
[4188663312, 4188663328]
[4188663344, 4188663360]
[4188663376, 4188663392]
[4188663408, 4188663424]
[4188663440, 4188663456]
[4188663472, 4188663488]
[4188663504, 4188663520]
[4188663536, 4188663552]
[4188667408, 4188667424]
[4188667440, 4188667456]
[4188667472, 4188667488]
[4188667504, 4188667520]
[4188667536, 4188667552]
[4188667568, 4188667584]
[4188667600, 4188667616]
[4188667632, 4188667648]
[4188671504, 4188671520]
[4188671536, 4188671552]
[4188671568, 4188671584]
[4188671600, 4188671616]
[4188671632, 4188671648]
[4188671664, 4188671680]
[4188671696, 4188671712]
[4188671728, 4188671744]
[4188675600, 4188675616]
[4188675632, 4188675648]
[4188675664, 4188675680]
[4188675696, 4188675712]
[4188675728, 4188675744]
[4188675760, 4188675776]
[4188675792, 4188675808]
[4188675824, 4188675840]
[4188679696, 4188679712]
[4188679728, 4188679744]
[4188679760, 4188679776]
[4188679792, 4188679808]
[4188679824, 4188679840]
[4188679856, 4188679872]
[4188679888, 4188679904]
[4188679920, 4188679936]
[4188683792, 4188683808]
[4188683824, 4188683840]
[4188683856, 4188683872]
[4188683888, 4188683904]
[4188683920, 4188683936]
[4188683952, 4188683968]
[4188683984, 4188684000]
[4188684016, 4188684032]
[4188687888, 4188687904]
[4188687920, 4188687936]
[4188687952, 4188687968]
[4188687984, 4188688000]
[4188688016, 4188688032]
[4188688048, 4188688064]
[4188688080, 4188688096]
[4188688112, 4188688128]
[4188691984, 4188692000]
[4188692016, 4188692032]
[4188692048, 4188692064]
[4188692080, 4188692096]
[4188692112, 4188692128]
[4188692144, 4188692160]
[4188692176, 4188692192]
[4188692208, 4188692224]
[4188696080, 4188696096]
[4188696112, 4188696128]
[4188696144, 4188696160]
[4188696176, 4188696192]
[4188696208, 4188696224]
[4188696240, 4188696256]
[4188696272, 4188696288]
[4188696304, 4188696320]
[4188700176, 4188700192]
[4188700208, 4188700224]
[4188700240, 4188700256]
[4188700272, 4188700288]
[4188700304, 4188700320]
[4188700336, 4188700352]
[4188700368, 4188700384]
[4188700400, 4188700416]
[4188704272, 4188704288]
[4188704304, 4188704320]
[4188704336, 4188704352]
[4188704368, 4188704384]
[4188704400, 4188704416]
[4188704432, 4188704448]
[4188704464, 4188704480]
[4188704496, 4188704512]
[4188708368, 4188708384]
[4188708400, 4188708416]
[4188708432, 4188708448]
[4188708464, 4188708480]
[4188708496, 4188708512]
[4188708528, 4188708544]
[4188708560, 4188708576]
[4188708592, 4188708608]
[4188712464, 4188712480]
[4188712496, 4188712512]
[4188712528, 4188712544]
[4188712560, 4188712576]
[4188712592, 4188712608]
[4188712624, 4188712640]
[4188712656, 4188712672]
[4188712688, 4188712704]
[4188716560, 4188716576]
[4188716592, 4188716608]
[4188716624, 4188716640]
[4188716656, 4188716672]
[4188716688, 4188716704]
[4188716720, 4188716736]
[4188716752, 4188716768]
[4188716784, 4188716800]
[4188720656, 4188720672]
[4188720688, 4188720704]
[4188720720, 4188720736]
[4188720752, 4188720768]
[4188720784, 4188720800]
[4188720816, 4188720832]
[4188720848, 4188720864]
[4188720880, 4188720896]
[4188724752, 4188724768]
[4188724784, 4188724800]
[4188724816, 4188724832]
[4188724848, 4188724864]
[4188724880, 4188724896]
[4188724912, 4188724928]
[4188724944, 4188724960]
[4188724976, 4188724992]
[4188728848, 4188728864]
[4188728880, 4188728896]
[4188728912, 4188728928]
[4188728944, 4188728960]
[4188728976, 4188728992]
[4188729008, 4188729024]
[4188729040, 4188729056]
[4188729072, 4188729088]
[4188732944, 4188732960]
[4188732976, 4188732992]
[4188733008, 4188733024]
[4188733040, 4188733056]
[4188733072, 4188733088]
[4188733104, 4188733120]
[4188733136, 4188733152]
[4188733168, 4188733184]
[4188737040, 4188737056]
[4188737072, 4188737088]
[4188737104, 4188737120]
[4188737136, 4188737152]
[4188737168, 4188737184]
[4188737200, 4188737216]
[4188737232, 4188737248]
[4188737264, 4188737280]
[4188741136, 4188741152]
[4188741168, 4188741184]
[4188741200, 4188741216]
[4188741232, 4188741248]
[4188741264, 4188741280]
[4188741296, 4188741312]
[4188741328, 4188741344]
[4188741360, 4188741376]
[4188745232, 4188745248]
[4188745264, 4188745280]
[4188745296, 4188745312]
[4188745328, 4188745344]
[4188745360, 4188745376]
[4188745392, 4188745408]
[4188745424, 4188745440]
[4188745456, 4188745472]
[4188749328, 4188749344]
[4188749360, 4188749376]
[4188749392, 4188749408]
[4188749424, 4188749440]
[4188749456, 4188749472]
[4188749488, 4188749504]
[4188749520, 4188749536]
[4188749552, 4188749568]
[4188753424, 4188753440]
[4188753456, 4188753472]
[4188753488, 4188753504]
[4188753520, 4188753536]
[4188753552, 4188753568]
[4188753584, 4188753600]
[4188753616, 4188753632]
[4188753648, 4188753664]
[4188757520, 4188757536]
[4188757552, 4188757568]
[4188757584, 4188757600]
[4188757616, 4188757632]
[4188757648, 4188757664]
[4188757680, 4188757696]
[4188757712, 4188757728]
[4188757744, 4188757760]
[4188761616, 4188761632]
[4188761648, 4188761664]
[4188761680, 4188761696]
[4188761712, 4188761728]
[4188761744, 4188761760]
[4188761776, 4188761792]
[4188761808, 4188761824]
[4188761840, 4188761856]
[4188765712, 4188765728]
[4188765744, 4188765760]
[4188765776, 4188765792]
[4188765808, 4188765824]
[4188765840, 4188765856]
[4188765872, 4188765888]
[4188765904, 4188765920]
[4188765936, 4188765952]
[4188769808, 4188769824]
[4188769840, 4188769856]
[4188769872, 4188769888]
[4188769904, 4188769920]
[4188769936, 4188769952]
[4188769968, 4188769984]
[4188770000, 4188770016]
[4188770032, 4188770048]
[4188773904, 4188773920]
[4188773936, 4188773952]
[4188773968, 4188773984]
[4188774000, 4188774016]
[4188774032, 4188774048]
[4188774064, 4188774080]
[4188774096, 4188774112]
[4188774128, 4188774144]
[4188778000, 4188778016]
[4188778032, 4188778048]
[4188778064, 4188778080]
[4188778096, 4188778112]
[4188778128, 4188778144]
[4188778160, 4188778176]
[4188778192, 4188778208]
[4188778224, 4188778240]
[4188782096, 4188782112]
[4188782128, 4188782144]
[4188782160, 4188782176]
[4188782192, 4188782208]
[4188782224, 4188782240]
[4188782256, 4188782272]
[4188782288, 4188782304]
[4188782320, 4188782336]
[4188786192, 4188786208]
[4188786224, 4188786240]
[4188786256, 4188786272]
[4188786288, 4188786304]
[4188786320, 4188786336]
[4188786352, 4188786368]
[4188786384, 4188786400]
[4188786416, 4188786432]
[4188790288, 4188790304]
[4188790320, 4188790336]
[4188790352, 4188790368]
[4188790384, 4188790400]
[4188790416, 4188790432]
[4188790448, 4188790464]
[4188790480, 4188790496]
[4188790512, 4188790528]
[4188794384, 4188794400]
[4188794416, 4188794432]
[4188794448, 4188794464]
[4188794480, 4188794496]
[4188794512, 4188794528]
[4188794544, 4188794560]
[4188794576, 4188794592]
[4188794608, 4188794624]
[4188798480, 4188798496]
[4188798512, 4188798528]
[4188798544, 4188798560]
[4188798576, 4188798592]
[4188798608, 4188798624]
[4188798640, 4188798656]
[4188798672, 4188798688]
[4188798704, 4188798720]
[4188802576, 4188802592]
[4188802608, 4188802624]
[4188802640, 4188802656]
[4188802672, 4188802688]
[4188802704, 4188802720]
[4188802736, 4188802752]
[4188802768, 4188802784]
[4188802800, 4188802816]
[4188806672, 4188806688]
[4188806704, 4188806720]
[4188806736, 4188806752]
[4188806768, 4188806784]
[4188806800, 4188806816]
[4188806832, 4188806848]
[4188806864, 4188806880]
[4188806896, 4188806912]
[4188810768, 4188810784]
[4188810800, 4188810816]
[4188810832, 4188810848]
[4188810864, 4188810880]
[4188810896, 4188810912]
[4188810928, 4188810944]
[4188810960, 4188810976]
[4188810992, 4188811008]
[4188814864, 4188814880]
[4188814896, 4188814912]
[4188814928, 4188814944]
[4188814960, 4188814976]
[4188814992, 4188815008]
[4188815024, 4188815040]
[4188815056, 4188815072]
[4188815088, 4188815104]
[4188818960, 4188818976]
[4188818992, 4188819008]
[4188819024, 4188819040]
[4188819056, 4188819072]
[4188819088, 4188819104]
[4188819120, 4188819136]
[4188819152, 4188819168]
[4188819184, 4188819200]
[4188823056, 4188823072]
[4188823088, 4188823104]
[4188823120, 4188823136]
[4188823152, 4188823168]
[4188823184, 4188823200]
[4188823216, 4188823232]
[4188823248, 4188823264]
[4188823280, 4188823296]
[4188827152, 4188827168]
[4188827184, 4188827200]
[4188827216, 4188827232]
[4188827248, 4188827264]
[4188827280, 4188827296]
[4188827312, 4188827328]
[4188827344, 4188827360]
[4188827376, 4188827392]
[4188831248, 4188831264]
[4188831280, 4188831296]
[4188831312, 4188831328]
[4188831344, 4188831360]
[4188831376, 4188831392]
[4188831408, 4188831424]
[4188831440, 4188831456]
[4188831472, 4188831488]
[4188835344, 4188835360]
[4188835376, 4188835392]
[4188835408, 4188835424]
[4188835440, 4188835456]
[4188835472, 4188835488]
[4188835504, 4188835520]
[4188835536, 4188835552]
[4188835568, 4188835584]
[4188839440, 4188839456]
[4188839472, 4188839488]
[4188839504, 4188839520]
[4188839536, 4188839552]
[4188839568, 4188839584]
[4188839600, 4188839616]
[4188839632, 4188839648]
[4188839664, 4188839680]
[4188843536, 4188843552]
[4188843568, 4188843584]
[4188843600, 4188843616]
[4188843632, 4188843648]
[4188843664, 4188843680]
[4188843696, 4188843712]
[4188843728, 4188843744]
[4188843760, 4188843776]
[4188847632, 4188847648]
[4188847664, 4188847680]
[4188847696, 4188847712]
[4188847728, 4188847744]
[4188847760, 4188847776]
[4188847792, 4188847808]
[4188847824, 4188847840]
[4188847856, 4188847872]
[4188851728, 4188851744]
[4188851760, 4188851776]
[4188851792, 4188851808]
[4188851824, 4188851840]
[4188851856, 4188851872]
[4188851888, 4188851904]
[4188851920, 4188851936]
[4188851952, 4188851968]
[4188855824, 4188855840]
[4188855856, 4188855872]
[4188855888, 4188855904]
[4188855920, 4188855936]
[4188855952, 4188855968]
[4188855984, 4188856000]
[4188856016, 4188856032]
[4188856048, 4188856064]
[4188859920, 4188859936]
[4188859952, 4188859968]
[4188859984, 4188860000]
[4188860016, 4188860032]
[4188860048, 4188860064]
[4188860080, 4188860096]
[4188860112, 4188860128]
[4188860144, 4188860160]
[4188864016, 4188864032]
[4188864048, 4188864064]
[4188864080, 4188864096]
[4188864112, 4188864128]
[4188864144, 4188864160]
[4188864176, 4188864192]
[4188864208, 4188864224]
[4188864240, 4188864256]
[4188868112, 4188868128]
[4188868144, 4188868160]
[4188868176, 4188868192]
[4188868208, 4188868224]
[4188868240, 4188868256]
[4188868272, 4188868288]
[4188868304, 4188868320]
[4188868336, 4188868352]
[4188872208, 4188872224]
[4188872240, 4188872256]
[4188872272, 4188872288]
[4188872304, 4188872320]
[4188872336, 4188872352]
[4188872368, 4188872384]
[4188872400, 4188872416]
[4188872432, 4188872448]
[4188876304, 4188876320]
[4188876336, 4188876352]
[4188876368, 4188876384]
[4188876400, 4188876416]
[4188876432, 4188876448]
[4188876464, 4188876480]
[4188876496, 4188876512]
[4188876528, 4188876544]
[4188880400, 4188880416]
[4188880432, 4188880448]
[4188880464, 4188880480]
[4188880496, 4188880512]
[4188880528, 4188880544]
[4188880560, 4188880576]
[4188880592, 4188880608]
[4188880624, 4188880640]
[4188884496, 4188884512]
[4188884528, 4188884544]
[4188884560, 4188884576]
[4188884592, 4188884608]
[4188884624, 4188884640]
[4188884656, 4188884672]
[4188884688, 4188884704]
[4188884720, 4188884736]
[4188888592, 4188888608]
[4188888624, 4188888640]
[4188888656, 4188888672]
[4188888688, 4188888704]
[4188888720, 4188888736]
[4188888752, 4188888768]
[4188888784, 4188888800]
[4188888816, 4188888832]
[4188892688, 4188892704]
[4188892720, 4188892736]
[4188892752, 4188892768]
[4188892784, 4188892800]
[4188892816, 4188892832]
[4188892848, 4188892864]
[4188892880, 4188892896]
[4188892912, 4188892928]
[4188896784, 4188896800]
[4188896816, 4188896832]
[4188896848, 4188896864]
[4188896880, 4188896896]
[4188896912, 4188896928]
[4188896944, 4188896960]
[4188896976, 4188896992]
[4188897008, 4188897024]
[4188900880, 4188900896]
[4188900912, 4188900928]
[4188900944, 4188900960]
[4188900976, 4188900992]
[4188901008, 4188901024]
[4188901040, 4188901056]
[4188901072, 4188901088]
[4188901104, 4188901120]
[4188904976, 4188904992]
[4188905008, 4188905024]
[4188905040, 4188905056]
[4188905072, 4188905088]
[4188905104, 4188905120]
[4188905136, 4188905152]
[4188905168, 4188905184]
[4188905200, 4188905216]
[4188909072, 4188909088]
[4188909104, 4188909120]
[4188909136, 4188909152]
[4188909168, 4188909184]
[4188909200, 4188909216]
[4188909232, 4188909248]
[4188909264, 4188909280]
[4188909296, 4188909312]
[4188913168, 4188913184]
[4188913200, 4188913216]
[4188913232, 4188913248]
[4188913264, 4188913280]
[4188913296, 4188913312]
[4188913328, 4188913344]
[4188913360, 4188913376]
[4188913392, 4188913408]
[4188917264, 4188917280]
[4188917296, 4188917312]
[4188917328, 4188917344]
[4188917360, 4188917376]
[4188917392, 4188917408]
[4188917424, 4188917440]
[4188917456, 4188917472]
[4188917488, 4188917504]
[4188921360, 4188921376]
[4188921392, 4188921408]
[4188921424, 4188921440]
[4188921456, 4188921472]
[4188921488, 4188921504]
[4188921520, 4188921536]
[4188921552, 4188921568]
[4188921584, 4188921600]
[4188925456, 4188925472]
[4188925488, 4188925504]
[4188925520, 4188925536]
[4188925552, 4188925568]
[4188925584, 4188925600]
[4188925616, 4188925632]
[4188925648, 4188925664]
[4188925680, 4188925696]
[4188929552, 4188929568]
[4188929584, 4188929600]
[4188929616, 4188929632]
[4188929648, 4188929664]
[4188929680, 4188929696]
[4188929712, 4188929728]
[4188929744, 4188929760]
[4188929776, 4188929792]
[4188933648, 4188933664]
[4188933680, 4188933696]
[4188933712, 4188933728]
[4188933744, 4188933760]
[4188933776, 4188933792]
[4188933808, 4188933824]
[4188933840, 4188933856]
[4188933872, 4188933888]
[4188937744, 4188937760]
[4188937776, 4188937792]
[4188937808, 4188937824]
[4188937840, 4188937856]
[4188937872, 4188937888]
[4188937904, 4188937920]
[4188937936, 4188937952]
[4188937968, 4188937984]
[4188941840, 4188941856]
[4188941872, 4188941888]
[4188941904, 4188941920]
[4188941936, 4188941952]
[4188941968, 4188941984]
[4188942000, 4188942016]
[4188942032, 4188942048]
[4188942064, 4188942080]
[4188945936, 4188945952]
[4188945968, 4188945984]
[4188946000, 4188946016]
[4188946032, 4188946048]
[4188946064, 4188946080]
[4188946096, 4188946112]
[4188946128, 4188946144]
[4188946160, 4188946176]
[4188950032, 4188950048]
[4188950064, 4188950080]
[4188950096, 4188950112]
[4188950128, 4188950144]
[4188950160, 4188950176]
[4188950192, 4188950208]
[4188950224, 4188950240]
[4188950256, 4188950272]
[4188954128, 4188954144]
[4188954160, 4188954176]
[4188954192, 4188954208]
[4188954224, 4188954240]
[4188954256, 4188954272]
[4188954288, 4188954304]
[4188954320, 4188954336]
[4188954352, 4188954368]
[4188958224, 4188958240]
[4188958256, 4188958272]
[4188958288, 4188958304]
[4188958320, 4188958336]
[4188958352, 4188958368]
[4188958384, 4188958400]
[4188958416, 4188958432]
[4188958448, 4188958464]
[4188962320, 4188962336]
[4188962352, 4188962368]
[4188962384, 4188962400]
[4188962416, 4188962432]
[4188962448, 4188962464]
[4188962480, 4188962496]
[4188962512, 4188962528]
[4188962544, 4188962560]
[4188966416, 4188966432]
[4188966448, 4188966464]
[4188966480, 4188966496]
[4188966512, 4188966528]
[4188966544, 4188966560]
[4188966576, 4188966592]
[4188966608, 4188966624]
[4188966640, 4188966656]
[4188970512, 4188970528]
[4188970544, 4188970560]
[4188970576, 4188970592]
[4188970608, 4188970624]
[4188970640, 4188970656]
[4188970672, 4188970688]
[4188970704, 4188970720]
[4188970736, 4188970752]
[4188974608, 4188974624]
[4188974640, 4188974656]
[4188974672, 4188974688]
[4188974704, 4188974720]
[4188974736, 4188974752]
[4188974768, 4188974784]
[4188974800, 4188974816]
[4188974832, 4188974848]
[4188978704, 4188978720]
[4188978736, 4188978752]
[4188978768, 4188978784]
[4188978800, 4188978816]
[4188978832, 4188978848]
[4188978864, 4188978880]
[4188978896, 4188978912]
[4188978928, 4188978944]
[4188982800, 4188982816]
[4188982832, 4188982848]
[4188982864, 4188982880]
[4188982896, 4188982912]
[4188982928, 4188982944]
[4188982960, 4188982976]
[4188982992, 4188983008]
[4188983024, 4188983040]
[4188986896, 4188986912]
[4188986928, 4188986944]
[4188986960, 4188986976]
[4188986992, 4188987008]
[4188987024, 4188987040]
[4188987056, 4188987072]
[4188987088, 4188987104]
[4188987120, 4188987136]
[4188990992, 4188991008]
[4188991024, 4188991040]
[4188991056, 4188991072]
[4188991088, 4188991104]
[4188991120, 4188991136]
[4188991152, 4188991168]
[4188991184, 4188991200]
[4188991216, 4188991232]
[4188995088, 4188995104]
[4188995120, 4188995136]
[4188995152, 4188995168]
[4188995184, 4188995200]
[4188995216, 4188995232]
[4188995248, 4188995264]
[4188995280, 4188995296]
[4188995312, 4188995328]
[4188999184, 4188999200]
[4188999216, 4188999232]
[4188999248, 4188999264]
[4188999280, 4188999296]
[4188999312, 4188999328]
[4188999344, 4188999360]
[4188999376, 4188999392]
[4188999408, 4188999424]
[4189003280, 4189003296]
[4189003312, 4189003328]
[4189003344, 4189003360]
[4189003376, 4189003392]
[4189003408, 4189003424]
[4189003440, 4189003456]
[4189003472, 4189003488]
[4189003504, 4189003520]
[4189007376, 4189007392]
[4189007408, 4189007424]
[4189007440, 4189007456]
[4189007472, 4189007488]
[4189007504, 4189007520]
[4189007536, 4189007552]
[4189007568, 4189007584]
[4189007600, 4189007616]
[4189011472, 4189011488]
[4189011504, 4189011520]
[4189011536, 4189011552]
[4189011568, 4189011584]
[4189011600, 4189011616]
[4189011632, 4189011648]
[4189011664, 4189011680]
[4189011696, 4189011712]
[4189015568, 4189015584]
[4189015600, 4189015616]
[4189015632, 4189015648]
[4189015664, 4189015680]
[4189015696, 4189015712]
[4189015728, 4189015744]
[4189015760, 4189015776]
[4189015792, 4189015808]
[4189019664, 4189019680]
[4189019696, 4189019712]
[4189019728, 4189019744]
[4189019760, 4189019776]
[4189019792, 4189019808]
[4189019824, 4189019840]
[4189019856, 4189019872]
[4189019888, 4189019904]
[4189023760, 4189023776]
[4189023792, 4189023808]
[4189023824, 4189023840]
[4189023856, 4189023872]
[4189023888, 4189023904]
[4189023920, 4189023936]
[4189023952, 4189023968]
[4189023984, 4189024000]
[4189027856, 4189027872]
[4189027888, 4189027904]
[4189027920, 4189027936]
[4189027952, 4189027968]
[4189027984, 4189028000]
[4189028016, 4189028032]
[4189028048, 4189028064]
[4189028080, 4189028096]
[4189031952, 4189031968]
[4189031984, 4189032000]
[4189032016, 4189032032]
[4189032048, 4189032064]
[4189032080, 4189032096]
[4189032112, 4189032128]
[4189032144, 4189032160]
[4189032176, 4189032192]
[4189036048, 4189036064]
[4189036080, 4189036096]
[4189036112, 4189036128]
[4189036144, 4189036160]
[4189036176, 4189036192]
[4189036208, 4189036224]
[4189036240, 4189036256]
[4189036272, 4189036288]
[4189040144, 4189040160]
[4189040176, 4189040192]
[4189040208, 4189040224]
[4189040240, 4189040256]
[4189040272, 4189040288]
[4189040304, 4189040320]
[4189040336, 4189040352]
[4189040368, 4189040384]
[4189044240, 4189044256]
[4189044272, 4189044288]
[4189044304, 4189044320]
[4189044336, 4189044352]
[4189044368, 4189044384]
[4189044400, 4189044416]
[4189044432, 4189044448]
[4189044464, 4189044480]
[4189048336, 4189048352]
[4189048368, 4189048384]
[4189048400, 4189048416]
[4189048432, 4189048448]
[4189048464, 4189048480]
[4189048496, 4189048512]
[4189048528, 4189048544]
[4189048560, 4189048576]
[4189052432, 4189052448]
[4189052464, 4189052480]
[4189052496, 4189052512]
[4189052528, 4189052544]
[4189052560, 4189052576]
[4189052592, 4189052608]
[4189052624, 4189052640]
[4189052656, 4189052672]
[4189056528, 4189056544]
[4189056560, 4189056576]
[4189056592, 4189056608]
[4189056624, 4189056640]
[4189056656, 4189056672]
[4189056688, 4189056704]
[4189056720, 4189056736]
[4189056752, 4189056768]
[4189060624, 4189060640]
[4189060656, 4189060672]
[4189060688, 4189060704]
[4189060720, 4189060736]
[4189060752, 4189060768]
[4189060784, 4189060800]
[4189060816, 4189060832]
[4189060848, 4189060864]
[4190112768, 4190113792]
[4190116864, 4190117888]
[4190120960, 4190121984]
[4190125056, 4190126080]
[4190129152, 4190130176]
[4190133248, 4190134272]
[4190137344, 4190138368]
[4190141440, 4190142464]
[4190145536, 4190146560]
[4190149632, 4190150656]
[4190153728, 4190154752]
[4190157824, 4190158848]
[4190161920, 4190162944]
[4190166016, 4190167040]
[4190170112, 4190171136]
[4190174208, 4190175232]
[4190178304, 4190179328]
[4190182400, 4190183424]
[4190186496, 4190187520]
[4190190592, 4190191616]
[4190194688, 4190195712]
[4190198784, 4190199808]
[4190202880, 4190203904]
[4190206976, 4190208000]
[4190211072, 4190212096]
[4190215168, 4190216192]
[4190219264, 4190220288]
[4190223360, 4190224384]
[4190227456, 4190228480]
[4190231552, 4190232576]
[4190235648, 4190236672]
[4190239744, 4190240768]
[4190243840, 4190244864]
[4190247936, 4190248960]
[4190252032, 4190253056]
[4190256128, 4190257152]
[4190260224, 4190261248]
[4190264320, 4190265344]
[4190268416, 4190269440]
[4190272512, 4190273536]
[4190276608, 4190277632]
[4190280704, 4190281728]
[4190284800, 4190285824]
[4190288896, 4190289920]
[4190292992, 4190294016]
[4190297088, 4190298112]
[4190301184, 4190302208]
[4190305280, 4190306304]
[4190309376, 4190310400]
[4190313472, 4190314496]
[4190317568, 4190318592]
[4190321664, 4190322688]
[4190325760, 4190326784]
[4190329856, 4190330880]
[4190333952, 4190334976]
[4190338048, 4190339072]
[4190342144, 4190343168]
[4190346240, 4190347264]
[4190350336, 4190351360]
[4190354432, 4190355456]
[4190358528, 4190359552]
[4190362624, 4190363648]
[4190366720, 4190367744]
[4190370816, 4190371840]
[4190374912, 4190375936]
[4190379008, 4190380032]
[4190383104, 4190384128]
[4190387200, 4190388224]
[4190391296, 4190392320]
[4190395392, 4190396416]
[4190399488, 4190400512]
[4190403584, 4190404608]
[4190407680, 4190408704]
[4190411776, 4190412800]
[4190415872, 4190416896]
[4190419968, 4190420992]
[4190424064, 4190425088]
[4190428160, 4190429184]
[4190432256, 4190433280]
[4190436352, 4190437376]
[4190440448, 4190441472]
[4190444544, 4190445568]
[4190448640, 4190449664]
[4190452736, 4190453760]
[4190456832, 4190457856]
[4190460928, 4190461952]
[4190465024, 4190466048]
[4190469120, 4190470144]
[4190473216, 4190474240]
[4190477312, 4190478336]
[4190481408, 4190482432]
[4190485504, 4190486528]
[4190489600, 4190490624]
[4190493696, 4190494720]
[4190497792, 4190498816]
[4190501888, 4190502912]
[4190505984, 4190507008]
[4190510080, 4190511104]
[4190514176, 4190515200]
[4190518272, 4190519296]
[4190522368, 4190523392]
[4190526464, 4190527488]
[4190530560, 4190531584]
[4190534656, 4190535680]
[4190538752, 4190539776]
[4190542848, 4190543872]
[4190546944, 4190547968]
[4190551040, 4190552064]
[4190555136, 4190556160]
[4190559232, 4190560256]
[4190563328, 4190564352]
[4190567424, 4190568448]
[4190571520, 4190572544]
[4190575616, 4190576640]
[4190579712, 4190580736]
[4190583808, 4190584832]
[4190587904, 4190588928]
[4190592000, 4190593024]
[4190596096, 4190597120]
[4190600192, 4190601216]
[4190604288, 4190605312]
[4190608384, 4190609408]
[4190612480, 4190613504]
[4190616576, 4190617600]
[4190620672, 4190621696]
[4190624768, 4190625792]
[4190628864, 4190629888]
[4190632960, 4190633984]
[4190637056, 4190638080]
[4190641152, 4190642176]
[4190645248, 4190646272]
[4190649344, 4190650368]
[4190653440, 4190654464]
[4190657536, 4190658560]
[4190661632, 4190662656]
[4190665728, 4190666752]
[4190669824, 4190670848]
[4190673920, 4190674944]
[4190678016, 4190679040]
[4190682112, 4190683136]
[4190686208, 4190687232]
[4190690304, 4190691328]
[4190694400, 4190695424]
[4190698496, 4190699520]
[4190702592, 4190703616]
[4190706688, 4190707712]
[4190710784, 4190711808]
[4190714880, 4190715904]
[4190718976, 4190720000]
[4190723072, 4190724096]
[4190727168, 4190728192]
[4190731264, 4190732288]
[4190735360, 4190736384]
[4190739456, 4190740480]
[4190743552, 4190744576]
[4190747648, 4190748672]
[4190751744, 4190752768]
[4190755840, 4190756864]
[4190759936, 4190760960]
[4190764032, 4190765056]
[4190768128, 4190769152]
[4190772224, 4190773248]
[4190776320, 4190777344]
[4190780416, 4190781440]
[4190784512, 4190785536]
[4190788608, 4190789632]
[4190792704, 4190793728]
[4190796800, 4190797824]
[4190800896, 4190801920]
[4190804992, 4190806016]
[4190809088, 4190810112]
[4190813184, 4190814208]
[4190817280, 4190818304]
[4190821376, 4190822400]
[4190825472, 4190826496]
[4190829568, 4190830592]
[4190833664, 4190834688]
[4190837760, 4190838784]
[4190841856, 4190842880]
[4190845952, 4190846976]
[4190850048, 4190851072]
[4190854144, 4190855168]
[4190858240, 4190859264]
[4190862336, 4190863360]
[4190866432, 4190867456]
[4190870528, 4190871552]
[4190874624, 4190875648]
[4190878720, 4190879744]
[4190882816, 4190883840]
[4190886912, 4190887936]
[4190891008, 4190892032]
[4190895104, 4190896128]
[4190899200, 4190900224]
[4190903296, 4190904320]
[4190907392, 4190908416]
[4190911488, 4190912512]
[4190915584, 4190916608]
[4190919680, 4190920704]
[4190923776, 4190924800]
[4190927872, 4190928896]
[4190931968, 4190932992]
[4190936064, 4190937088]
[4190940160, 4190941184]
[4190944256, 4190945280]
[4190948352, 4190949376]
[4190952448, 4190953472]
[4190956544, 4190957568]
[4190960640, 4190961664]
[4190964736, 4190965760]
[4190968832, 4190969856]
[4190972928, 4190973952]
[4190977024, 4190978048]
[4190981120, 4190982144]
[4190985216, 4190986240]
[4190989312, 4190990336]
[4190993408, 4190994432]
[4190997504, 4190998528]
[4191001600, 4191002624]
[4191005696, 4191006720]
[4191009792, 4191010816]
[4191013888, 4191014912]
[4191017984, 4191019008]
[4191022080, 4191023104]
[4191026176, 4191027200]
[4191030272, 4191031296]
[4191034368, 4191035392]
[4191038464, 4191039488]
[4191042560, 4191043584]
[4191046656, 4191047680]
[4191050752, 4191051776]
[4191054848, 4191055872]
[4191058944, 4191059968]
[4191063040, 4191064064]
[4191067136, 4191068160]
[4191071232, 4191072256]
[4191075328, 4191076352]
[4191079424, 4191080448]
[4191083520, 4191084544]
[4191087616, 4191088640]
[4191091712, 4191092736]
[4191095808, 4191096832]
[4191099904, 4191100928]
[4191104000, 4191105024]
[4191108096, 4191109120]
[4191112192, 4191113216]
[4191116288, 4191117312]
[4191120384, 4191121408]
[4191124480, 4191125504]
[4191128576, 4191129600]
[4191132672, 4191133696]
[4191136768, 4191137792]
[4191140864, 4191141888]
[4191144960, 4191145984]
[4191149056, 4191150080]
[4191153152, 4191154176]
[4191157248, 4192206848]
[4192210448, 4192210464]
[4192210480, 4192210496]
[4192210512, 4192210528]
[4192210544, 4192210560]
[4192210576, 4192210592]
[4192210608, 4192210624]
[4192210640, 4192210656]
[4192210672, 4192210688]
[4192214544, 4192214560]
[4192214576, 4192214592]
[4192214608, 4192214624]
[4192214640, 4192214656]
[4192214672, 4192214688]
[4192214704, 4192214720]
[4192214736, 4192214752]
[4192214768, 4192214784]
[4192218640, 4192218656]
[4192218672, 4192218688]
[4192218704, 4192218720]
[4192218736, 4192218752]
[4192218768, 4192218784]
[4192218800, 4192218816]
[4192218832, 4192218848]
[4192218864, 4192218880]
[4192222736, 4192222752]
[4192222768, 4192222784]
[4192222800, 4192222816]
[4192222832, 4192222848]
[4192222864, 4192222880]
[4192222896, 4192222912]
[4192222928, 4192222944]
[4192222960, 4192222976]
[4192226832, 4192226848]
[4192226864, 4192226880]
[4192226896, 4192226912]
[4192226928, 4192226944]
[4192226960, 4192226976]
[4192226992, 4192227008]
[4192227024, 4192227040]
[4192227056, 4192227072]
[4192230928, 4192230944]
[4192230960, 4192230976]
[4192230992, 4192231008]
[4192231024, 4192231040]
[4192231056, 4192231072]
[4192231088, 4192231104]
[4192231120, 4192231136]
[4192231152, 4192231168]
[4192235024, 4192235040]
[4192235056, 4192235072]
[4192235088, 4192235104]
[4192235120, 4192235136]
[4192235152, 4192235168]
[4192235184, 4192235200]
[4192235216, 4192235232]
[4192235248, 4192235264]
[4192239120, 4192239136]
[4192239152, 4192239168]
[4192239184, 4192239200]
[4192239216, 4192239232]
[4192239248, 4192239264]
[4192239280, 4192239296]
[4192239312, 4192239328]
[4192239344, 4192239360]
[4192243216, 4192243232]
[4192243248, 4192243264]
[4192243280, 4192243296]
[4192243312, 4192243328]
[4192243344, 4192243360]
[4192243376, 4192243392]
[4192243408, 4192243424]
[4192243440, 4192243456]
[4192247312, 4192247328]
[4192247344, 4192247360]
[4192247376, 4192247392]
[4192247408, 4192247424]
[4192247440, 4192247456]
[4192247472, 4192247488]
[4192247504, 4192247520]
[4192247536, 4192247552]
[4192251408, 4192251424]
[4192251440, 4192251456]
[4192251472, 4192251488]
[4192251504, 4192251520]
[4192251536, 4192251552]
[4192251568, 4192251584]
[4192251600, 4192251616]
[4192251632, 4192251648]
[4192255504, 4192255520]
[4192255536, 4192255552]
[4192255568, 4192255584]
[4192255600, 4192255616]
[4192255632, 4192255648]
[4192255664, 4192255680]
[4192255696, 4192255712]
[4192255728, 4192255744]
[4192259600, 4192259616]
[4192259632, 4192259648]
[4192259664, 4192259680]
[4192259696, 4192259712]
[4192259728, 4192259744]
[4192259760, 4192259776]
[4192259792, 4192259808]
[4192259824, 4192259840]
[4192263696, 4192263712]
[4192263728, 4192263744]
[4192263760, 4192263776]
[4192263792, 4192263808]
[4192263824, 4192263840]
[4192263856, 4192263872]
[4192263888, 4192263904]
[4192263920, 4192263936]
[4192267792, 4192267808]
[4192267824, 4192267840]
[4192267856, 4192267872]
[4192267888, 4192267904]
[4192267920, 4192267936]
[4192267952, 4192267968]
[4192267984, 4192268000]
[4192268016, 4192268032]
[4192271888, 4192271904]
[4192271920, 4192271936]
[4192271952, 4192271968]
[4192271984, 4192272000]
[4192272016, 4192272032]
[4192272048, 4192272064]
[4192272080, 4192272096]
[4192272112, 4192272128]
[4192275984, 4192276000]
[4192276016, 4192276032]
[4192276048, 4192276064]
[4192276080, 4192276096]
[4192276112, 4192276128]
[4192276144, 4192276160]
[4192276176, 4192276192]
[4192276208, 4192276224]
[4192280080, 4192280096]
[4192280112, 4192280128]
[4192280144, 4192280160]
[4192280176, 4192280192]
[4192280208, 4192280224]
[4192280240, 4192280256]
[4192280272, 4192280288]
[4192280304, 4192280320]
[4192284176, 4192284192]
[4192284208, 4192284224]
[4192284240, 4192284256]
[4192284272, 4192284288]
[4192284304, 4192284320]
[4192284336, 4192284352]
[4192284368, 4192284384]
[4192284400, 4192284416]
[4192288272, 4192288288]
[4192288304, 4192288320]
[4192288336, 4192288352]
[4192288368, 4192288384]
[4192288400, 4192288416]
[4192288432, 4192288448]
[4192288464, 4192288480]
[4192288496, 4192288512]
[4192292368, 4192292384]
[4192292400, 4192292416]
[4192292432, 4192292448]
[4192292464, 4192292480]
[4192292496, 4192292512]
[4192292528, 4192292544]
[4192292560, 4192292576]
[4192292592, 4192292608]
[4192296464, 4192296480]
[4192296496, 4192296512]
[4192296528, 4192296544]
[4192296560, 4192296576]
[4192296592, 4192296608]
[4192296624, 4192296640]
[4192296656, 4192296672]
[4192296688, 4192296704]
[4192300560, 4192300576]
[4192300592, 4192300608]
[4192300624, 4192300640]
[4192300656, 4192300672]
[4192300688, 4192300704]
[4192300720, 4192300736]
[4192300752, 4192300768]
[4192300784, 4192300800]
[4192304656, 4192304672]
[4192304688, 4192304704]
[4192304720, 4192304736]
[4192304752, 4192304768]
[4192304784, 4192304800]
[4192304816, 4192304832]
[4192304848, 4192304864]
[4192304880, 4192304896]
[4192308752, 4192308768]
[4192308784, 4192308800]
[4192308816, 4192308832]
[4192308848, 4192308864]
[4192308880, 4192308896]
[4192308912, 4192308928]
[4192308944, 4192308960]
[4192308976, 4192308992]
[4192312848, 4192312864]
[4192312880, 4192312896]
[4192312912, 4192312928]
[4192312944, 4192312960]
[4192312976, 4192312992]
[4192313008, 4192313024]
[4192313040, 4192313056]
[4192313072, 4192313088]
[4192316944, 4192316960]
[4192316976, 4192316992]
[4192317008, 4192317024]
[4192317040, 4192317056]
[4192317072, 4192317088]
[4192317104, 4192317120]
[4192317136, 4192317152]
[4192317168, 4192317184]
[4192321040, 4192321056]
[4192321072, 4192321088]
[4192321104, 4192321120]
[4192321136, 4192321152]
[4192321168, 4192321184]
[4192321200, 4192321216]
[4192321232, 4192321248]
[4192321264, 4192321280]
[4192325136, 4192325152]
[4192325168, 4192325184]
[4192325200, 4192325216]
[4192325232, 4192325248]
[4192325264, 4192325280]
[4192325296, 4192325312]
[4192325328, 4192325344]
[4192325360, 4192325376]
[4192329232, 4192329248]
[4192329264, 4192329280]
[4192329296, 4192329312]
[4192329328, 4192329344]
[4192329360, 4192329376]
[4192329392, 4192329408]
[4192329424, 4192329440]
[4192329456, 4192329472]
[4192333328, 4192333344]
[4192333360, 4192333376]
[4192333392, 4192333408]
[4192333424, 4192333440]
[4192333456, 4192333472]
[4192333488, 4192333504]
[4192333520, 4192333536]
[4192333552, 4192333568]
[4192337424, 4192337440]
[4192337456, 4192337472]
[4192337488, 4192337504]
[4192337520, 4192337536]
[4192337552, 4192337568]
[4192337584, 4192337600]
[4192337616, 4192337632]
[4192337648, 4192337664]
[4192341520, 4192341536]
[4192341552, 4192341568]
[4192341584, 4192341600]
[4192341616, 4192341632]
[4192341648, 4192341664]
[4192341680, 4192341696]
[4192341712, 4192341728]
[4192341744, 4192341760]
[4192345616, 4192345632]
[4192345648, 4192345664]
[4192345680, 4192345696]
[4192345712, 4192345728]
[4192345744, 4192345760]
[4192345776, 4192345792]
[4192345808, 4192345824]
[4192345840, 4192345856]
[4192349712, 4192349728]
[4192349744, 4192349760]
[4192349776, 4192349792]
[4192349808, 4192349824]
[4192349840, 4192349856]
[4192349872, 4192349888]
[4192349904, 4192349920]
[4192349936, 4192349952]
[4192353808, 4192353824]
[4192353840, 4192353856]
[4192353872, 4192353888]
[4192353904, 4192353920]
[4192353936, 4192353952]
[4192353968, 4192353984]
[4192354000, 4192354016]
[4192354032, 4192354048]
[4192357904, 4192357920]
[4192357936, 4192357952]
[4192357968, 4192357984]
[4192358000, 4192358016]
[4192358032, 4192358048]
[4192358064, 4192358080]
[4192358096, 4192358112]
[4192358128, 4192358144]
[4192362000, 4192362016]
[4192362032, 4192362048]
[4192362064, 4192362080]
[4192362096, 4192362112]
[4192362128, 4192362144]
[4192362160, 4192362176]
[4192362192, 4192362208]
[4192362224, 4192362240]
[4192366096, 4192366112]
[4192366128, 4192366144]
[4192366160, 4192366176]
[4192366192, 4192366208]
[4192366224, 4192366240]
[4192366256, 4192366272]
[4192366288, 4192366304]
[4192366320, 4192366336]
[4192370192, 4192370208]
[4192370224, 4192370240]
[4192370256, 4192370272]
[4192370288, 4192370304]
[4192370320, 4192370336]
[4192370352, 4192370368]
[4192370384, 4192370400]
[4192370416, 4192370432]
[4192374288, 4192374304]
[4192374320, 4192374336]
[4192374352, 4192374368]
[4192374384, 4192374400]
[4192374416, 4192374432]
[4192374448, 4192374464]
[4192374480, 4192374496]
[4192374512, 4192374528]
[4192378384, 4192378400]
[4192378416, 4192378432]
[4192378448, 4192378464]
[4192378480, 4192378496]
[4192378512, 4192378528]
[4192378544, 4192378560]
[4192378576, 4192378592]
[4192378608, 4192378624]
[4192382480, 4192382496]
[4192382512, 4192382528]
[4192382544, 4192382560]
[4192382576, 4192382592]
[4192382608, 4192382624]
[4192382640, 4192382656]
[4192382672, 4192382688]
[4192382704, 4192382720]
[4192386576, 4192386592]
[4192386608, 4192386624]
[4192386640, 4192386656]
[4192386672, 4192386688]
[4192386704, 4192386720]
[4192386736, 4192386752]
[4192386768, 4192386784]
[4192386800, 4192386816]
[4192390672, 4192390688]
[4192390704, 4192390720]
[4192390736, 4192390752]
[4192390768, 4192390784]
[4192390800, 4192390816]
[4192390832, 4192390848]
[4192390864, 4192390880]
[4192390896, 4192390912]
[4192394768, 4192394784]
[4192394800, 4192394816]
[4192394832, 4192394848]
[4192394864, 4192394880]
[4192394896, 4192394912]
[4192394928, 4192394944]
[4192394960, 4192394976]
[4192394992, 4192395008]
[4192398864, 4192398880]
[4192398896, 4192398912]
[4192398928, 4192398944]
[4192398960, 4192398976]
[4192398992, 4192399008]
[4192399024, 4192399040]
[4192399056, 4192399072]
[4192399088, 4192399104]
[4192402960, 4192402976]
[4192402992, 4192403008]
[4192403024, 4192403040]
[4192403056, 4192403072]
[4192403088, 4192403104]
[4192403120, 4192403136]
[4192403152, 4192403168]
[4192403184, 4192403200]
[4192407056, 4192407072]
[4192407088, 4192407104]
[4192407120, 4192407136]
[4192407152, 4192407168]
[4192407184, 4192407200]
[4192407216, 4192407232]
[4192407248, 4192407264]
[4192407280, 4192407296]
[4192411152, 4192411168]
[4192411184, 4192411200]
[4192411216, 4192411232]
[4192411248, 4192411264]
[4192411280, 4192411296]
[4192411312, 4192411328]
[4192411344, 4192411360]
[4192411376, 4192411392]
[4192415248, 4192415264]
[4192415280, 4192415296]
[4192415312, 4192415328]
[4192415344, 4192415360]
[4192415376, 4192415392]
[4192415408, 4192415424]
[4192415440, 4192415456]
[4192415472, 4192415488]
[4192419344, 4192419360]
[4192419376, 4192419392]
[4192419408, 4192419424]
[4192419440, 4192419456]
[4192419472, 4192419488]
[4192419504, 4192419520]
[4192419536, 4192419552]
[4192419568, 4192419584]
[4192423440, 4192423456]
[4192423472, 4192423488]
[4192423504, 4192423520]
[4192423536, 4192423552]
[4192423568, 4192423584]
[4192423600, 4192423616]
[4192423632, 4192423648]
[4192423664, 4192423680]
[4192427536, 4192427552]
[4192427568, 4192427584]
[4192427600, 4192427616]
[4192427632, 4192427648]
[4192427664, 4192427680]
[4192427696, 4192427712]
[4192427728, 4192427744]
[4192427760, 4192427776]
[4192431632, 4192431648]
[4192431664, 4192431680]
[4192431696, 4192431712]
[4192431728, 4192431744]
[4192431760, 4192431776]
[4192431792, 4192431808]
[4192431824, 4192431840]
[4192431856, 4192431872]
[4192435728, 4192435744]
[4192435760, 4192435776]
[4192435792, 4192435808]
[4192435824, 4192435840]
[4192435856, 4192435872]
[4192435888, 4192435904]
[4192435920, 4192435936]
[4192435952, 4192435968]
[4192439824, 4192439840]
[4192439856, 4192439872]
[4192439888, 4192439904]
[4192439920, 4192439936]
[4192439952, 4192439968]
[4192439984, 4192440000]
[4192440016, 4192440032]
[4192440048, 4192440064]
[4192443920, 4192443936]
[4192443952, 4192443968]
[4192443984, 4192444000]
[4192444016, 4192444032]
[4192444048, 4192444064]
[4192444080, 4192444096]
[4192444112, 4192444128]
[4192444144, 4192444160]
[4192448016, 4192448032]
[4192448048, 4192448064]
[4192448080, 4192448096]
[4192448112, 4192448128]
[4192448144, 4192448160]
[4192448176, 4192448192]
[4192448208, 4192448224]
[4192448240, 4192448256]
[4192452112, 4192452128]
[4192452144, 4192452160]
[4192452176, 4192452192]
[4192452208, 4192452224]
[4192452240, 4192452256]
[4192452272, 4192452288]
[4192452304, 4192452320]
[4192452336, 4192452352]
[4192456208, 4192456224]
[4192456240, 4192456256]
[4192456272, 4192456288]
[4192456304, 4192456320]
[4192456336, 4192456352]
[4192456368, 4192456384]
[4192456400, 4192456416]
[4192456432, 4192456448]
[4192460304, 4192460320]
[4192460336, 4192460352]
[4192460368, 4192460384]
[4192460400, 4192460416]
[4192460432, 4192460448]
[4192460464, 4192460480]
[4192460496, 4192460512]
[4192460528, 4192460544]
[4192464400, 4192464416]
[4192464432, 4192464448]
[4192464464, 4192464480]
[4192464496, 4192464512]
[4192464528, 4192464544]
[4192464560, 4192464576]
[4192464592, 4192464608]
[4192464624, 4192464640]
[4192468496, 4192468512]
[4192468528, 4192468544]
[4192468560, 4192468576]
[4192468592, 4192468608]
[4192468624, 4192468640]
[4192468656, 4192468672]
[4192468688, 4192468704]
[4192468720, 4192468736]
[4192472592, 4192472608]
[4192472624, 4192472640]
[4192472656, 4192472672]
[4192472688, 4192472704]
[4192472720, 4192472736]
[4192472752, 4192472768]
[4192472784, 4192472800]
[4192472816, 4192472832]
[4192476688, 4192476704]
[4192476720, 4192476736]
[4192476752, 4192476768]
[4192476784, 4192476800]
[4192476816, 4192476832]
[4192476848, 4192476864]
[4192476880, 4192476896]
[4192476912, 4192476928]
[4192480784, 4192480800]
[4192480816, 4192480832]
[4192480848, 4192480864]
[4192480880, 4192480896]
[4192480912, 4192480928]
[4192480944, 4192480960]
[4192480976, 4192480992]
[4192481008, 4192481024]
[4192484880, 4192484896]
[4192484912, 4192484928]
[4192484944, 4192484960]
[4192484976, 4192484992]
[4192485008, 4192485024]
[4192485040, 4192485056]
[4192485072, 4192485088]
[4192485104, 4192485120]
[4192488976, 4192488992]
[4192489008, 4192489024]
[4192489040, 4192489056]
[4192489072, 4192489088]
[4192489104, 4192489120]
[4192489136, 4192489152]
[4192489168, 4192489184]
[4192489200, 4192489216]
[4192493072, 4192493088]
[4192493104, 4192493120]
[4192493136, 4192493152]
[4192493168, 4192493184]
[4192493200, 4192493216]
[4192493232, 4192493248]
[4192493264, 4192493280]
[4192493296, 4192493312]
[4192497168, 4192497184]
[4192497200, 4192497216]
[4192497232, 4192497248]
[4192497264, 4192497280]
[4192497296, 4192497312]
[4192497328, 4192497344]
[4192497360, 4192497376]
[4192497392, 4192497408]
[4192501264, 4192501280]
[4192501296, 4192501312]
[4192501328, 4192501344]
[4192501360, 4192501376]
[4192501392, 4192501408]
[4192501424, 4192501440]
[4192501456, 4192501472]
[4192501488, 4192501504]
[4192505360, 4192505376]
[4192505392, 4192505408]
[4192505424, 4192505440]
[4192505456, 4192505472]
[4192505488, 4192505504]
[4192505520, 4192505536]
[4192505552, 4192505568]
[4192505584, 4192505600]
[4192509456, 4192509472]
[4192509488, 4192509504]
[4192509520, 4192509536]
[4192509552, 4192509568]
[4192509584, 4192509600]
[4192509616, 4192509632]
[4192509648, 4192509664]
[4192509680, 4192509696]
[4192513552, 4192513568]
[4192513584, 4192513600]
[4192513616, 4192513632]
[4192513648, 4192513664]
[4192513680, 4192513696]
[4192513712, 4192513728]
[4192513744, 4192513760]
[4192513776, 4192513792]
[4192517648, 4192517664]
[4192517680, 4192517696]
[4192517712, 4192517728]
[4192517744, 4192517760]
[4192517776, 4192517792]
[4192517808, 4192517824]
[4192517840, 4192517856]
[4192517872, 4192517888]
[4192521744, 4192521760]
[4192521776, 4192521792]
[4192521808, 4192521824]
[4192521840, 4192521856]
[4192521872, 4192521888]
[4192521904, 4192521920]
[4192521936, 4192521952]
[4192521968, 4192521984]
[4192525840, 4192525856]
[4192525872, 4192525888]
[4192525904, 4192525920]
[4192525936, 4192525952]
[4192525968, 4192525984]
[4192526000, 4192526016]
[4192526032, 4192526048]
[4192526064, 4192526080]
[4192529936, 4192529952]
[4192529968, 4192529984]
[4192530000, 4192530016]
[4192530032, 4192530048]
[4192530064, 4192530080]
[4192530096, 4192530112]
[4192530128, 4192530144]
[4192530160, 4192530176]
[4192534032, 4192534048]
[4192534064, 4192534080]
[4192534096, 4192534112]
[4192534128, 4192534144]
[4192534160, 4192534176]
[4192534192, 4192534208]
[4192534224, 4192534240]
[4192534256, 4192534272]
[4192538128, 4192538144]
[4192538160, 4192538176]
[4192538192, 4192538208]
[4192538224, 4192538240]
[4192538256, 4192538272]
[4192538288, 4192538304]
[4192538320, 4192538336]
[4192538352, 4192538368]
[4192542224, 4192542240]
[4192542256, 4192542272]
[4192542288, 4192542304]
[4192542320, 4192542336]
[4192542352, 4192542368]
[4192542384, 4192542400]
[4192542416, 4192542432]
[4192542448, 4192542464]
[4192546320, 4192546336]
[4192546352, 4192546368]
[4192546384, 4192546400]
[4192546416, 4192546432]
[4192546448, 4192546464]
[4192546480, 4192546496]
[4192546512, 4192546528]
[4192546544, 4192546560]
[4192550416, 4192550432]
[4192550448, 4192550464]
[4192550480, 4192550496]
[4192550512, 4192550528]
[4192550544, 4192550560]
[4192550576, 4192550592]
[4192550608, 4192550624]
[4192550640, 4192550656]
[4192554512, 4192554528]
[4192554544, 4192554560]
[4192554576, 4192554592]
[4192554608, 4192554624]
[4192554640, 4192554656]
[4192554672, 4192554688]
[4192554704, 4192554720]
[4192554736, 4192554752]
[4192558608, 4192558624]
[4192558640, 4192558656]
[4192558672, 4192558688]
[4192558704, 4192558720]
[4192558736, 4192558752]
[4192558768, 4192558784]
[4192558800, 4192558816]
[4192558832, 4192558848]
[4192562704, 4192562720]
[4192562736, 4192562752]
[4192562768, 4192562784]
[4192562800, 4192562816]
[4192562832, 4192562848]
[4192562864, 4192562880]
[4192562896, 4192562912]
[4192562928, 4192562944]
[4192566800, 4192566816]
[4192566832, 4192566848]
[4192566864, 4192566880]
[4192566896, 4192566912]
[4192566928, 4192566944]
[4192566960, 4192566976]
[4192566992, 4192567008]
[4192567024, 4192567040]
[4192570896, 4192570912]
[4192570928, 4192570944]
[4192570960, 4192570976]
[4192570992, 4192571008]
[4192571024, 4192571040]
[4192571056, 4192571072]
[4192571088, 4192571104]
[4192571120, 4192571136]
[4192574992, 4192575008]
[4192575024, 4192575040]
[4192575056, 4192575072]
[4192575088, 4192575104]
[4192575120, 4192575136]
[4192575152, 4192575168]
[4192575184, 4192575200]
[4192575216, 4192575232]
[4192579088, 4192579104]
[4192579120, 4192579136]
[4192579152, 4192579168]
[4192579184, 4192579200]
[4192579216, 4192579232]
[4192579248, 4192579264]
[4192579280, 4192579296]
[4192579312, 4192579328]
[4192583184, 4192583200]
[4192583216, 4192583232]
[4192583248, 4192583264]
[4192583280, 4192583296]
[4192583312, 4192583328]
[4192583344, 4192583360]
[4192583376, 4192583392]
[4192583408, 4192583424]
[4192587280, 4192587296]
[4192587312, 4192587328]
[4192587344, 4192587360]
[4192587376, 4192587392]
[4192587408, 4192587424]
[4192587440, 4192587456]
[4192587472, 4192587488]
[4192587504, 4192587520]
[4192591376, 4192591392]
[4192591408, 4192591424]
[4192591440, 4192591456]
[4192591472, 4192591488]
[4192591504, 4192591520]
[4192591536, 4192591552]
[4192591568, 4192591584]
[4192591600, 4192591616]
[4192595472, 4192595488]
[4192595504, 4192595520]
[4192595536, 4192595552]
[4192595568, 4192595584]
[4192595600, 4192595616]
[4192595632, 4192595648]
[4192595664, 4192595680]
[4192595696, 4192595712]
[4192599568, 4192599584]
[4192599600, 4192599616]
[4192599632, 4192599648]
[4192599664, 4192599680]
[4192599696, 4192599712]
[4192599728, 4192599744]
[4192599760, 4192599776]
[4192599792, 4192599808]
[4192603664, 4192603680]
[4192603696, 4192603712]
[4192603728, 4192603744]
[4192603760, 4192603776]
[4192603792, 4192603808]
[4192603824, 4192603840]
[4192603856, 4192603872]
[4192603888, 4192603904]
[4192607760, 4192607776]
[4192607792, 4192607808]
[4192607824, 4192607840]
[4192607856, 4192607872]
[4192607888, 4192607904]
[4192607920, 4192607936]
[4192607952, 4192607968]
[4192607984, 4192608000]
[4192611856, 4192611872]
[4192611888, 4192611904]
[4192611920, 4192611936]
[4192611952, 4192611968]
[4192611984, 4192612000]
[4192612016, 4192612032]
[4192612048, 4192612064]
[4192612080, 4192612096]
[4192615952, 4192615968]
[4192615984, 4192616000]
[4192616016, 4192616032]
[4192616048, 4192616064]
[4192616080, 4192616096]
[4192616112, 4192616128]
[4192616144, 4192616160]
[4192616176, 4192616192]
[4192620048, 4192620064]
[4192620080, 4192620096]
[4192620112, 4192620128]
[4192620144, 4192620160]
[4192620176, 4192620192]
[4192620208, 4192620224]
[4192620240, 4192620256]
[4192620272, 4192620288]
[4192624144, 4192624160]
[4192624176, 4192624192]
[4192624208, 4192624224]
[4192624240, 4192624256]
[4192624272, 4192624288]
[4192624304, 4192624320]
[4192624336, 4192624352]
[4192624368, 4192624384]
[4192628240, 4192628256]
[4192628272, 4192628288]
[4192628304, 4192628320]
[4192628336, 4192628352]
[4192628368, 4192628384]
[4192628400, 4192628416]
[4192628432, 4192628448]
[4192628464, 4192628480]
[4192632336, 4192632352]
[4192632368, 4192632384]
[4192632400, 4192632416]
[4192632432, 4192632448]
[4192632464, 4192632480]
[4192632496, 4192632512]
[4192632528, 4192632544]
[4192632560, 4192632576]
[4192636432, 4192636448]
[4192636464, 4192636480]
[4192636496, 4192636512]
[4192636528, 4192636544]
[4192636560, 4192636576]
[4192636592, 4192636608]
[4192636624, 4192636640]
[4192636656, 4192636672]
[4192640528, 4192640544]
[4192640560, 4192640576]
[4192640592, 4192640608]
[4192640624, 4192640640]
[4192640656, 4192640672]
[4192640688, 4192640704]
[4192640720, 4192640736]
[4192640752, 4192640768]
[4192644624, 4192644640]
[4192644656, 4192644672]
[4192644688, 4192644704]
[4192644720, 4192644736]
[4192644752, 4192644768]
[4192644784, 4192644800]
[4192644816, 4192644832]
[4192644848, 4192644864]
[4192648720, 4192648736]
[4192648752, 4192648768]
[4192648784, 4192648800]
[4192648816, 4192648832]
[4192648848, 4192648864]
[4192648880, 4192648896]
[4192648912, 4192648928]
[4192648944, 4192648960]
[4192652816, 4192652832]
[4192652848, 4192652864]
[4192652880, 4192652896]
[4192652912, 4192652928]
[4192652944, 4192652960]
[4192652976, 4192652992]
[4192653008, 4192653024]
[4192653040, 4192653056]
[4192656912, 4192656928]
[4192656944, 4192656960]
[4192656976, 4192656992]
[4192657008, 4192657024]
[4192657040, 4192657056]
[4192657072, 4192657088]
[4192657104, 4192657120]
[4192657136, 4192657152]
[4192661008, 4192661024]
[4192661040, 4192661056]
[4192661072, 4192661088]
[4192661104, 4192661120]
[4192661136, 4192661152]
[4192661168, 4192661184]
[4192661200, 4192661216]
[4192661232, 4192661248]
[4192665104, 4192665120]
[4192665136, 4192665152]
[4192665168, 4192665184]
[4192665200, 4192665216]
[4192665232, 4192665248]
[4192665264, 4192665280]
[4192665296, 4192665312]
[4192665328, 4192665344]
[4192669200, 4192669216]
[4192669232, 4192669248]
[4192669264, 4192669280]
[4192669296, 4192669312]
[4192669328, 4192669344]
[4192669360, 4192669376]
[4192669392, 4192669408]
[4192669424, 4192669440]
[4192673296, 4192673312]
[4192673328, 4192673344]
[4192673360, 4192673376]
[4192673392, 4192673408]
[4192673424, 4192673440]
[4192673456, 4192673472]
[4192673488, 4192673504]
[4192673520, 4192673536]
[4192677392, 4192677408]
[4192677424, 4192677440]
[4192677456, 4192677472]
[4192677488, 4192677504]
[4192677520, 4192677536]
[4192677552, 4192677568]
[4192677584, 4192677600]
[4192677616, 4192677632]
[4192681488, 4192681504]
[4192681520, 4192681536]
[4192681552, 4192681568]
[4192681584, 4192681600]
[4192681616, 4192681632]
[4192681648, 4192681664]
[4192681680, 4192681696]
[4192681712, 4192681728]
[4192685584, 4192685600]
[4192685616, 4192685632]
[4192685648, 4192685664]
[4192685680, 4192685696]
[4192685712, 4192685728]
[4192685744, 4192685760]
[4192685776, 4192685792]
[4192685808, 4192685824]
[4192689680, 4192689696]
[4192689712, 4192689728]
[4192689744, 4192689760]
[4192689776, 4192689792]
[4192689808, 4192689824]
[4192689840, 4192689856]
[4192689872, 4192689888]
[4192689904, 4192689920]
[4192693776, 4192693792]
[4192693808, 4192693824]
[4192693840, 4192693856]
[4192693872, 4192693888]
[4192693904, 4192693920]
[4192693936, 4192693952]
[4192693968, 4192693984]
[4192694000, 4192694016]
[4192697872, 4192697888]
[4192697904, 4192697920]
[4192697936, 4192697952]
[4192697968, 4192697984]
[4192698000, 4192698016]
[4192698032, 4192698048]
[4192698064, 4192698080]
[4192698096, 4192698112]
[4192701968, 4192701984]
[4192702000, 4192702016]
[4192702032, 4192702048]
[4192702064, 4192702080]
[4192702096, 4192702112]
[4192702128, 4192702144]
[4192702160, 4192702176]
[4192702192, 4192702208]
[4192706064, 4192706080]
[4192706096, 4192706112]
[4192706128, 4192706144]
[4192706160, 4192706176]
[4192706192, 4192706208]
[4192706224, 4192706240]
[4192706256, 4192706272]
[4192706288, 4192706304]
[4192710160, 4192710176]
[4192710192, 4192710208]
[4192710224, 4192710240]
[4192710256, 4192710272]
[4192710288, 4192710304]
[4192710320, 4192710336]
[4192710352, 4192710368]
[4192710384, 4192710400]
[4192714256, 4192714272]
[4192714288, 4192714304]
[4192714320, 4192714336]
[4192714352, 4192714368]
[4192714384, 4192714400]
[4192714416, 4192714432]
[4192714448, 4192714464]
[4192714480, 4192714496]
[4192718352, 4192718368]
[4192718384, 4192718400]
[4192718416, 4192718432]
[4192718448, 4192718464]
[4192718480, 4192718496]
[4192718512, 4192718528]
[4192718544, 4192718560]
[4192718576, 4192718592]
[4192722448, 4192722464]
[4192722480, 4192722496]
[4192722512, 4192722528]
[4192722544, 4192722560]
[4192722576, 4192722592]
[4192722608, 4192722624]
[4192722640, 4192722656]
[4192722672, 4192722688]
[4192726544, 4192726560]
[4192726576, 4192726592]
[4192726608, 4192726624]
[4192726640, 4192726656]
[4192726672, 4192726688]
[4192726704, 4192726720]
[4192726736, 4192726752]
[4192726768, 4192726784]
[4192730640, 4192730656]
[4192730672, 4192730688]
[4192730704, 4192730720]
[4192730736, 4192730752]
[4192730768, 4192730784]
[4192730800, 4192730816]
[4192730832, 4192730848]
[4192730864, 4192730880]
[4192734736, 4192734752]
[4192734768, 4192734784]
[4192734800, 4192734816]
[4192734832, 4192734848]
[4192734864, 4192734880]
[4192734896, 4192734912]
[4192734928, 4192734944]
[4192734960, 4192734976]
[4192738832, 4192738848]
[4192738864, 4192738880]
[4192738896, 4192738912]
[4192738928, 4192738944]
[4192738960, 4192738976]
[4192738992, 4192739008]
[4192739024, 4192739040]
[4192739056, 4192739072]
[4192742928, 4192742944]
[4192742960, 4192742976]
[4192742992, 4192743008]
[4192743024, 4192743040]
[4192743056, 4192743072]
[4192743088, 4192743104]
[4192743120, 4192743136]
[4192743152, 4192743168]
[4192747024, 4192747040]
[4192747056, 4192747072]
[4192747088, 4192747104]
[4192747120, 4192747136]
[4192747152, 4192747168]
[4192747184, 4192747200]
[4192747216, 4192747232]
[4192747248, 4192747264]
[4192751120, 4192751136]
[4192751152, 4192751168]
[4192751184, 4192751200]
[4192751216, 4192751232]
[4192751248, 4192751264]
[4192751280, 4192751296]
[4192751312, 4192751328]
[4192751344, 4192751360]
[4192755216, 4192755232]
[4192755248, 4192755264]
[4192755280, 4192755296]
[4192755312, 4192755328]
[4192755344, 4192755360]
[4192755376, 4192755392]
[4192755408, 4192755424]
[4192755440, 4192755456]
[4192759312, 4192759328]
[4192759344, 4192759360]
[4192759376, 4192759392]
[4192759408, 4192759424]
[4192759440, 4192759456]
[4192759472, 4192759488]
[4192759504, 4192759520]
[4192759536, 4192759552]
[4192763408, 4192763424]
[4192763440, 4192763456]
[4192763472, 4192763488]
[4192763504, 4192763520]
[4192763536, 4192763552]
[4192763568, 4192763584]
[4192763600, 4192763616]
[4192763632, 4192763648]
[4192767504, 4192767520]
[4192767536, 4192767552]
[4192767568, 4192767584]
[4192767600, 4192767616]
[4192767632, 4192767648]
[4192767664, 4192767680]
[4192767696, 4192767712]
[4192767728, 4192767744]
[4192771600, 4192771616]
[4192771632, 4192771648]
[4192771664, 4192771680]
[4192771696, 4192771712]
[4192771728, 4192771744]
[4192771760, 4192771776]
[4192771792, 4192771808]
[4192771824, 4192771840]
[4192775696, 4192775712]
[4192775728, 4192775744]
[4192775760, 4192775776]
[4192775792, 4192775808]
[4192775824, 4192775840]
[4192775856, 4192775872]
[4192775888, 4192775904]
[4192775920, 4192775936]
[4192779792, 4192779808]
[4192779824, 4192779840]
[4192779856, 4192779872]
[4192779888, 4192779904]
[4192779920, 4192779936]
[4192779952, 4192779968]
[4192779984, 4192780000]
[4192780016, 4192780032]
[4192783888, 4192783904]
[4192783920, 4192783936]
[4192783952, 4192783968]
[4192783984, 4192784000]
[4192784016, 4192784032]
[4192784048, 4192784064]
[4192784080, 4192784096]
[4192784112, 4192784128]
[4192787984, 4192788000]
[4192788016, 4192788032]
[4192788048, 4192788064]
[4192788080, 4192788096]
[4192788112, 4192788128]
[4192788144, 4192788160]
[4192788176, 4192788192]
[4192788208, 4192788224]
[4192792080, 4192792096]
[4192792112, 4192792128]
[4192792144, 4192792160]
[4192792176, 4192792192]
[4192792208, 4192792224]
[4192792240, 4192792256]
[4192792272, 4192792288]
[4192792304, 4192792320]
[4192796176, 4192796192]
[4192796208, 4192796224]
[4192796240, 4192796256]
[4192796272, 4192796288]
[4192796304, 4192796320]
[4192796336, 4192796352]
[4192796368, 4192796384]
[4192796400, 4192796416]
[4192800272, 4192800288]
[4192800304, 4192800320]
[4192800336, 4192800352]
[4192800368, 4192800384]
[4192800400, 4192800416]
[4192800432, 4192800448]
[4192800464, 4192800480]
[4192800496, 4192800512]
[4192804368, 4192804384]
[4192804400, 4192804416]
[4192804432, 4192804448]
[4192804464, 4192804480]
[4192804496, 4192804512]
[4192804528, 4192804544]
[4192804560, 4192804576]
[4192804592, 4192804608]
[4192808464, 4192808480]
[4192808496, 4192808512]
[4192808528, 4192808544]
[4192808560, 4192808576]
[4192808592, 4192808608]
[4192808624, 4192808640]
[4192808656, 4192808672]
[4192808688, 4192808704]
[4192812560, 4192812576]
[4192812592, 4192812608]
[4192812624, 4192812640]
[4192812656, 4192812672]
[4192812688, 4192812704]
[4192812720, 4192812736]
[4192812752, 4192812768]
[4192812784, 4192812800]
[4192816656, 4192816672]
[4192816688, 4192816704]
[4192816720, 4192816736]
[4192816752, 4192816768]
[4192816784, 4192816800]
[4192816816, 4192816832]
[4192816848, 4192816864]
[4192816880, 4192816896]
[4192820752, 4192820768]
[4192820784, 4192820800]
[4192820816, 4192820832]
[4192820848, 4192820864]
[4192820880, 4192820896]
[4192820912, 4192820928]
[4192820944, 4192820960]
[4192820976, 4192820992]
[4192824848, 4192824864]
[4192824880, 4192824896]
[4192824912, 4192824928]
[4192824944, 4192824960]
[4192824976, 4192824992]
[4192825008, 4192825024]
[4192825040, 4192825056]
[4192825072, 4192825088]
[4192828944, 4192828960]
[4192828976, 4192828992]
[4192829008, 4192829024]
[4192829040, 4192829056]
[4192829072, 4192829088]
[4192829104, 4192829120]
[4192829136, 4192829152]
[4192829168, 4192829184]
[4192833040, 4192833056]
[4192833072, 4192833088]
[4192833104, 4192833120]
[4192833136, 4192833152]
[4192833168, 4192833184]
[4192833200, 4192833216]
[4192833232, 4192833248]
[4192833264, 4192833280]
[4192837136, 4192837152]
[4192837168, 4192837184]
[4192837200, 4192837216]
[4192837232, 4192837248]
[4192837264, 4192837280]
[4192837296, 4192837312]
[4192837328, 4192837344]
[4192837360, 4192837376]
[4192841232, 4192841248]
[4192841264, 4192841280]
[4192841296, 4192841312]
[4192841328, 4192841344]
[4192841360, 4192841376]
[4192841392, 4192841408]
[4192841424, 4192841440]
[4192841456, 4192841472]
[4192845328, 4192845344]
[4192845360, 4192845376]
[4192845392, 4192845408]
[4192845424, 4192845440]
[4192845456, 4192845472]
[4192845488, 4192845504]
[4192845520, 4192845536]
[4192845552, 4192845568]
[4192849424, 4192849440]
[4192849456, 4192849472]
[4192849488, 4192849504]
[4192849520, 4192849536]
[4192849552, 4192849568]
[4192849584, 4192849600]
[4192849616, 4192849632]
[4192849648, 4192849664]
[4192853520, 4192853536]
[4192853552, 4192853568]
[4192853584, 4192853600]
[4192853616, 4192853632]
[4192853648, 4192853664]
[4192853680, 4192853696]
[4192853712, 4192853728]
[4192853744, 4192853760]
[4192857616, 4192857632]
[4192857648, 4192857664]
[4192857680, 4192857696]
[4192857712, 4192857728]
[4192857744, 4192857760]
[4192857776, 4192857792]
[4192857808, 4192857824]
[4192857840, 4192857856]
[4192861712, 4192861728]
[4192861744, 4192861760]
[4192861776, 4192861792]
[4192861808, 4192861824]
[4192861840, 4192861856]
[4192861872, 4192861888]
[4192861904, 4192861920]
[4192861936, 4192861952]
[4192865808, 4192865824]
[4192865840, 4192865856]
[4192865872, 4192865888]
[4192865904, 4192865920]
[4192865936, 4192865952]
[4192865968, 4192865984]
[4192866000, 4192866016]
[4192866032, 4192866048]
[4192869904, 4192869920]
[4192869936, 4192869952]
[4192869968, 4192869984]
[4192870000, 4192870016]
[4192870032, 4192870048]
[4192870064, 4192870080]
[4192870096, 4192870112]
[4192870128, 4192870144]
[4192874000, 4192874016]
[4192874032, 4192874048]
[4192874064, 4192874080]
[4192874096, 4192874112]
[4192874128, 4192874144]
[4192874160, 4192874176]
[4192874192, 4192874208]
[4192874224, 4192874240]
[4192878096, 4192878112]
[4192878128, 4192878144]
[4192878160, 4192878176]
[4192878192, 4192878208]
[4192878224, 4192878240]
[4192878256, 4192878272]
[4192878288, 4192878304]
[4192878320, 4192878336]
[4192882192, 4192882208]
[4192882224, 4192882240]
[4192882256, 4192882272]
[4192882288, 4192882304]
[4192882320, 4192882336]
[4192882352, 4192882368]
[4192882384, 4192882400]
[4192882416, 4192882432]
[4192886288, 4192886304]
[4192886320, 4192886336]
[4192886352, 4192886368]
[4192886384, 4192886400]
[4192886416, 4192886432]
[4192886448, 4192886464]
[4192886480, 4192886496]
[4192886512, 4192886528]
[4192890384, 4192890400]
[4192890416, 4192890432]
[4192890448, 4192890464]
[4192890480, 4192890496]
[4192890512, 4192890528]
[4192890544, 4192890560]
[4192890576, 4192890592]
[4192890608, 4192890624]
[4192894480, 4192894496]
[4192894512, 4192894528]
[4192894544, 4192894560]
[4192894576, 4192894592]
[4192894608, 4192894624]
[4192894640, 4192894656]
[4192894672, 4192894688]
[4192894704, 4192894720]
[4192898576, 4192898592]
[4192898608, 4192898624]
[4192898640, 4192898656]
[4192898672, 4192898688]
[4192898704, 4192898720]
[4192898736, 4192898752]
[4192898768, 4192898784]
[4192898800, 4192898816]
[4192902672, 4192902688]
[4192902704, 4192902720]
[4192902736, 4192902752]
[4192902768, 4192902784]
[4192902800, 4192902816]
[4192902832, 4192902848]
[4192902864, 4192902880]
[4192902896, 4192902912]
[4192906768, 4192906784]
[4192906800, 4192906816]
[4192906832, 4192906848]
[4192906864, 4192906880]
[4192906896, 4192906912]
[4192906928, 4192906944]
[4192906960, 4192906976]
[4192906992, 4192907008]
[4192910864, 4192910880]
[4192910896, 4192910912]
[4192910928, 4192910944]
[4192910960, 4192910976]
[4192910992, 4192911008]
[4192911024, 4192911040]
[4192911056, 4192911072]
[4192911088, 4192911104]
[4192914960, 4192914976]
[4192914992, 4192915008]
[4192915024, 4192915040]
[4192915056, 4192915072]
[4192915088, 4192915104]
[4192915120, 4192915136]
[4192915152, 4192915168]
[4192915184, 4192915200]
[4192919056, 4192919072]
[4192919088, 4192919104]
[4192919120, 4192919136]
[4192919152, 4192919168]
[4192919184, 4192919200]
[4192919216, 4192919232]
[4192919248, 4192919264]
[4192919280, 4192919296]
[4192923152, 4192923168]
[4192923184, 4192923200]
[4192923216, 4192923232]
[4192923248, 4192923264]
[4192923280, 4192923296]
[4192923312, 4192923328]
[4192923344, 4192923360]
[4192923376, 4192923392]
[4192927248, 4192927264]
[4192927280, 4192927296]
[4192927312, 4192927328]
[4192927344, 4192927360]
[4192927376, 4192927392]
[4192927408, 4192927424]
[4192927440, 4192927456]
[4192927472, 4192927488]
[4192931344, 4192931360]
[4192931376, 4192931392]
[4192931408, 4192931424]
[4192931440, 4192931456]
[4192931472, 4192931488]
[4192931504, 4192931520]
[4192931536, 4192931552]
[4192931568, 4192931584]
[4192935440, 4192935456]
[4192935472, 4192935488]
[4192935504, 4192935520]
[4192935536, 4192935552]
[4192935568, 4192935584]
[4192935600, 4192935616]
[4192935632, 4192935648]
[4192935664, 4192935680]
[4192939536, 4192939552]
[4192939568, 4192939584]
[4192939600, 4192939616]
[4192939632, 4192939648]
[4192939664, 4192939680]
[4192939696, 4192939712]
[4192939728, 4192939744]
[4192939760, 4192939776]
[4192943632, 4192943648]
[4192943664, 4192943680]
[4192943696, 4192943712]
[4192943728, 4192943744]
[4192943760, 4192943776]
[4192943792, 4192943808]
[4192943824, 4192943840]
[4192943856, 4192943872]
[4192947728, 4192947744]
[4192947760, 4192947776]
[4192947792, 4192947808]
[4192947824, 4192947840]
[4192947856, 4192947872]
[4192947888, 4192947904]
[4192947920, 4192947936]
[4192947952, 4192947968]
[4192951824, 4192951840]
[4192951856, 4192951872]
[4192951888, 4192951904]
[4192951920, 4192951936]
[4192951952, 4192951968]
[4192951984, 4192952000]
[4192952016, 4192952032]
[4192952048, 4192952064]
[4192955920, 4192955936]
[4192955952, 4192955968]
[4192955984, 4192956000]
[4192956016, 4192956032]
[4192956048, 4192956064]
[4192956080, 4192956096]
[4192956112, 4192956128]
[4192956144, 4192956160]
[4192960016, 4192960032]
[4192960048, 4192960064]
[4192960080, 4192960096]
[4192960112, 4192960128]
[4192960144, 4192960160]
[4192960176, 4192960192]
[4192960208, 4192960224]
[4192960240, 4192960256]
[4192964112, 4192964128]
[4192964144, 4192964160]
[4192964176, 4192964192]
[4192964208, 4192964224]
[4192964240, 4192964256]
[4192964272, 4192964288]
[4192964304, 4192964320]
[4192964336, 4192964352]
[4192968208, 4192968224]
[4192968240, 4192968256]
[4192968272, 4192968288]
[4192968304, 4192968320]
[4192968336, 4192968352]
[4192968368, 4192968384]
[4192968400, 4192968416]
[4192968432, 4192968448]
[4192972304, 4192972320]
[4192972336, 4192972352]
[4192972368, 4192972384]
[4192972400, 4192972416]
[4192972432, 4192972448]
[4192972464, 4192972480]
[4192972496, 4192972512]
[4192972528, 4192972544]
[4192976400, 4192976416]
[4192976432, 4192976448]
[4192976464, 4192976480]
[4192976496, 4192976512]
[4192976528, 4192976544]
[4192976560, 4192976576]
[4192976592, 4192976608]
[4192976624, 4192976640]
[4192980496, 4192980512]
[4192980528, 4192980544]
[4192980560, 4192980576]
[4192980592, 4192980608]
[4192980624, 4192980640]
[4192980656, 4192980672]
[4192980688, 4192980704]
[4192980720, 4192980736]
[4192984592, 4192984608]
[4192984624, 4192984640]
[4192984656, 4192984672]
[4192984688, 4192984704]
[4192984720, 4192984736]
[4192984752, 4192984768]
[4192984784, 4192984800]
[4192984816, 4192984832]
[4192988688, 4192988704]
[4192988720, 4192988736]
[4192988752, 4192988768]
[4192988784, 4192988800]
[4192988816, 4192988832]
[4192988848, 4192988864]
[4192988880, 4192988896]
[4192988912, 4192988928]
[4192992784, 4192992800]
[4192992816, 4192992832]
[4192992848, 4192992864]
[4192992880, 4192992896]
[4192992912, 4192992928]
[4192992944, 4192992960]
[4192992976, 4192992992]
[4192993008, 4192993024]
[4192996880, 4192996896]
[4192996912, 4192996928]
[4192996944, 4192996960]
[4192996976, 4192996992]
[4192997008, 4192997024]
[4192997040, 4192997056]
[4192997072, 4192997088]
[4192997104, 4192997120]
[4193000976, 4193000992]
[4193001008, 4193001024]
[4193001040, 4193001056]
[4193001072, 4193001088]
[4193001104, 4193001120]
[4193001136, 4193001152]
[4193001168, 4193001184]
[4193001200, 4193001216]
[4193005072, 4193005088]
[4193005104, 4193005120]
[4193005136, 4193005152]
[4193005168, 4193005184]
[4193005200, 4193005216]
[4193005232, 4193005248]
[4193005264, 4193005280]
[4193005296, 4193005312]
[4193009168, 4193009184]
[4193009200, 4193009216]
[4193009232, 4193009248]
[4193009264, 4193009280]
[4193009296, 4193009312]
[4193009328, 4193009344]
[4193009360, 4193009376]
[4193009392, 4193009408]
[4193013264, 4193013280]
[4193013296, 4193013312]
[4193013328, 4193013344]
[4193013360, 4193013376]
[4193013392, 4193013408]
[4193013424, 4193013440]
[4193013456, 4193013472]
[4193013488, 4193013504]
[4193017360, 4193017376]
[4193017392, 4193017408]
[4193017424, 4193017440]
[4193017456, 4193017472]
[4193017488, 4193017504]
[4193017520, 4193017536]
[4193017552, 4193017568]
[4193017584, 4193017600]
[4193021456, 4193021472]
[4193021488, 4193021504]
[4193021520, 4193021536]
[4193021552, 4193021568]
[4193021584, 4193021600]
[4193021616, 4193021632]
[4193021648, 4193021664]
[4193021680, 4193021696]
[4193025552, 4193025568]
[4193025584, 4193025600]
[4193025616, 4193025632]
[4193025648, 4193025664]
[4193025680, 4193025696]
[4193025712, 4193025728]
[4193025744, 4193025760]
[4193025776, 4193025792]
[4193029648, 4193029664]
[4193029680, 4193029696]
[4193029712, 4193029728]
[4193029744, 4193029760]
[4193029776, 4193029792]
[4193029808, 4193029824]
[4193029840, 4193029856]
[4193029872, 4193029888]
[4193033744, 4193033760]
[4193033776, 4193033792]
[4193033808, 4193033824]
[4193033840, 4193033856]
[4193033872, 4193033888]
[4193033904, 4193033920]
[4193033936, 4193033952]
[4193033968, 4193033984]
[4193037840, 4193037856]
[4193037872, 4193037888]
[4193037904, 4193037920]
[4193037936, 4193037952]
[4193037968, 4193037984]
[4193038000, 4193038016]
[4193038032, 4193038048]
[4193038064, 4193038080]
[4193041936, 4193041952]
[4193041968, 4193041984]
[4193042000, 4193042016]
[4193042032, 4193042048]
[4193042064, 4193042080]
[4193042096, 4193042112]
[4193042128, 4193042144]
[4193042160, 4193042176]
[4193046032, 4193046048]
[4193046064, 4193046080]
[4193046096, 4193046112]
[4193046128, 4193046144]
[4193046160, 4193046176]
[4193046192, 4193046208]
[4193046224, 4193046240]
[4193046256, 4193046272]
[4193050128, 4193050144]
[4193050160, 4193050176]
[4193050192, 4193050208]
[4193050224, 4193050240]
[4193050256, 4193050272]
[4193050288, 4193050304]
[4193050320, 4193050336]
[4193050352, 4193050368]
[4193054224, 4193054240]
[4193054256, 4193054272]
[4193054288, 4193054304]
[4193054320, 4193054336]
[4193054352, 4193054368]
[4193054384, 4193054400]
[4193054416, 4193054432]
[4193054448, 4193054464]
[4193058320, 4193058336]
[4193058352, 4193058368]
[4193058384, 4193058400]
[4193058416, 4193058432]
[4193058448, 4193058464]
[4193058480, 4193058496]
[4193058512, 4193058528]
[4193058544, 4193058560]
[4193062416, 4193062432]
[4193062448, 4193062464]
[4193062480, 4193062496]
[4193062512, 4193062528]
[4193062544, 4193062560]
[4193062576, 4193062592]
[4193062608, 4193062624]
[4193062640, 4193062656]
[4193066512, 4193066528]
[4193066544, 4193066560]
[4193066576, 4193066592]
[4193066608, 4193066624]
[4193066640, 4193066656]
[4193066672, 4193066688]
[4193066704, 4193066720]
[4193066736, 4193066752]
[4193070608, 4193070624]
[4193070640, 4193070656]
[4193070672, 4193070688]
[4193070704, 4193070720]
[4193070736, 4193070752]
[4193070768, 4193070784]
[4193070800, 4193070816]
[4193070832, 4193070848]
[4193074704, 4193074720]
[4193074736, 4193074752]
[4193074768, 4193074784]
[4193074800, 4193074816]
[4193074832, 4193074848]
[4193074864, 4193074880]
[4193074896, 4193074912]
[4193074928, 4193074944]
[4193078800, 4193078816]
[4193078832, 4193078848]
[4193078864, 4193078880]
[4193078896, 4193078912]
[4193078928, 4193078944]
[4193078960, 4193078976]
[4193078992, 4193079008]
[4193079024, 4193079040]
[4193082896, 4193082912]
[4193082928, 4193082944]
[4193082960, 4193082976]
[4193082992, 4193083008]
[4193083024, 4193083040]
[4193083056, 4193083072]
[4193083088, 4193083104]
[4193083120, 4193083136]
[4193086992, 4193087008]
[4193087024, 4193087040]
[4193087056, 4193087072]
[4193087088, 4193087104]
[4193087120, 4193087136]
[4193087152, 4193087168]
[4193087184, 4193087200]
[4193087216, 4193087232]
[4193091088, 4193091104]
[4193091120, 4193091136]
[4193091152, 4193091168]
[4193091184, 4193091200]
[4193091216, 4193091232]
[4193091248, 4193091264]
[4193091280, 4193091296]
[4193091312, 4193091328]
[4193095184, 4193095200]
[4193095216, 4193095232]
[4193095248, 4193095264]
[4193095280, 4193095296]
[4193095312, 4193095328]
[4193095344, 4193095360]
[4193095376, 4193095392]
[4193095408, 4193095424]
[4193099280, 4193099296]
[4193099312, 4193099328]
[4193099344, 4193099360]
[4193099376, 4193099392]
[4193099408, 4193099424]
[4193099440, 4193099456]
[4193099472, 4193099488]
[4193099504, 4193099520]
[4193103376, 4193103392]
[4193103408, 4193103424]
[4193103440, 4193103456]
[4193103472, 4193103488]
[4193103504, 4193103520]
[4193103536, 4193103552]
[4193103568, 4193103584]
[4193103600, 4193103616]
[4193107472, 4193107488]
[4193107504, 4193107520]
[4193107536, 4193107552]
[4193107568, 4193107584]
[4193107600, 4193107616]
[4193107632, 4193107648]
[4193107664, 4193107680]
[4193107696, 4193107712]
[4193111568, 4193111584]
[4193111600, 4193111616]
[4193111632, 4193111648]
[4193111664, 4193111680]
[4193111696, 4193111712]
[4193111728, 4193111744]
[4193111760, 4193111776]
[4193111792, 4193111808]
[4193115664, 4193115680]
[4193115696, 4193115712]
[4193115728, 4193115744]
[4193115760, 4193115776]
[4193115792, 4193115808]
[4193115824, 4193115840]
[4193115856, 4193115872]
[4193115888, 4193115904]
[4193119760, 4193119776]
[4193119792, 4193119808]
[4193119824, 4193119840]
[4193119856, 4193119872]
[4193119888, 4193119904]
[4193119920, 4193119936]
[4193119952, 4193119968]
[4193119984, 4193120000]
[4193123856, 4193123872]
[4193123888, 4193123904]
[4193123920, 4193123936]
[4193123952, 4193123968]
[4193123984, 4193124000]
[4193124016, 4193124032]
[4193124048, 4193124064]
[4193124080, 4193124096]
[4193127952, 4193127968]
[4193127984, 4193128000]
[4193128016, 4193128032]
[4193128048, 4193128064]
[4193128080, 4193128096]
[4193128112, 4193128128]
[4193128144, 4193128160]
[4193128176, 4193128192]
[4193132048, 4193132064]
[4193132080, 4193132096]
[4193132112, 4193132128]
[4193132144, 4193132160]
[4193132176, 4193132192]
[4193132208, 4193132224]
[4193132240, 4193132256]
[4193132272, 4193132288]
[4193136144, 4193136160]
[4193136176, 4193136192]
[4193136208, 4193136224]
[4193136240, 4193136256]
[4193136272, 4193136288]
[4193136304, 4193136320]
[4193136336, 4193136352]
[4193136368, 4193136384]
[4193140240, 4193140256]
[4193140272, 4193140288]
[4193140304, 4193140320]
[4193140336, 4193140352]
[4193140368, 4193140384]
[4193140400, 4193140416]
[4193140432, 4193140448]
[4193140464, 4193140480]
[4193144336, 4193144352]
[4193144368, 4193144384]
[4193144400, 4193144416]
[4193144432, 4193144448]
[4193144464, 4193144480]
[4193144496, 4193144512]
[4193144528, 4193144544]
[4193144560, 4193144576]
[4193148432, 4193148448]
[4193148464, 4193148480]
[4193148496, 4193148512]
[4193148528, 4193148544]
[4193148560, 4193148576]
[4193148592, 4193148608]
[4193148624, 4193148640]
[4193148656, 4193148672]
[4193152528, 4193152544]
[4193152560, 4193152576]
[4193152592, 4193152608]
[4193152624, 4193152640]
[4193152656, 4193152672]
[4193152688, 4193152704]
[4193152720, 4193152736]
[4193152752, 4193152768]
[4193156624, 4193156640]
[4193156656, 4193156672]
[4193156688, 4193156704]
[4193156720, 4193156736]
[4193156752, 4193156768]
[4193156784, 4193156800]
[4193156816, 4193156832]
[4193156848, 4193156864]
[4193160720, 4193160736]
[4193160752, 4193160768]
[4193160784, 4193160800]
[4193160816, 4193160832]
[4193160848, 4193160864]
[4193160880, 4193160896]
[4193160912, 4193160928]
[4193160944, 4193160960]
[4193164816, 4193164832]
[4193164848, 4193164864]
[4193164880, 4193164896]
[4193164912, 4193164928]
[4193164944, 4193164960]
[4193164976, 4193164992]
[4193165008, 4193165024]
[4193165040, 4193165056]
[4193168912, 4193168928]
[4193168944, 4193168960]
[4193168976, 4193168992]
[4193169008, 4193169024]
[4193169040, 4193169056]
[4193169072, 4193169088]
[4193169104, 4193169120]
[4193169136, 4193169152]
[4193173008, 4193173024]
[4193173040, 4193173056]
[4193173072, 4193173088]
[4193173104, 4193173120]
[4193173136, 4193173152]
[4193173168, 4193173184]
[4193173200, 4193173216]
[4193173232, 4193173248]
[4193177104, 4193177120]
[4193177136, 4193177152]
[4193177168, 4193177184]
[4193177200, 4193177216]
[4193177232, 4193177248]
[4193177264, 4193177280]
[4193177296, 4193177312]
[4193177328, 4193177344]
[4193181200, 4193181216]
[4193181232, 4193181248]
[4193181264, 4193181280]
[4193181296, 4193181312]
[4193181328, 4193181344]
[4193181360, 4193181376]
[4193181392, 4193181408]
[4193181424, 4193181440]
[4193185296, 4193185312]
[4193185328, 4193185344]
[4193185360, 4193185376]
[4193185392, 4193185408]
[4193185424, 4193185440]
[4193185456, 4193185472]
[4193185488, 4193185504]
[4193185520, 4193185536]
[4193189392, 4193189408]
[4193189424, 4193189440]
[4193189456, 4193189472]
[4193189488, 4193189504]
[4193189520, 4193189536]
[4193189552, 4193189568]
[4193189584, 4193189600]
[4193189616, 4193189632]
[4193193488, 4193193504]
[4193193520, 4193193536]
[4193193552, 4193193568]
[4193193584, 4193193600]
[4193193616, 4193193632]
[4193193648, 4193193664]
[4193193680, 4193193696]
[4193193712, 4193193728]
[4193197584, 4193197600]
[4193197616, 4193197632]
[4193197648, 4193197664]
[4193197680, 4193197696]
[4193197712, 4193197728]
[4193197744, 4193197760]
[4193197776, 4193197792]
[4193197808, 4193197824]
[4193201680, 4193201696]
[4193201712, 4193201728]
[4193201744, 4193201760]
[4193201776, 4193201792]
[4193201808, 4193201824]
[4193201840, 4193201856]
[4193201872, 4193201888]
[4193201904, 4193201920]
[4193205776, 4193205792]
[4193205808, 4193205824]
[4193205840, 4193205856]
[4193205872, 4193205888]
[4193205904, 4193205920]
[4193205936, 4193205952]
[4193205968, 4193205984]
[4193206000, 4193206016]
[4193209872, 4193209888]
[4193209904, 4193209920]
[4193209936, 4193209952]
[4193209968, 4193209984]
[4193210000, 4193210016]
[4193210032, 4193210048]
[4193210064, 4193210080]
[4193210096, 4193210112]
[4193213968, 4193213984]
[4193214000, 4193214016]
[4193214032, 4193214048]
[4193214064, 4193214080]
[4193214096, 4193214112]
[4193214128, 4193214144]
[4193214160, 4193214176]
[4193214192, 4193214208]
[4193218064, 4193218080]
[4193218096, 4193218112]
[4193218128, 4193218144]
[4193218160, 4193218176]
[4193218192, 4193218208]
[4193218224, 4193218240]
[4193218256, 4193218272]
[4193218288, 4193218304]
[4193222160, 4193222176]
[4193222192, 4193222208]
[4193222224, 4193222240]
[4193222256, 4193222272]
[4193222288, 4193222304]
[4193222320, 4193222336]
[4193222352, 4193222368]
[4193222384, 4193222400]
[4193226256, 4193226272]
[4193226288, 4193226304]
[4193226320, 4193226336]
[4193226352, 4193226368]
[4193226384, 4193226400]
[4193226416, 4193226432]
[4193226448, 4193226464]
[4193226480, 4193226496]
[4193230352, 4193230368]
[4193230384, 4193230400]
[4193230416, 4193230432]
[4193230448, 4193230464]
[4193230480, 4193230496]
[4193230512, 4193230528]
[4193230544, 4193230560]
[4193230576, 4193230592]
[4193234448, 4193234464]
[4193234480, 4193234496]
[4193234512, 4193234528]
[4193234544, 4193234560]
[4193234576, 4193234592]
[4193234608, 4193234624]
[4193234640, 4193234656]
[4193234672, 4193234688]
[4193238544, 4193238560]
[4193238576, 4193238592]
[4193238608, 4193238624]
[4193238640, 4193238656]
[4193238672, 4193238688]
[4193238704, 4193238720]
[4193238736, 4193238752]
[4193238768, 4193238784]
[4193242640, 4193242656]
[4193242672, 4193242688]
[4193242704, 4193242720]
[4193242736, 4193242752]
[4193242768, 4193242784]
[4193242800, 4193242816]
[4193242832, 4193242848]
[4193242864, 4193242880]
[4193246736, 4193246752]
[4193246768, 4193246784]
[4193246800, 4193246816]
[4193246832, 4193246848]
[4193246864, 4193246880]
[4193246896, 4193246912]
[4193246928, 4193246944]
[4193246960, 4193246976]
[4193250832, 4193250848]
[4193250864, 4193250880]
[4193250896, 4193250912]
[4193250928, 4193250944]
[4193250960, 4193250976]
[4193250992, 4193251008]
[4193251024, 4193251040]
[4193251056, 4193251072]
[4193254928, 4193254944]
[4193254960, 4193254976]
[4193254992, 4193255008]
[4193255024, 4193255040]
[4193255056, 4193255072]
[4193255088, 4193255104]
[4193255120, 4193255136]
[4193255152, 4193255168]
[4193255424, 4194304000]
