[3899588608, 3899654144]
[3900637184, 3900702720]
[3904897024, 3904897088]
[3904897120, 3904897136]
[3904897200, 3904897216]
[3904897280, 3904897344]
[3904897376, 3904897392]
[3904897456, 3904897472]
[3904897536, 3904897600]
[3904897632, 3904897648]
[3904897712, 3904897728]
[3904897792, 3904897856]
[3904897888, 3904897904]
[3904897968, 3904897984]
[3904898048, 3904898112]
[3904898144, 3904898160]
[3904898224, 3904898240]
[3904898304, 3904898368]
[3904898400, 3904898416]
[3904898480, 3904898496]
[3904898560, 3904898624]
[3904898656, 3904898672]
[3904898736, 3904898752]
[3904898816, 3904898880]
[3904898912, 3904898928]
[3904898992, 3904899008]
[3904899072, 3904899136]
[3904899168, 3904899184]
[3904899248, 3904899264]
[3904899328, 3904899392]
[3904899424, 3904899440]
[3904899504, 3904899520]
[3904899584, 3904899648]
[3904899680, 3904899696]
[3904899760, 3904899776]
[3904899840, 3904899904]
[3904899936, 3904899952]
[3904900016, 3904900032]
[3904900096, 3904900160]
[3904900192, 3904900208]
[3904900272, 3904900288]
[3904900352, 3904900416]
[3904900448, 3904900464]
[3904900528, 3904900544]
[3904900608, 3904900672]
[3904900704, 3904900720]
[3904900784, 3904900800]
[3904900864, 3904900928]
[3904900960, 3904900976]
[3904901040, 3904901056]
[3904901120, 3904901184]
[3904901216, 3904901232]
[3904901296, 3904901312]
[3904901376, 3904901440]
[3904901472, 3904901488]
[3904901552, 3904901568]
[3904901632, 3904901696]
[3904901728, 3904901744]
[3904901808, 3904901824]
[3904901888, 3904901952]
[3904901984, 3904902000]
[3904902064, 3904902080]
[3904902144, 3904902208]
[3904902240, 3904902256]
[3904902320, 3904902336]
[3904902400, 3904902464]
[3904902496, 3904902512]
[3904902576, 3904902592]
[3904902656, 3904902720]
[3904902752, 3904902768]
[3904902832, 3904902848]
[3904902912, 3904902976]
[3904903008, 3904903024]
[3904903088, 3904903104]
[3904903168, 3904903232]
[3904903264, 3904903280]
[3904903344, 3904903360]
[3904903424, 3904903488]
[3904903520, 3904903536]
[3904903600, 3904903616]
[3904903680, 3904903744]
[3904903776, 3904903792]
[3904903856, 3904903872]
[3904903936, 3904904000]
[3904904032, 3904904048]
[3904904112, 3904904128]
[3904904192, 3904904256]
[3904904288, 3904904304]
[3904904368, 3904904384]
[3904904448, 3904904512]
[3904904544, 3904904560]
[3904904624, 3904904640]
[3904904704, 3904904768]
[3904904800, 3904904816]
[3904904880, 3904904896]
[3904904960, 3904905024]
[3904905056, 3904905072]
[3904905136, 3904905152]
[3904905216, 3904905280]
[3904905312, 3904905328]
[3904905392, 3904905408]
[3904905472, 3904905536]
[3904905568, 3904905584]
[3904905648, 3904905664]
[3904905728, 3904905792]
[3904905824, 3904905840]
[3904905904, 3904905920]
[3904905984, 3904906048]
[3904906080, 3904906096]
[3904906160, 3904906176]
[3904906240, 3904906304]
[3904906336, 3904906352]
[3904906416, 3904906432]
[3904906496, 3904906560]
[3904906592, 3904906608]
[3904906672, 3904906688]
[3904906752, 3904906816]
[3904906848, 3904906864]
[3904906928, 3904906944]
[3904907008, 3904907072]
[3904907104, 3904907120]
[3904907184, 3904907200]
[3904907264, 3904907328]
[3904907360, 3904907376]
[3904907440, 3904907456]
[3904907520, 3904907584]
[3904907616, 3904907632]
[3904907696, 3904907712]
[3904907776, 3904907840]
[3904907872, 3904907888]
[3904907952, 3904907968]
[3904908032, 3904908096]
[3904908128, 3904908144]
[3904908208, 3904908224]
[3904908288, 3904908352]
[3904908384, 3904908400]
[3904908464, 3904908480]
[3904908544, 3904908608]
[3904908640, 3904908656]
[3904908720, 3904908736]
[3904908800, 3904908864]
[3904908896, 3904908912]
[3904908976, 3904908992]
[3904909056, 3904909120]
[3904909152, 3904909168]
[3904909232, 3904909248]
[3904909312, 3904909376]
[3904909408, 3904909424]
[3904909488, 3904909504]
[3904909568, 3904909632]
[3904909664, 3904909680]
[3904909744, 3904909760]
[3904909824, 3904909888]
[3904909920, 3904909936]
[3904910000, 3904910016]
[3904910080, 3904910144]
[3904910176, 3904910192]
[3904910256, 3904910272]
[3904910336, 3904910400]
[3904910432, 3904910448]
[3904910512, 3904910528]
[3904910592, 3904910656]
[3904910688, 3904910704]
[3904910768, 3904910784]
[3904910848, 3904910912]
[3904910944, 3904910960]
[3904911024, 3904911040]
[3904911104, 3904911168]
[3904911200, 3904911216]
[3904911280, 3904911296]
[3904911360, 3904911424]
[3904911456, 3904911472]
[3904911536, 3904911552]
[3904911616, 3904911680]
[3904911712, 3904911728]
[3904911792, 3904911808]
[3904911872, 3904911936]
[3904911968, 3904911984]
[3904912048, 3904912064]
[3904912128, 3904912192]
[3904912224, 3904912240]
[3904912304, 3904912320]
[3904912384, 3904912448]
[3904912480, 3904912496]
[3904912560, 3904912576]
[3904912640, 3904912704]
[3904912736, 3904912752]
[3904912816, 3904912832]
[3904912896, 3904912960]
[3904912992, 3904913008]
[3904913072, 3904913088]
[3904913152, 3904913216]
[3904913248, 3904913264]
[3904913328, 3904913344]
[3904913408, 3904913472]
[3904913504, 3904913520]
[3904913584, 3904913600]
[3904913664, 3904913728]
[3904913760, 3904913776]
[3904913840, 3904913856]
[3904913920, 3904913984]
[3904914016, 3904914032]
[3904914096, 3904914112]
[3904914176, 3904914240]
[3904914272, 3904914288]
[3904914352, 3904914368]
[3904914432, 3904914496]
[3904914528, 3904914544]
[3904914608, 3904914624]
[3904914688, 3904914752]
[3904914784, 3904914800]
[3904914864, 3904914880]
[3904914944, 3904915008]
[3904915040, 3904915056]
[3904915120, 3904915136]
[3904915200, 3904915264]
[3904915296, 3904915312]
[3904915376, 3904915392]
[3904915456, 3904915520]
[3904915552, 3904915568]
[3904915632, 3904915648]
[3904915712, 3904915776]
[3904915808, 3904915824]
[3904915888, 3904915904]
[3904915968, 3904916032]
[3904916064, 3904916080]
[3904916144, 3904916160]
[3904916224, 3904916288]
[3904916320, 3904916336]
[3904916400, 3904916416]
[3904916480, 3904916544]
[3904916576, 3904916592]
[3904916656, 3904916672]
[3904916736, 3904916800]
[3904916832, 3904916848]
[3904916912, 3904916928]
[3904916992, 3904917056]
[3904917088, 3904917104]
[3904917168, 3904917184]
[3904917248, 3904917312]
[3904917344, 3904917360]
[3904917424, 3904917440]
[3904917504, 3904917568]
[3904917600, 3904917616]
[3904917680, 3904917696]
[3904917760, 3904917824]
[3904917856, 3904917872]
[3904917936, 3904917952]
[3904918016, 3904918080]
[3904918112, 3904918128]
[3904918192, 3904918208]
[3904918272, 3904918336]
[3904918368, 3904918384]
[3904918448, 3904918464]
[3904918528, 3904918592]
[3904918624, 3904918640]
[3904918704, 3904918720]
[3904918784, 3904918848]
[3904918880, 3904918896]
[3904918960, 3904918976]
[3904919040, 3904919104]
[3904919136, 3904919152]
[3904919216, 3904919232]
[3904919296, 3904919360]
[3904919392, 3904919408]
[3904919472, 3904919488]
[3904919552, 3904919616]
[3904919648, 3904919664]
[3904919728, 3904919744]
[3904919808, 3904919872]
[3904919904, 3904919920]
[3904919984, 3904920000]
[3904920064, 3904920128]
[3904920160, 3904920176]
[3904920240, 3904920256]
[3904920320, 3904920384]
[3904920416, 3904920432]
[3904920496, 3904920512]
[3904920576, 3904920640]
[3904920672, 3904920688]
[3904920752, 3904920768]
[3904920832, 3904920896]
[3904920928, 3904920944]
[3904921008, 3904921024]
[3904921088, 3904921152]
[3904921184, 3904921200]
[3904921264, 3904921280]
[3904921344, 3904921408]
[3904921440, 3904921456]
[3904921520, 3904921536]
[3904921600, 3904921664]
[3904921696, 3904921712]
[3904921776, 3904921792]
[3904921856, 3904921920]
[3904921952, 3904921968]
[3904922032, 3904922048]
[3904922112, 3904922176]
[3904922208, 3904922224]
[3904922288, 3904922304]
[3904922368, 3904922432]
[3904922464, 3904922480]
[3904922544, 3904922560]
[3904922624, 3904922688]
[3904922720, 3904922736]
[3904922800, 3904922816]
[3904922880, 3904922944]
[3904922976, 3904922992]
[3904923056, 3904923072]
[3904923136, 3904923200]
[3904923232, 3904923248]
[3904923312, 3904923328]
[3904923392, 3904923456]
[3904923488, 3904923504]
[3904923568, 3904923584]
[3904923648, 3904923712]
[3904923744, 3904923760]
[3904923824, 3904923840]
[3904923904, 3904923968]
[3904924000, 3904924016]
[3904924080, 3904924096]
[3904924160, 3904924224]
[3904924256, 3904924272]
[3904924336, 3904924352]
[3904924416, 3904924480]
[3904924512, 3904924528]
[3904924592, 3904924608]
[3904924672, 3904924736]
[3904924768, 3904924784]
[3904924848, 3904924864]
[3904924928, 3904924992]
[3904925024, 3904925040]
[3904925104, 3904925120]
[3904925184, 3904925248]
[3904925280, 3904925296]
[3904925360, 3904925376]
[3904925440, 3904925504]
[3904925536, 3904925552]
[3904925616, 3904925632]
[3904925696, 3904925760]
[3904925792, 3904925808]
[3904925872, 3904925888]
[3904925952, 3904926016]
[3904926048, 3904926064]
[3904926128, 3904926144]
[3904926208, 3904926272]
[3904926304, 3904926320]
[3904926384, 3904926400]
[3904926464, 3904926528]
[3904926560, 3904926576]
[3904926640, 3904926656]
[3904926720, 3904926784]
[3904926816, 3904926832]
[3904926896, 3904926912]
[3904926976, 3904927040]
[3904927072, 3904927088]
[3904927152, 3904927168]
[3904927232, 3904927296]
[3904927328, 3904927344]
[3904927408, 3904927424]
[3904927488, 3904927552]
[3904927584, 3904927600]
[3904927664, 3904927680]
[3904927744, 3904927808]
[3904927840, 3904927856]
[3904927920, 3904927936]
[3904928000, 3904928064]
[3904928096, 3904928112]
[3904928176, 3904928192]
[3904928256, 3904928320]
[3904928352, 3904928368]
[3904928432, 3904928448]
[3904928512, 3904928576]
[3904928608, 3904928624]
[3904928688, 3904928704]
[3904928768, 3904928832]
[3904928864, 3904928880]
[3904928944, 3904928960]
[3904929024, 3904929088]
[3904929120, 3904929136]
[3904929200, 3904929216]
[3904929280, 3904929344]
[3904929376, 3904929392]
[3904929456, 3904929472]
[3904929536, 3904929600]
[3904929632, 3904929648]
[3904929712, 3904929728]
[3904929792, 3904929856]
[3904929888, 3904929904]
[3904929968, 3904929984]
[3904930048, 3904930112]
[3904930144, 3904930160]
[3904930224, 3904930240]
[3904930304, 3904930368]
[3904930400, 3904930416]
[3904930480, 3904930496]
[3904930560, 3904930624]
[3904930656, 3904930672]
[3904930736, 3904930752]
[3904930816, 3904930880]
[3904930912, 3904930928]
[3904930992, 3904931008]
[3904931072, 3904931136]
[3904931168, 3904931184]
[3904931248, 3904931264]
[3904931328, 3904931392]
[3904931424, 3904931440]
[3904931504, 3904931520]
[3904931584, 3904931648]
[3904931680, 3904931696]
[3904931760, 3904931776]
[3904931840, 3904931904]
[3904931936, 3904931952]
[3904932016, 3904932032]
[3904932096, 3904932160]
[3904932192, 3904932208]
[3904932272, 3904932288]
[3904932352, 3904932416]
[3904932448, 3904932464]
[3904932528, 3904932544]
[3904932608, 3904932672]
[3904932704, 3904932720]
[3904932784, 3904932800]
[3904932864, 3904932928]
[3904932960, 3904932976]
[3904933040, 3904933056]
[3904933120, 3904933184]
[3904933216, 3904933232]
[3904933296, 3904933312]
[3904933376, 3904933440]
[3904933472, 3904933488]
[3904933552, 3904933568]
[3904933632, 3904933696]
[3904933728, 3904933744]
[3904933808, 3904933824]
[3904933888, 3904933952]
[3904933984, 3904934000]
[3904934064, 3904934080]
[3904934144, 3904934208]
[3904934240, 3904934256]
[3904934320, 3904934336]
[3904934400, 3904934464]
[3904934496, 3904934512]
[3904934576, 3904934592]
[3904934656, 3904934720]
[3904934752, 3904934768]
[3904934832, 3904934848]
[3904934912, 3904934976]
[3904935008, 3904935024]
[3904935088, 3904935104]
[3904935168, 3904935232]
[3904935264, 3904935280]
[3904935344, 3904935360]
[3904935424, 3904935488]
[3904935520, 3904935536]
[3904935600, 3904935616]
[3904935680, 3904935744]
[3904935776, 3904935792]
[3904935856, 3904935872]
[3904935936, 3904936000]
[3904936032, 3904936048]
[3904936112, 3904936128]
[3904936192, 3904936256]
[3904936288, 3904936304]
[3904936368, 3904936384]
[3904936448, 3904936512]
[3904936544, 3904936560]
[3904936624, 3904936640]
[3904936704, 3904936768]
[3904936800, 3904936816]
[3904936880, 3904936896]
[3904936960, 3904937024]
[3904937056, 3904937072]
[3904937136, 3904937152]
[3904937216, 3904937280]
[3904937312, 3904937328]
[3904937392, 3904937408]
[3904937472, 3904937536]
[3904937568, 3904937584]
[3904937648, 3904937664]
[3904937728, 3904937792]
[3904937824, 3904937840]
[3904937904, 3904937920]
[3904937984, 3904938048]
[3904938080, 3904938096]
[3904938160, 3904938176]
[3904938240, 3904938304]
[3904938336, 3904938352]
[3904938416, 3904938432]
[3904938496, 3904938560]
[3904938592, 3904938608]
[3904938672, 3904938688]
[3904938752, 3904938816]
[3904938848, 3904938864]
[3904938928, 3904938944]
[3904939008, 3904939072]
[3904939104, 3904939120]
[3904939184, 3904939200]
[3904939264, 3904939328]
[3904939360, 3904939376]
[3904939440, 3904939456]
[3904939520, 3904939584]
[3904939616, 3904939632]
[3904939696, 3904939712]
[3904939776, 3904939840]
[3904939872, 3904939888]
[3904939952, 3904939968]
[3904940032, 3904940096]
[3904940128, 3904940144]
[3904940208, 3904940224]
[3904940288, 3904940352]
[3904940384, 3904940400]
[3904940464, 3904940480]
[3904940544, 3904940608]
[3904940640, 3904940656]
[3904940720, 3904940736]
[3904940800, 3904940864]
[3904940896, 3904940912]
[3904940976, 3904940992]
[3904941056, 3904941120]
[3904941152, 3904941168]
[3904941232, 3904941248]
[3904941312, 3904941376]
[3904941408, 3904941424]
[3904941488, 3904941504]
[3904941568, 3904941632]
[3904941664, 3904941680]
[3904941744, 3904941760]
[3904941824, 3904941888]
[3904941920, 3904941936]
[3904942000, 3904942016]
[3904942080, 3904942144]
[3904942176, 3904942192]
[3904942256, 3904942272]
[3904942336, 3904942400]
[3904942432, 3904942448]
[3904942512, 3904942528]
[3904942592, 3904942656]
[3904942688, 3904942704]
[3904942768, 3904942784]
[3904942848, 3904942912]
[3904942944, 3904942960]
[3904943024, 3904943040]
[3904943104, 3904943168]
[3904943200, 3904943216]
[3904943280, 3904943296]
[3904943360, 3904943424]
[3904943456, 3904943472]
[3904943536, 3904943552]
[3904943616, 3904943680]
[3904943712, 3904943728]
[3904943792, 3904943808]
[3904943872, 3904943936]
[3904943968, 3904943984]
[3904944048, 3904944064]
[3904944128, 3904944192]
[3904944224, 3904944240]
[3904944304, 3904944320]
[3904944384, 3904944448]
[3904944480, 3904944496]
[3904944560, 3904944576]
[3904944640, 3904944704]
[3904944736, 3904944752]
[3904944816, 3904944832]
[3904944896, 3904944960]
[3904944992, 3904945008]
[3904945072, 3904945088]
[3904945152, 3904945216]
[3904945248, 3904945264]
[3904945328, 3904945344]
[3904945408, 3904945472]
[3904945504, 3904945520]
[3904945584, 3904945600]
[3904945664, 3904945728]
[3904945760, 3904945776]
[3904945840, 3904945856]
[3904945920, 3904945984]
[3904946016, 3904946032]
[3904946096, 3904946112]
[3904946176, 3904946240]
[3904946272, 3904946288]
[3904946352, 3904946368]
[3904946432, 3904946496]
[3904946528, 3904946544]
[3904946608, 3904946624]
[3904946688, 3904946752]
[3904946784, 3904946800]
[3904946864, 3904946880]
[3904946944, 3904947008]
[3904947040, 3904947056]
[3904947120, 3904947136]
[3904947200, 3904947264]
[3904947296, 3904947312]
[3904947376, 3904947392]
[3904947456, 3904947520]
[3904947552, 3904947568]
[3904947632, 3904947648]
[3904947712, 3904947776]
[3904947808, 3904947824]
[3904947888, 3904947904]
[3904947968, 3904948032]
[3904948064, 3904948080]
[3904948144, 3904948160]
[3904948224, 3904948288]
[3904948320, 3904948336]
[3904948400, 3904948416]
[3904948480, 3904948544]
[3904948576, 3904948592]
[3904948656, 3904948672]
[3904948736, 3904948800]
[3904948832, 3904948848]
[3904948912, 3904948928]
[3904948992, 3904949056]
[3904949088, 3904949104]
[3904949168, 3904949184]
[3904949248, 3904949312]
[3904949344, 3904949360]
[3904949424, 3904949440]
[3904949504, 3904949568]
[3904949600, 3904949616]
[3904949680, 3904949696]
[3904949760, 3904949824]
[3904949856, 3904949872]
[3904949936, 3904949952]
[3904950016, 3904950080]
[3904950112, 3904950128]
[3904950192, 3904950208]
[3904950272, 3904950336]
[3904950368, 3904950384]
[3904950448, 3904950464]
[3904950528, 3904950592]
[3904950624, 3904950640]
[3904950704, 3904950720]
[3904950784, 3904950848]
[3904950880, 3904950896]
[3904950960, 3904950976]
[3904951040, 3904951104]
[3904951136, 3904951152]
[3904951216, 3904951232]
[3904951296, 3904951360]
[3904951392, 3904951408]
[3904951472, 3904951488]
[3904951552, 3904951616]
[3904951648, 3904951664]
[3904951728, 3904951744]
[3904951808, 3904951872]
[3904951904, 3904951920]
[3904951984, 3904952000]
[3904952064, 3904952128]
[3904952160, 3904952176]
[3904952240, 3904952256]
[3904952320, 3904952384]
[3904952416, 3904952432]
[3904952496, 3904952512]
[3904952576, 3904952640]
[3904952672, 3904952688]
[3904952752, 3904952768]
[3904952832, 3904952896]
[3904952928, 3904952944]
[3904953008, 3904953024]
[3904953088, 3904953152]
[3904953184, 3904953200]
[3904953264, 3904953280]
[3904953344, 3904953408]
[3904953440, 3904953456]
[3904953520, 3904953536]
[3904953600, 3904953664]
[3904953696, 3904953712]
[3904953776, 3904953792]
[3904953856, 3904953920]
[3904953952, 3904953968]
[3904954032, 3904954048]
[3904954112, 3904954176]
[3904954208, 3904954224]
[3904954288, 3904954304]
[3904954368, 3904954432]
[3904954464, 3904954480]
[3904954544, 3904954560]
[3904954624, 3904954688]
[3904954720, 3904954736]
[3904954800, 3904954816]
[3904954880, 3904954944]
[3904954976, 3904954992]
[3904955056, 3904955072]
[3904955136, 3904955200]
[3904955232, 3904955248]
[3904955312, 3904955328]
[3904955392, 3904955456]
[3904955488, 3904955504]
[3904955568, 3904955584]
[3904955648, 3904955712]
[3904955744, 3904955760]
[3904955824, 3904955840]
[3904955904, 3904955968]
[3904956000, 3904956016]
[3904956080, 3904956096]
[3904956160, 3904956224]
[3904956256, 3904956272]
[3904956336, 3904956352]
[3904956416, 3904956480]
[3904956512, 3904956528]
[3904956592, 3904956608]
[3904956672, 3904956736]
[3904956768, 3904956784]
[3904956848, 3904956864]
[3904956928, 3904956992]
[3904957024, 3904957040]
[3904957104, 3904957120]
[3904957184, 3904957248]
[3904957280, 3904957296]
[3904957360, 3904957376]
[3904957440, 3904957504]
[3904957536, 3904957552]
[3904957616, 3904957632]
[3904957696, 3904957760]
[3904957792, 3904957808]
[3904957872, 3904957888]
[3904957952, 3904958016]
[3904958048, 3904958064]
[3904958128, 3904958144]
[3904958208, 3904958272]
[3904958304, 3904958320]
[3904958384, 3904958400]
[3904958464, 3904958528]
[3904958560, 3904958576]
[3904958640, 3904958656]
[3904958720, 3904958784]
[3904958816, 3904958832]
[3904958896, 3904958912]
[3904958976, 3904959040]
[3904959072, 3904959088]
[3904959152, 3904959168]
[3904959232, 3904959296]
[3904959328, 3904959344]
[3904959408, 3904959424]
[3904959488, 3904959552]
[3904959584, 3904959600]
[3904959664, 3904959680]
[3904959744, 3904959808]
[3904959840, 3904959856]
[3904959920, 3904959936]
[3904960000, 3904960064]
[3904960096, 3904960112]
[3904960176, 3904960192]
[3904960256, 3904960320]
[3904960352, 3904960368]
[3904960432, 3904960448]
[3904960512, 3904960576]
[3904960608, 3904960624]
[3904960688, 3904960704]
[3904960768, 3904960832]
[3904960864, 3904960880]
[3904960944, 3904960960]
[3904961024, 3904961088]
[3904961120, 3904961136]
[3904961200, 3904961216]
[3904961280, 3904961344]
[3904961376, 3904961392]
[3904961456, 3904961472]
[3904961536, 3904961600]
[3904961632, 3904961648]
[3904961712, 3904961728]
[3904961792, 3904961856]
[3904961888, 3904961904]
[3904961968, 3904961984]
[3904962048, 3904962112]
[3904962144, 3904962160]
[3904962224, 3904962240]
[3904962304, 3904962368]
[3904962400, 3904962416]
[3904962480, 3904962496]
[3904962560, 3904962624]
[3904962656, 3904962672]
[3904962736, 3904962752]
[3904962816, 3904962880]
[3904962912, 3904962928]
[3904962992, 3904963008]
[3904963072, 3904963136]
[3904963168, 3904963184]
[3904963248, 3904963264]
[3904963328, 3904963392]
[3904963424, 3904963440]
[3904963504, 3904963520]
[3904963584, 3904963648]
[3904963680, 3904963696]
[3904963760, 3904963776]
[3904963840, 3904963904]
[3904963936, 3904963952]
[3904964016, 3904964032]
[3904964096, 3904964160]
[3904964192, 3904964208]
[3904964272, 3904964288]
[3904964352, 3904964416]
[3904964448, 3904964464]
[3904964528, 3904964544]
[3904964608, 3904964672]
[3904964704, 3904964720]
[3904964784, 3904964800]
[3904964864, 3904964928]
[3904964960, 3904964976]
[3904965040, 3904965056]
[3904965120, 3904965184]
[3904965216, 3904965232]
[3904965296, 3904965312]
[3904965376, 3904965440]
[3904965472, 3904965488]
[3904965552, 3904965568]
[3904965632, 3904965696]
[3904965728, 3904965744]
[3904965808, 3904965824]
[3904965888, 3904965952]
[3904965984, 3904966000]
[3904966064, 3904966080]
[3904966144, 3904966208]
[3904966240, 3904966256]
[3904966320, 3904966336]
[3904966400, 3904966464]
[3904966496, 3904966512]
[3904966576, 3904966592]
[3904966656, 3904966720]
[3904966752, 3904966768]
[3904966832, 3904966848]
[3904966912, 3904966976]
[3904967008, 3904967024]
[3904967088, 3904967104]
[3904967168, 3904967232]
[3904967264, 3904967280]
[3904967344, 3904967360]
[3904967424, 3904967488]
[3904967520, 3904967536]
[3904967600, 3904967616]
[3904967680, 3904967744]
[3904967776, 3904967792]
[3904967856, 3904967872]
[3904967936, 3904968000]
[3904968032, 3904968048]
[3904968112, 3904968128]
[3904968192, 3904968256]
[3904968288, 3904968304]
[3904968368, 3904968384]
[3904968448, 3904968512]
[3904968544, 3904968560]
[3904968624, 3904968640]
[3904968704, 3904968768]
[3904968800, 3904968816]
[3904968880, 3904968896]
[3904968960, 3904969024]
[3904969056, 3904969072]
[3904969136, 3904969152]
[3904969216, 3904969280]
[3904969312, 3904969328]
[3904969392, 3904969408]
[3904969472, 3904969536]
[3904969568, 3904969584]
[3904969648, 3904969664]
[3904969728, 3904969792]
[3904969824, 3904969840]
[3904969904, 3904969920]
[3904969984, 3904970048]
[3904970080, 3904970096]
[3904970160, 3904970176]
[3904970240, 3904970304]
[3904970336, 3904970352]
[3904970416, 3904970432]
[3904970496, 3904970560]
[3904970592, 3904970608]
[3904970672, 3904970688]
[3904970752, 3904970816]
[3904970848, 3904970864]
[3904970928, 3904970944]
[3904971008, 3904971072]
[3904971104, 3904971120]
[3904971184, 3904971200]
[3904971264, 3904971328]
[3904971360, 3904971376]
[3904971440, 3904971456]
[3904971520, 3904971584]
[3904971616, 3904971632]
[3904971696, 3904971712]
[3904971776, 3904971840]
[3904971872, 3904971888]
[3904971952, 3904971968]
[3904972032, 3904972096]
[3904972128, 3904972144]
[3904972208, 3904972224]
[3904972288, 3904972352]
[3904972384, 3904972400]
[3904972464, 3904972480]
[3904972544, 3904972608]
[3904972640, 3904972656]
[3904972720, 3904972736]
[3904972800, 3904972864]
[3904972896, 3904972912]
[3904972976, 3904972992]
[3904973056, 3904973120]
[3904973152, 3904973168]
[3904973232, 3904973248]
[3904973312, 3904973376]
[3904973408, 3904973424]
[3904973488, 3904973504]
[3904973568, 3904973632]
[3904973664, 3904973680]
[3904973744, 3904973760]
[3904973824, 3904973888]
[3904973920, 3904973936]
[3904974000, 3904974016]
[3904974080, 3904974144]
[3904974176, 3904974192]
[3904974256, 3904974272]
[3904974336, 3904974400]
[3904974432, 3904974448]
[3904974512, 3904974528]
[3904974592, 3904974656]
[3904974688, 3904974704]
[3904974768, 3904974784]
[3904974848, 3904974912]
[3904974944, 3904974960]
[3904975024, 3904975040]
[3904975104, 3904975168]
[3904975200, 3904975216]
[3904975280, 3904975296]
[3904975360, 3904975424]
[3904975456, 3904975472]
[3904975536, 3904975552]
[3904975616, 3904975680]
[3904975712, 3904975728]
[3904975792, 3904975808]
[3904975872, 3904975936]
[3904975968, 3904975984]
[3904976048, 3904976064]
[3904976128, 3904976192]
[3904976224, 3904976240]
[3904976304, 3904976320]
[3904976384, 3904976448]
[3904976480, 3904976496]
[3904976560, 3904976576]
[3904976640, 3904976704]
[3904976736, 3904976752]
[3904976816, 3904976832]
[3904976896, 3904976960]
[3904976992, 3904977008]
[3904977072, 3904977088]
[3904977152, 3904977216]
[3904977248, 3904977264]
[3904977328, 3904977344]
[3904977408, 3904977472]
[3904977504, 3904977520]
[3904977584, 3904977600]
[3904977664, 3904977728]
[3904977760, 3904977776]
[3904977840, 3904977856]
[3904977920, 3904977984]
[3904978016, 3904978032]
[3904978096, 3904978112]
[3904978176, 3904978240]
[3904978272, 3904978288]
[3904978352, 3904978368]
[3904978432, 3904978496]
[3904978528, 3904978544]
[3904978608, 3904978624]
[3904978688, 3904978752]
[3904978784, 3904978800]
[3904978864, 3904978880]
[3904978944, 3904979008]
[3904979040, 3904979056]
[3904979120, 3904979136]
[3904979200, 3904979264]
[3904979296, 3904979312]
[3904979376, 3904979392]
[3904979456, 3904979520]
[3904979552, 3904979568]
[3904979632, 3904979648]
[3904979712, 3904979776]
[3904979808, 3904979824]
[3904979888, 3904979904]
[3904979968, 3904980032]
[3904980064, 3904980080]
[3904980144, 3904980160]
[3904980224, 3904980288]
[3904980320, 3904980336]
[3904980400, 3904980416]
[3904980480, 3904980544]
[3904980576, 3904980592]
[3904980656, 3904980672]
[3904980736, 3904980800]
[3904980832, 3904980848]
[3904980912, 3904980928]
[3904980992, 3904981056]
[3904981088, 3904981104]
[3904981168, 3904981184]
[3904981248, 3904981312]
[3904981344, 3904981360]
[3904981424, 3904981440]
[3904981504, 3904981568]
[3904981600, 3904981616]
[3904981680, 3904981696]
[3904981760, 3904981824]
[3904981856, 3904981872]
[3904981936, 3904981952]
[3904982016, 3904982080]
[3904982112, 3904982128]
[3904982192, 3904982208]
[3904982272, 3904982336]
[3904982368, 3904982384]
[3904982448, 3904982464]
[3904982528, 3904982592]
[3904982624, 3904982640]
[3904982704, 3904982720]
[3904982784, 3904982848]
[3904982880, 3904982896]
[3904982960, 3904982976]
[3904983040, 3904983104]
[3904983136, 3904983152]
[3904983216, 3904983232]
[3904983296, 3904983360]
[3904983392, 3904983408]
[3904983472, 3904983488]
[3904983552, 3904983616]
[3904983648, 3904983664]
[3904983728, 3904983744]
[3904983808, 3904983872]
[3904983904, 3904983920]
[3904983984, 3904984000]
[3904984064, 3904984128]
[3904984160, 3904984176]
[3904984240, 3904984256]
[3904984320, 3904984384]
[3904984416, 3904984432]
[3904984496, 3904984512]
[3904984576, 3904984640]
[3904984672, 3904984688]
[3904984752, 3904984768]
[3904984832, 3904984896]
[3904984928, 3904984944]
[3904985008, 3904985024]
[3904985088, 3904985152]
[3904985184, 3904985200]
[3904985264, 3904985280]
[3904985344, 3904985408]
[3904985440, 3904985456]
[3904985520, 3904985536]
[3904985600, 3904985664]
[3904985696, 3904985712]
[3904985776, 3904985792]
[3904985856, 3904985920]
[3904985952, 3904985968]
[3904986032, 3904986048]
[3904986112, 3904986176]
[3904986208, 3904986224]
[3904986288, 3904986304]
[3904986368, 3904986432]
[3904986464, 3904986480]
[3904986544, 3904986560]
[3904986624, 3904986688]
[3904986720, 3904986736]
[3904986800, 3904986816]
[3904986880, 3904986944]
[3904986976, 3904986992]
[3904987056, 3904987072]
[3904987136, 3904987200]
[3904987232, 3904987248]
[3904987312, 3904987328]
[3904987392, 3904987456]
[3904987488, 3904987504]
[3904987568, 3904987584]
[3904987648, 3904987712]
[3904987744, 3904987760]
[3904987824, 3904987840]
[3904987904, 3904987968]
[3904988000, 3904988016]
[3904988080, 3904988096]
[3904988160, 3904988224]
[3904988256, 3904988272]
[3904988336, 3904988352]
[3904988416, 3904988480]
[3904988512, 3904988528]
[3904988592, 3904988608]
[3904988672, 3904988736]
[3904988768, 3904988784]
[3904988848, 3904988864]
[3904988928, 3904988992]
[3904989024, 3904989040]
[3904989104, 3904989120]
[3904989184, 3904989248]
[3904989280, 3904989296]
[3904989360, 3904989376]
[3904989440, 3904989504]
[3904989536, 3904989552]
[3904989616, 3904989632]
[3904989696, 3904989760]
[3904989792, 3904989808]
[3904989872, 3904989888]
[3904989952, 3904990016]
[3904990048, 3904990064]
[3904990128, 3904990144]
[3904990208, 3904990272]
[3904990304, 3904990320]
[3904990384, 3904990400]
[3904990464, 3904990528]
[3904990560, 3904990576]
[3904990640, 3904990656]
[3904990720, 3904990784]
[3904990816, 3904990832]
[3904990896, 3904990912]
[3904990976, 3904991040]
[3904991072, 3904991088]
[3904991152, 3904991168]
[3904991232, 3904991296]
[3904991328, 3904991344]
[3904991408, 3904991424]
[3904991488, 3904991552]
[3904991584, 3904991600]
[3904991664, 3904991680]
[3904991744, 3904991808]
[3904991840, 3904991856]
[3904991920, 3904991936]
[3904992000, 3904992064]
[3904992096, 3904992112]
[3904992176, 3904992192]
[3904992256, 3904992320]
[3904992352, 3904992368]
[3904992432, 3904992448]
[3904992512, 3904992576]
[3904992608, 3904992624]
[3904992688, 3904992704]
[3904992768, 3904992832]
[3904992864, 3904992880]
[3904992944, 3904992960]
[3904993024, 3904993088]
[3904993120, 3904993136]
[3904993200, 3904993216]
[3904993280, 3904993344]
[3904993376, 3904993392]
[3904993456, 3904993472]
[3904993536, 3904993600]
[3904993632, 3904993648]
[3904993712, 3904993728]
[3904993792, 3904993856]
[3904993888, 3904993904]
[3904993968, 3904993984]
[3904994048, 3904994112]
[3904994144, 3904994160]
[3904994224, 3904994240]
[3904994304, 3904994368]
[3904994400, 3904994416]
[3904994480, 3904994496]
[3904994560, 3904994624]
[3904994656, 3904994672]
[3904994736, 3904994752]
[3904994816, 3904994880]
[3904994912, 3904994928]
[3904994992, 3904995008]
[3904995072, 3904995136]
[3904995168, 3904995184]
[3904995248, 3904995264]
[3904995328, 3904995392]
[3904995424, 3904995440]
[3904995504, 3904995520]
[3904995584, 3904995648]
[3904995680, 3904995696]
[3904995760, 3904995776]
[3904995840, 3904995904]
[3904995936, 3904995952]
[3904996016, 3904996032]
[3904996096, 3904996160]
[3904996192, 3904996208]
[3904996272, 3904996288]
[3904996352, 3904996416]
[3904996448, 3904996464]
[3904996528, 3904996544]
[3904996608, 3904996672]
[3904996704, 3904996720]
[3904996784, 3904996800]
[3904996864, 3904996928]
[3904996960, 3904996976]
[3904997040, 3904997056]
[3904997120, 3904997184]
[3904997216, 3904997232]
[3904997296, 3904997312]
[3904997376, 3904997440]
[3904997472, 3904997488]
[3904997552, 3904997568]
[3904997632, 3904997696]
[3904997728, 3904997744]
[3904997808, 3904997824]
[3904997888, 3904997952]
[3904997984, 3904998000]
[3904998064, 3904998080]
[3904998144, 3904998208]
[3904998240, 3904998256]
[3904998320, 3904998336]
[3904998400, 3904998464]
[3904998496, 3904998512]
[3904998576, 3904998592]
[3904998656, 3904998720]
[3904998752, 3904998768]
[3904998832, 3904998848]
[3904998912, 3904998976]
[3904999008, 3904999024]
[3904999088, 3904999104]
[3904999168, 3904999232]
[3904999264, 3904999280]
[3904999344, 3904999360]
[3904999424, 3904999488]
[3904999520, 3904999536]
[3904999600, 3904999616]
[3904999680, 3904999744]
[3904999776, 3904999792]
[3904999856, 3904999872]
[3904999936, 3905000000]
[3905000032, 3905000048]
[3905000112, 3905000128]
[3905000192, 3905000256]
[3905000288, 3905000304]
[3905000368, 3905000384]
[3905000448, 3905000512]
[3905000544, 3905000560]
[3905000624, 3905000640]
[3905000704, 3905000768]
[3905000800, 3905000816]
[3905000880, 3905000896]
[3905000960, 3905001024]
[3905001056, 3905001072]
[3905001136, 3905001152]
[3905001216, 3905001280]
[3905001312, 3905001328]
[3905001392, 3905001408]
[3905001472, 3905001536]
[3905001568, 3905001584]
[3905001648, 3905001664]
[3905001728, 3905001792]
[3905001824, 3905001840]
[3905001904, 3905001920]
[3905001984, 3905002048]
[3905002080, 3905002096]
[3905002160, 3905002176]
[3905002240, 3905002304]
[3905002336, 3905002352]
[3905002416, 3905002432]
[3905002496, 3905002560]
[3905002592, 3905002608]
[3905002672, 3905002688]
[3905002752, 3905002816]
[3905002848, 3905002864]
[3905002928, 3905002944]
[3905003008, 3905003072]
[3905003104, 3905003120]
[3905003184, 3905003200]
[3905003264, 3905003328]
[3905003360, 3905003376]
[3905003440, 3905003456]
[3905003520, 3905003584]
[3905003616, 3905003632]
[3905003696, 3905003712]
[3905003776, 3905003840]
[3905003872, 3905003888]
[3905003952, 3905003968]
[3905004032, 3905004096]
[3905004128, 3905004144]
[3905004208, 3905004224]
[3905004288, 3905004352]
[3905004384, 3905004400]
[3905004464, 3905004480]
[3905004544, 3905004608]
[3905004640, 3905004656]
[3905004720, 3905004736]
[3905004800, 3905004864]
[3905004896, 3905004912]
[3905004976, 3905004992]
[3905005056, 3905005120]
[3905005152, 3905005168]
[3905005232, 3905005248]
[3905005312, 3905005376]
[3905005408, 3905005424]
[3905005488, 3905005504]
[3905005568, 3905005632]
[3905005664, 3905005680]
[3905005744, 3905005760]
[3905005824, 3905005888]
[3905005920, 3905005936]
[3905006000, 3905006016]
[3905006080, 3905006144]
[3905006176, 3905006192]
[3905006256, 3905006272]
[3905006336, 3905006400]
[3905006432, 3905006448]
[3905006512, 3905006528]
[3905006592, 3905006656]
[3905006688, 3905006704]
[3905006768, 3905006784]
[3905006848, 3905006912]
[3905006944, 3905006960]
[3905007024, 3905007040]
[3905007104, 3905007168]
[3905007200, 3905007216]
[3905007280, 3905007296]
[3905007360, 3905007424]
[3905007456, 3905007472]
[3905007536, 3905007552]
[3905007616, 3905007680]
[3905007712, 3905007728]
[3905007792, 3905007808]
[3905007872, 3905007936]
[3905007968, 3905007984]
[3905008048, 3905008064]
[3905008128, 3905008192]
[3905008224, 3905008240]
[3905008304, 3905008320]
[3905008384, 3905008448]
[3905008480, 3905008496]
[3905008560, 3905008576]
[3905008640, 3905008704]
[3905008736, 3905008752]
[3905008816, 3905008832]
[3905008896, 3905008960]
[3905008992, 3905009008]
[3905009072, 3905009088]
[3905009152, 3905009216]
[3905009248, 3905009264]
[3905009328, 3905009344]
[3905009408, 3905009472]
[3905009504, 3905009520]
[3905009584, 3905009600]
[3905009664, 3905009728]
[3905009760, 3905009776]
[3905009840, 3905009856]
[3905009920, 3905009984]
[3905010016, 3905010032]
[3905010096, 3905010112]
[3905010176, 3905010240]
[3905010272, 3905010288]
[3905010352, 3905010368]
[3905010432, 3905010496]
[3905010528, 3905010544]
[3905010608, 3905010624]
[3905010688, 3905010752]
[3905010784, 3905010800]
[3905010864, 3905010880]
[3905010944, 3905011008]
[3905011040, 3905011056]
[3905011120, 3905011136]
[3905011200, 3905011264]
[3905011296, 3905011312]
[3905011376, 3905011392]
[3905011456, 3905011520]
[3905011552, 3905011568]
[3905011632, 3905011648]
[3905011712, 3905011776]
[3905011808, 3905011824]
[3905011888, 3905011904]
[3905011968, 3905012032]
[3905012064, 3905012080]
[3905012144, 3905012160]
[3905012224, 3905012288]
[3905012320, 3905012336]
[3905012400, 3905012416]
[3905012480, 3905012544]
[3905012576, 3905012592]
[3905012656, 3905012672]
[3905012736, 3905012800]
[3905012832, 3905012848]
[3905012912, 3905012928]
[3905012992, 3905013056]
[3905013088, 3905013104]
[3905013168, 3905013184]
[3905013248, 3905013312]
[3905013344, 3905013360]
[3905013424, 3905013440]
[3905013504, 3905013568]
[3905013600, 3905013616]
[3905013680, 3905013696]
[3905013760, 3905013824]
[3905013856, 3905013872]
[3905013936, 3905013952]
[3905014016, 3905014080]
[3905014112, 3905014128]
[3905014192, 3905014208]
[3905014272, 3905014336]
[3905014368, 3905014384]
[3905014448, 3905014464]
[3905014528, 3905014592]
[3905014624, 3905014640]
[3905014704, 3905014720]
[3905014784, 3905014848]
[3905014880, 3905014896]
[3905014960, 3905014976]
[3905015040, 3905015104]
[3905015136, 3905015152]
[3905015216, 3905015232]
[3905015296, 3905015360]
[3905015392, 3905015408]
[3905015472, 3905015488]
[3905015552, 3905015616]
[3905015648, 3905015664]
[3905015728, 3905015744]
[3905015808, 3905015872]
[3905015904, 3905015920]
[3905015984, 3905016000]
[3905016064, 3905016128]
[3905016160, 3905016176]
[3905016240, 3905016256]
[3905016320, 3905016384]
[3905016416, 3905016432]
[3905016496, 3905016512]
[3905016576, 3905016640]
[3905016672, 3905016688]
[3905016752, 3905016768]
[3905016832, 3905016896]
[3905016928, 3905016944]
[3905017008, 3905017024]
[3905017088, 3905017152]
[3905017184, 3905017200]
[3905017264, 3905017280]
[3905017344, 3905017408]
[3905017440, 3905017456]
[3905017520, 3905017536]
[3905017600, 3905017664]
[3905017696, 3905017712]
[3905017776, 3905017792]
[3905017856, 3905017920]
[3905017952, 3905017968]
[3905018032, 3905018048]
[3905018112, 3905018176]
[3905018208, 3905018224]
[3905018288, 3905018304]
[3905018368, 3905018432]
[3905018464, 3905018480]
[3905018544, 3905018560]
[3905018624, 3905018688]
[3905018720, 3905018736]
[3905018800, 3905018816]
[3905018880, 3905018944]
[3905018976, 3905018992]
[3905019056, 3905019072]
[3905019136, 3905019200]
[3905019232, 3905019248]
[3905019312, 3905019328]
[3905019392, 3905019456]
[3905019488, 3905019504]
[3905019568, 3905019584]
[3905019648, 3905019712]
[3905019744, 3905019760]
[3905019824, 3905019840]
[3905019904, 3905019968]
[3905020000, 3905020016]
[3905020080, 3905020096]
[3905020160, 3905020224]
[3905020256, 3905020272]
[3905020336, 3905020352]
[3905020416, 3905020480]
[3905020512, 3905020528]
[3905020592, 3905020608]
[3905020672, 3905020736]
[3905020768, 3905020784]
[3905020848, 3905020864]
[3905020928, 3905020992]
[3905021024, 3905021040]
[3905021104, 3905021120]
[3905021184, 3905021248]
[3905021280, 3905021296]
[3905021360, 3905021376]
[3905021440, 3905021504]
[3905021536, 3905021552]
[3905021616, 3905021632]
[3905021696, 3905021760]
[3905021792, 3905021808]
[3905021872, 3905021888]
[3905021952, 3905022016]
[3905022048, 3905022064]
[3905022128, 3905022144]
[3905022208, 3905022272]
[3905022304, 3905022320]
[3905022384, 3905022400]
[3905022464, 3905022528]
[3905022560, 3905022576]
[3905022640, 3905022656]
[3905022720, 3905022784]
[3905022816, 3905022832]
[3905022896, 3905022912]
[3905022976, 3905023040]
[3905023072, 3905023088]
[3905023152, 3905023168]
[3905023232, 3905023296]
[3905023328, 3905023344]
[3905023408, 3905023424]
[3905023488, 3905023552]
[3905023584, 3905023600]
[3905023664, 3905023680]
[3905023744, 3905023808]
[3905023840, 3905023856]
[3905023920, 3905023936]
[3905024000, 3905024064]
[3905024096, 3905024112]
[3905024176, 3905024192]
[3905024256, 3905024320]
[3905024352, 3905024368]
[3905024432, 3905024448]
[3905024512, 3905024576]
[3905024608, 3905024624]
[3905024688, 3905024704]
[3905024768, 3905024832]
[3905024864, 3905024880]
[3905024944, 3905024960]
[3905025024, 3905025088]
[3905025120, 3905025136]
[3905025200, 3905025216]
[3905025280, 3905025344]
[3905025376, 3905025392]
[3905025456, 3905025472]
[3905025536, 3905025600]
[3905025632, 3905025648]
[3905025712, 3905025728]
[3905025792, 3905025856]
[3905025888, 3905025904]
[3905025968, 3905025984]
[3905026048, 3905026112]
[3905026144, 3905026160]
[3905026224, 3905026240]
[3905026304, 3905026368]
[3905026400, 3905026416]
[3905026480, 3905026496]
[3905026560, 3905026624]
[3905026656, 3905026672]
[3905026736, 3905026752]
[3905026816, 3905026880]
[3905026912, 3905026928]
[3905026992, 3905027008]
[3905027072, 3905027136]
[3905027168, 3905027184]
[3905027248, 3905027264]
[3905027328, 3905027392]
[3905027424, 3905027440]
[3905027504, 3905027520]
[3905027584, 3905027648]
[3905027680, 3905027696]
[3905027760, 3905027776]
[3905027840, 3905027904]
[3905027936, 3905027952]
[3905028016, 3905028032]
[3905028096, 3905028160]
[3905028192, 3905028208]
[3905028272, 3905028288]
[3905028352, 3905028416]
[3905028448, 3905028464]
[3905028528, 3905028544]
[3905028608, 3905028672]
[3905028704, 3905028720]
[3905028784, 3905028800]
[3905028864, 3905028928]
[3905028960, 3905028976]
[3905029040, 3905029056]
[3905029120, 3905029184]
[3905029216, 3905029232]
[3905029296, 3905029312]
[3905029376, 3905029440]
[3905029472, 3905029488]
[3905029552, 3905029568]
[3905029632, 3905029696]
[3905029728, 3905029744]
[3905029808, 3905029824]
[3905029888, 3905029952]
[3905029984, 3905030000]
[3905030064, 3905030080]
[3905030144, 3905030208]
[3905030240, 3905030256]
[3905030320, 3905030336]
[3905030400, 3905030464]
[3905030496, 3905030512]
[3905030576, 3905030592]
[3905030656, 3905030720]
[3905030752, 3905030768]
[3905030832, 3905030848]
[3905030912, 3905030976]
[3905031008, 3905031024]
[3905031088, 3905031104]
[3905031168, 3905031232]
[3905031264, 3905031280]
[3905031344, 3905031360]
[3905031424, 3905031488]
[3905031520, 3905031536]
[3905031600, 3905031616]
[3905031680, 3905031744]
[3905031776, 3905031792]
[3905031856, 3905031872]
[3905031936, 3905032000]
[3905032032, 3905032048]
[3905032112, 3905032128]
[3905032192, 3905032256]
[3905032288, 3905032304]
[3905032368, 3905032384]
[3905032448, 3905032512]
[3905032544, 3905032560]
[3905032624, 3905032640]
[3905032704, 3905032768]
[3905032800, 3905032816]
[3905032880, 3905032896]
[3905032960, 3905033024]
[3905033056, 3905033072]
[3905033136, 3905033152]
[3905033216, 3905033280]
[3905033312, 3905033328]
[3905033392, 3905033408]
[3905033472, 3905033536]
[3905033568, 3905033584]
[3905033648, 3905033664]
[3905033728, 3905033792]
[3905033824, 3905033840]
[3905033904, 3905033920]
[3905033984, 3905034048]
[3905034080, 3905034096]
[3905034160, 3905034176]
[3905034240, 3905034304]
[3905034336, 3905034352]
[3905034416, 3905034432]
[3905034496, 3905034560]
[3905034592, 3905034608]
[3905034672, 3905034688]
[3905034752, 3905034816]
[3905034848, 3905034864]
[3905034928, 3905034944]
[3905035008, 3905035072]
[3905035104, 3905035120]
[3905035184, 3905035200]
[3905035264, 3905035328]
[3905035360, 3905035376]
[3905035440, 3905035456]
[3905035520, 3905035584]
[3905035616, 3905035632]
[3905035696, 3905035712]
[3905035776, 3905035840]
[3905035872, 3905035888]
[3905035952, 3905035968]
[3905036032, 3905036096]
[3905036128, 3905036144]
[3905036208, 3905036224]
[3905036288, 3905036352]
[3905036384, 3905036400]
[3905036464, 3905036480]
[3905036544, 3905036608]
[3905036640, 3905036656]
[3905036720, 3905036736]
[3905036800, 3905036864]
[3905036896, 3905036912]
[3905036976, 3905036992]
[3905037056, 3905037120]
[3905037152, 3905037168]
[3905037232, 3905037248]
[3905037312, 3905037376]
[3905037408, 3905037424]
[3905037488, 3905037504]
[3905037568, 3905037632]
[3905037664, 3905037680]
[3905037744, 3905037760]
[3905037824, 3905037888]
[3905037920, 3905037936]
[3905038000, 3905038016]
[3905038080, 3905038144]
[3905038176, 3905038192]
[3905038256, 3905038272]
[3905038336, 3905038400]
[3905038432, 3905038448]
[3905038512, 3905038528]
[3905038592, 3905038656]
[3905038688, 3905038704]
[3905038768, 3905038784]
[3905038848, 3905038912]
[3905038944, 3905038960]
[3905039024, 3905039040]
[3905039104, 3905039168]
[3905039200, 3905039216]
[3905039280, 3905039296]
[3905039360, 3905039424]
[3905039456, 3905039472]
[3905039536, 3905039552]
[3905039616, 3905039680]
[3905039712, 3905039728]
[3905039792, 3905039808]
[3905039872, 3905039936]
[3905039968, 3905039984]
[3905040048, 3905040064]
[3905040128, 3905040192]
[3905040224, 3905040240]
[3905040304, 3905040320]
[3905040384, 3905040448]
[3905040480, 3905040496]
[3905040560, 3905040576]
[3905040640, 3905040704]
[3905040736, 3905040752]
[3905040816, 3905040832]
[3905040896, 3905040960]
[3905040992, 3905041008]
[3905041072, 3905041088]
[3905041152, 3905041216]
[3905041248, 3905041264]
[3905041328, 3905041344]
[3905041408, 3905041472]
[3905041504, 3905041520]
[3905041584, 3905041600]
[3905041664, 3905041728]
[3905041760, 3905041776]
[3905041840, 3905041856]
[3905041920, 3905041984]
[3905042016, 3905042032]
[3905042096, 3905042112]
[3905042176, 3905042240]
[3905042272, 3905042288]
[3905042352, 3905042368]
[3905042432, 3905042496]
[3905042528, 3905042544]
[3905042608, 3905042624]
[3905042688, 3905042752]
[3905042784, 3905042800]
[3905042864, 3905042880]
[3905042944, 3905043008]
[3905043040, 3905043056]
[3905043120, 3905043136]
[3905043200, 3905043264]
[3905043296, 3905043312]
[3905043376, 3905043392]
[3905043456, 3905043520]
[3905043552, 3905043568]
[3905043632, 3905043648]
[3905043712, 3905043776]
[3905043808, 3905043824]
[3905043888, 3905043904]
[3905043968, 3905044032]
[3905044064, 3905044080]
[3905044144, 3905044160]
[3905044224, 3905044288]
[3905044320, 3905044336]
[3905044400, 3905044416]
[3905044480, 3905044544]
[3905044576, 3905044592]
[3905044656, 3905044672]
[3905044736, 3905044800]
[3905044832, 3905044848]
[3905044912, 3905044928]
[3905044992, 3905045056]
[3905045088, 3905045104]
[3905045168, 3905045184]
[3905045248, 3905045312]
[3905045344, 3905045360]
[3905045424, 3905045440]
[3905045504, 3905045568]
[3905045600, 3905045616]
[3905045680, 3905045696]
[3905045760, 3905045824]
[3905045856, 3905045872]
[3905045936, 3905045952]
[3905046016, 3905046080]
[3905046112, 3905046128]
[3905046192, 3905046208]
[3905046272, 3905046336]
[3905046368, 3905046384]
[3905046448, 3905046464]
[3905046528, 3905046592]
[3905046624, 3905046640]
[3905046704, 3905046720]
[3905046784, 3905046848]
[3905046880, 3905046896]
[3905046960, 3905046976]
[3905047040, 3905047104]
[3905047136, 3905047152]
[3905047216, 3905047232]
[3905047296, 3905047360]
[3905047392, 3905047408]
[3905047472, 3905047488]
[3905047552, 3905047616]
[3905047648, 3905047664]
[3905047728, 3905047744]
[3905047808, 3905047872]
[3905047904, 3905047920]
[3905047984, 3905048000]
[3905048064, 3905048128]
[3905048160, 3905048176]
[3905048240, 3905048256]
[3905048320, 3905048384]
[3905048416, 3905048432]
[3905048496, 3905048512]
[3905048576, 3905048640]
[3905048672, 3905048688]
[3905048752, 3905048768]
[3905048832, 3905048896]
[3905048928, 3905048944]
[3905049008, 3905049024]
[3905049088, 3905049152]
[3905049184, 3905049200]
[3905049264, 3905049280]
[3905049344, 3905049408]
[3905049440, 3905049456]
[3905049520, 3905049536]
[3905049600, 3905049664]
[3905049696, 3905049712]
[3905049776, 3905049792]
[3905049856, 3905049920]
[3905049952, 3905049968]
[3905050032, 3905050048]
[3905050112, 3905050176]
[3905050208, 3905050224]
[3905050288, 3905050304]
[3905050368, 3905050432]
[3905050464, 3905050480]
[3905050544, 3905050560]
[3905050624, 3905050688]
[3905050720, 3905050736]
[3905050800, 3905050816]
[3905050880, 3905050944]
[3905050976, 3905050992]
[3905051056, 3905051072]
[3905051136, 3905051200]
[3905051232, 3905051248]
[3905051312, 3905051328]
[3905051392, 3905051456]
[3905051488, 3905051504]
[3905051568, 3905051584]
[3905051648, 3905051712]
[3905051744, 3905051760]
[3905051824, 3905051840]
[3905051904, 3905051968]
[3905052000, 3905052016]
[3905052080, 3905052096]
[3905052160, 3905052224]
[3905052256, 3905052272]
[3905052336, 3905052352]
[3905052416, 3905052480]
[3905052512, 3905052528]
[3905052592, 3905052608]
[3905052672, 3905052736]
[3905052768, 3905052784]
[3905052848, 3905052864]
[3905052928, 3905052992]
[3905053024, 3905053040]
[3905053104, 3905053120]
[3905053184, 3905053248]
[3905053280, 3905053296]
[3905053360, 3905053376]
[3905053440, 3905053504]
[3905053536, 3905053552]
[3905053616, 3905053632]
[3905053696, 3905053760]
[3905053792, 3905053808]
[3905053872, 3905053888]
[3905053952, 3905054016]
[3905054048, 3905054064]
[3905054128, 3905054144]
[3905054208, 3905054272]
[3905054304, 3905054320]
[3905054384, 3905054400]
[3905054464, 3905054528]
[3905054560, 3905054576]
[3905054640, 3905054656]
[3905054720, 3905054784]
[3905054816, 3905054832]
[3905054896, 3905054912]
[3905054976, 3905055040]
[3905055072, 3905055088]
[3905055152, 3905055168]
[3905055232, 3905055296]
[3905055328, 3905055344]
[3905055408, 3905055424]
[3905055488, 3905055552]
[3905055584, 3905055600]
[3905055664, 3905055680]
[3905055744, 3905055808]
[3905055840, 3905055856]
[3905055920, 3905055936]
[3905056000, 3905056064]
[3905056096, 3905056112]
[3905056176, 3905056192]
[3905056256, 3905056320]
[3905056352, 3905056368]
[3905056432, 3905056448]
[3905056512, 3905056576]
[3905056608, 3905056624]
[3905056688, 3905056704]
[3905056768, 3905056832]
[3905056864, 3905056880]
[3905056944, 3905056960]
[3905057024, 3905057088]
[3905057120, 3905057136]
[3905057200, 3905057216]
[3905057280, 3905057344]
[3905057376, 3905057392]
[3905057456, 3905057472]
[3905057536, 3905057600]
[3905057632, 3905057648]
[3905057712, 3905057728]
[3905057792, 3905057856]
[3905057888, 3905057904]
[3905057968, 3905057984]
[3905058048, 3905058112]
[3905058144, 3905058160]
[3905058224, 3905058240]
[3905058304, 3905058368]
[3905058400, 3905058416]
[3905058480, 3905058496]
[3905058560, 3905058624]
[3905058656, 3905058672]
[3905058736, 3905058752]
[3905058816, 3905058880]
[3905058912, 3905058928]
[3905058992, 3905059008]
[3905059072, 3905059136]
[3905059168, 3905059184]
[3905059248, 3905059264]
[3905059328, 3905059392]
[3905059424, 3905059440]
[3905059504, 3905059520]
[3905059584, 3905059648]
[3905059680, 3905059696]
[3905059760, 3905059776]
[3905059840, 3905059904]
[3905059936, 3905059952]
[3905060016, 3905060032]
[3905060096, 3905060160]
[3905060192, 3905060208]
[3905060272, 3905060288]
[3905060352, 3905060416]
[3905060448, 3905060464]
[3905060528, 3905060544]
[3905060608, 3905060672]
[3905060704, 3905060720]
[3905060784, 3905060800]
[3905060864, 3905060928]
[3905060960, 3905060976]
[3905061040, 3905061056]
[3905061120, 3905061184]
[3905061216, 3905061232]
[3905061296, 3905061312]
[3905061376, 3905061440]
[3905061472, 3905061488]
[3905061552, 3905061568]
[3905061632, 3905061696]
[3905061728, 3905061744]
[3905061808, 3905061824]
[3905061888, 3905061952]
[3905061984, 3905062000]
[3905062064, 3905062080]
[3905062144, 3905062208]
[3905062240, 3905062256]
[3905062320, 3905062336]
[3905062400, 3905062464]
[3905062496, 3905062512]
[3905062576, 3905062592]
[3905062656, 3905062720]
[3905062752, 3905062768]
[3905062832, 3905062848]
[3905062912, 3905062976]
[3905063008, 3905063024]
[3905063088, 3905063104]
[3905063168, 3905063232]
[3905063264, 3905063280]
[3905063344, 3905063360]
[3905063424, 3905063488]
[3905063520, 3905063536]
[3905063600, 3905063616]
[3905063680, 3905063744]
[3905063776, 3905063792]
[3905063856, 3905063872]
[3905063936, 3905064000]
[3905064032, 3905064048]
[3905064112, 3905064128]
[3905064192, 3905064256]
[3905064288, 3905064304]
[3905064368, 3905064384]
[3905064448, 3905064512]
[3905064544, 3905064560]
[3905064624, 3905064640]
[3905064704, 3905064768]
[3905064800, 3905064816]
[3905064880, 3905064896]
[3905064960, 3905065024]
[3905065056, 3905065072]
[3905065136, 3905065152]
[3905065216, 3905065280]
[3905065312, 3905065328]
[3905065392, 3905065408]
[3905065472, 3905065536]
[3905065568, 3905065584]
[3905065648, 3905065664]
[3905065728, 3905065792]
[3905065824, 3905065840]
[3905065904, 3905065920]
[3905065984, 3905066048]
[3905066080, 3905066096]
[3905066160, 3905066176]
[3905066240, 3905066304]
[3905066336, 3905066352]
[3905066416, 3905066432]
[3905066496, 3905066560]
[3905066592, 3905066608]
[3905066672, 3905066688]
[3905066752, 3905066816]
[3905066848, 3905066864]
[3905066928, 3905066944]
[3905067008, 3905067072]
[3905067104, 3905067120]
[3905067184, 3905067200]
[3905067264, 3905067328]
[3905067360, 3905067376]
[3905067440, 3905067456]
[3905067520, 3905067584]
[3905067616, 3905067632]
[3905067696, 3905067712]
[3905067776, 3905067840]
[3905067872, 3905067888]
[3905067952, 3905067968]
[3905068032, 3905068096]
[3905068128, 3905068144]
[3905068208, 3905068224]
[3905068288, 3905068352]
[3905068384, 3905068400]
[3905068464, 3905068480]
[3905068544, 3905068608]
[3905068640, 3905068656]
[3905068720, 3905068736]
[3905068800, 3905068864]
[3905068896, 3905068912]
[3905068976, 3905068992]
[3905069056, 3905069120]
[3905069152, 3905069168]
[3905069232, 3905069248]
[3905069312, 3905069376]
[3905069408, 3905069424]
[3905069488, 3905069504]
[3905069568, 3905069632]
[3905069664, 3905069680]
[3905069744, 3905069760]
[3905069824, 3905069888]
[3905069920, 3905069936]
[3905070000, 3905070016]
[3905070080, 3905070144]
[3905070176, 3905070192]
[3905070256, 3905070272]
[3905070336, 3905070400]
[3905070432, 3905070448]
[3905070512, 3905070528]
[3905070592, 3905070656]
[3905070688, 3905070704]
[3905070768, 3905070784]
[3905070848, 3905070912]
[3905070944, 3905070960]
[3905071024, 3905071040]
[3905071104, 3905071168]
[3905071200, 3905071216]
[3905071280, 3905071296]
[3905071360, 3905071424]
[3905071456, 3905071472]
[3905071536, 3905071552]
[3905071616, 3905071680]
[3905071712, 3905071728]
[3905071792, 3905071808]
[3905071872, 3905071936]
[3905071968, 3905071984]
[3905072048, 3905072064]
[3905072128, 3905072192]
[3905072224, 3905072240]
[3905072304, 3905072320]
[3905072384, 3905072448]
[3905072480, 3905072496]
[3905072560, 3905072576]
[3905072640, 3905072704]
[3905072736, 3905072752]
[3905072816, 3905072832]
[3905072896, 3905072960]
[3905072992, 3905073008]
[3905073072, 3905073088]
[3905073152, 3905073216]
[3905073248, 3905073264]
[3905073328, 3905073344]
[3905073408, 3905073472]
[3905073504, 3905073520]
[3905073584, 3905073600]
[3905073664, 3905073728]
[3905073760, 3905073776]
[3905073840, 3905073856]
[3905073920, 3905073984]
[3905074016, 3905074032]
[3905074096, 3905074112]
[3905074176, 3905074240]
[3905074272, 3905074288]
[3905074352, 3905074368]
[3905074432, 3905074496]
[3905074528, 3905074544]
[3905074608, 3905074624]
[3905074688, 3905074752]
[3905074784, 3905074800]
[3905074864, 3905074880]
[3905074944, 3905075008]
[3905075040, 3905075056]
[3905075120, 3905075136]
[3905075200, 3905075264]
[3905075296, 3905075312]
[3905075376, 3905075392]
[3905075456, 3905075520]
[3905075552, 3905075568]
[3905075632, 3905075648]
[3905075712, 3905075776]
[3905075808, 3905075824]
[3905075888, 3905075904]
[3905075968, 3905076032]
[3905076064, 3905076080]
[3905076144, 3905076160]
[3905076224, 3905076288]
[3905076320, 3905076336]
[3905076400, 3905076416]
[3905076480, 3905076544]
[3905076576, 3905076592]
[3905076656, 3905076672]
[3905076736, 3905076800]
[3905076832, 3905076848]
[3905076912, 3905076928]
[3905076992, 3905077056]
[3905077088, 3905077104]
[3905077168, 3905077184]
[3905077248, 3905077312]
[3905077344, 3905077360]
[3905077424, 3905077440]
[3905077504, 3905077568]
[3905077600, 3905077616]
[3905077680, 3905077696]
[3905077760, 3905077824]
[3905077856, 3905077872]
[3905077936, 3905077952]
[3905078016, 3905078080]
[3905078112, 3905078128]
[3905078192, 3905078208]
[3905078272, 3905078336]
[3905078368, 3905078384]
[3905078448, 3905078464]
[3905078528, 3905078592]
[3905078624, 3905078640]
[3905078704, 3905078720]
[3905078784, 3905078848]
[3905078880, 3905078896]
[3905078960, 3905078976]
[3905079040, 3905079104]
[3905079136, 3905079152]
[3905079216, 3905079232]
[3905079296, 3905079360]
[3905079392, 3905079408]
[3905079472, 3905079488]
[3905079552, 3905079616]
[3905079648, 3905079664]
[3905079728, 3905079744]
[3905079808, 3905079872]
[3905079904, 3905079920]
[3905079984, 3905080000]
[3905080064, 3905080128]
[3905080160, 3905080176]
[3905080240, 3905080256]
[3905080320, 3905080384]
[3905080416, 3905080432]
[3905080496, 3905080512]
[3905080576, 3905080640]
[3905080672, 3905080688]
[3905080752, 3905080768]
[3905080832, 3905080896]
[3905080928, 3905080944]
[3905081008, 3905081024]
[3905081088, 3905081152]
[3905081184, 3905081200]
[3905081264, 3905081280]
[3905081344, 3905081408]
[3905081440, 3905081456]
[3905081520, 3905081536]
[3905081600, 3905081664]
[3905081696, 3905081712]
[3905081776, 3905081792]
[3905081856, 3905081920]
[3905081952, 3905081968]
[3905082032, 3905082048]
[3905082112, 3905082176]
[3905082208, 3905082224]
[3905082288, 3905082304]
[3905082368, 3905082432]
[3905082464, 3905082480]
[3905082544, 3905082560]
[3905082624, 3905082688]
[3905082720, 3905082736]
[3905082800, 3905082816]
[3905082880, 3905082944]
[3905082976, 3905082992]
[3905083056, 3905083072]
[3905083136, 3905083200]
[3905083232, 3905083248]
[3905083312, 3905083328]
[3905083392, 3905083456]
[3905083488, 3905083504]
[3905083568, 3905083584]
[3905083648, 3905083712]
[3905083744, 3905083760]
[3905083824, 3905083840]
[3905083904, 3905083968]
[3905084000, 3905084016]
[3905084080, 3905084096]
[3905084160, 3905084224]
[3905084256, 3905084272]
[3905084336, 3905084352]
[3905084416, 3905084480]
[3905084512, 3905084528]
[3905084592, 3905084608]
[3905084672, 3905084736]
[3905084768, 3905084784]
[3905084848, 3905084864]
[3905084928, 3905084992]
[3905085024, 3905085040]
[3905085104, 3905085120]
[3905085184, 3905085248]
[3905085280, 3905085296]
[3905085360, 3905085376]
[3905085440, 3905085504]
[3905085536, 3905085552]
[3905085616, 3905085632]
[3905085696, 3905085760]
[3905085792, 3905085808]
[3905085872, 3905085888]
[3905085952, 3905086016]
[3905086048, 3905086064]
[3905086128, 3905086144]
[3905086208, 3905086272]
[3905086304, 3905086320]
[3905086384, 3905086400]
[3905086464, 3905086528]
[3905086560, 3905086576]
[3905086640, 3905086656]
[3905086720, 3905086784]
[3905086816, 3905086832]
[3905086896, 3905086912]
[3905086976, 3905087040]
[3905087072, 3905087088]
[3905087152, 3905087168]
[3905087232, 3905087296]
[3905087328, 3905087344]
[3905087408, 3905087424]
[3905087488, 3905087552]
[3905087584, 3905087600]
[3905087664, 3905087680]
[3905087744, 3905087808]
[3905087840, 3905087856]
[3905087920, 3905087936]
[3905088000, 3905088064]
[3905088096, 3905088112]
[3905088176, 3905088192]
[3905088256, 3905088320]
[3905088352, 3905088368]
[3905088432, 3905088448]
[3905088512, 3905088576]
[3905088608, 3905088624]
[3905088688, 3905088704]
[3905088768, 3905088832]
[3905088864, 3905088880]
[3905088944, 3905088960]
[3905089024, 3905089088]
[3905089120, 3905089136]
[3905089200, 3905089216]
[3905089280, 3905089344]
[3905089376, 3905089392]
[3905089456, 3905089472]
[3905089536, 3905089600]
[3905089632, 3905089648]
[3905089712, 3905089728]
[3905089792, 3905089856]
[3905089888, 3905089904]
[3905089968, 3905089984]
[3905090048, 3905090112]
[3905090144, 3905090160]
[3905090224, 3905090240]
[3905090304, 3905090368]
[3905090400, 3905090416]
[3905090480, 3905090496]
[3905090560, 3905090624]
[3905090656, 3905090672]
[3905090736, 3905090752]
[3905090816, 3905090880]
[3905090912, 3905090928]
[3905090992, 3905091008]
[3905091072, 3905091136]
[3905091168, 3905091184]
[3905091248, 3905091264]
[3905091328, 3905091392]
[3905091424, 3905091440]
[3905091504, 3905091520]
[3905091584, 3905091648]
[3905091680, 3905091696]
[3905091760, 3905091776]
[3905091840, 3905091904]
[3905091936, 3905091952]
[3905092016, 3905092032]
[3905092096, 3905092160]
[3905092192, 3905092208]
[3905092272, 3905092288]
[3905092352, 3905092416]
[3905092448, 3905092464]
[3905092528, 3905092544]
[3905092608, 3905092672]
[3905092704, 3905092720]
[3905092784, 3905092800]
[3905092864, 3905092928]
[3905092960, 3905092976]
[3905093040, 3905093056]
[3905093120, 3905093184]
[3905093216, 3905093232]
[3905093296, 3905093312]
[3905093376, 3905093440]
[3905093472, 3905093488]
[3905093552, 3905093568]
[3905093632, 3905093696]
[3905093728, 3905093744]
[3905093808, 3905093824]
[3905093888, 3905093952]
[3905093984, 3905094000]
[3905094064, 3905094080]
[3905094144, 3905094208]
[3905094240, 3905094256]
[3905094320, 3905094336]
[3905094400, 3905094464]
[3905094496, 3905094512]
[3905094576, 3905094592]
[3905094656, 3905094720]
[3905094752, 3905094768]
[3905094832, 3905094848]
[3905094912, 3905094976]
[3905095008, 3905095024]
[3905095088, 3905095104]
[3905095168, 3905095232]
[3905095264, 3905095280]
[3905095344, 3905095360]
[3905095424, 3905095488]
[3905095520, 3905095536]
[3905095600, 3905095616]
[3905095680, 3905095744]
[3905095776, 3905095792]
[3905095856, 3905095872]
[3905095936, 3905096000]
[3905096032, 3905096048]
[3905096112, 3905096128]
[3905096192, 3905096256]
[3905096288, 3905096304]
[3905096368, 3905096384]
[3905096448, 3905096512]
[3905096544, 3905096560]
[3905096624, 3905096640]
[3905096704, 3905096768]
[3905096800, 3905096816]
[3905096880, 3905096896]
[3905096960, 3905097024]
[3905097056, 3905097072]
[3905097136, 3905097152]
[3905097216, 3905097280]
[3905097312, 3905097328]
[3905097392, 3905097408]
[3905097472, 3905097536]
[3905097568, 3905097584]
[3905097648, 3905097664]
[3905097728, 3905097792]
[3905097824, 3905097840]
[3905097904, 3905097920]
[3905097984, 3905098048]
[3905098080, 3905098096]
[3905098160, 3905098176]
[3905098240, 3905098304]
[3905098336, 3905098352]
[3905098416, 3905098432]
[3905098496, 3905098560]
[3905098592, 3905098608]
[3905098672, 3905098688]
[3905098752, 3905098816]
[3905098848, 3905098864]
[3905098928, 3905098944]
[3905099008, 3905099072]
[3905099104, 3905099120]
[3905099184, 3905099200]
[3905099264, 3905099328]
[3905099360, 3905099376]
[3905099440, 3905099456]
[3905099520, 3905099584]
[3905099616, 3905099632]
[3905099696, 3905099712]
[3905099776, 3905099840]
[3905099872, 3905099888]
[3905099952, 3905099968]
[3905100032, 3905100096]
[3905100128, 3905100144]
[3905100208, 3905100224]
[3905100288, 3905100352]
[3905100384, 3905100400]
[3905100464, 3905100480]
[3905100544, 3905100608]
[3905100640, 3905100656]
[3905100720, 3905100736]
[3905100800, 3905100864]
[3905100896, 3905100912]
[3905100976, 3905100992]
[3905101056, 3905101120]
[3905101152, 3905101168]
[3905101232, 3905101248]
[3905101312, 3905101376]
[3905101408, 3905101424]
[3905101488, 3905101504]
[3905101568, 3905101632]
[3905101664, 3905101680]
[3905101744, 3905101760]
[3905101824, 3905101888]
[3905101920, 3905101936]
[3905102000, 3905102016]
[3905102080, 3905102144]
[3905102176, 3905102192]
[3905102256, 3905102272]
[3905102336, 3905102400]
[3905102432, 3905102448]
[3905102512, 3905102528]
[3905102592, 3905102656]
[3905102688, 3905102704]
[3905102768, 3905102784]
[3905102848, 3905102912]
[3905102944, 3905102960]
[3905103024, 3905103040]
[3905103104, 3905103168]
[3905103200, 3905103216]
[3905103280, 3905103296]
[3905103360, 3905103424]
[3905103456, 3905103472]
[3905103536, 3905103552]
[3905103616, 3905103680]
[3905103712, 3905103728]
[3905103792, 3905103808]
[3905103872, 3905103936]
[3905103968, 3905103984]
[3905104048, 3905104064]
[3905104128, 3905104192]
[3905104224, 3905104240]
[3905104304, 3905104320]
[3905104384, 3905104448]
[3905104480, 3905104496]
[3905104560, 3905104576]
[3905104640, 3905104704]
[3905104736, 3905104752]
[3905104816, 3905104832]
[3905104896, 3905104960]
[3905104992, 3905105008]
[3905105072, 3905105088]
[3905105152, 3905105216]
[3905105248, 3905105264]
[3905105328, 3905105344]
[3905105408, 3905105472]
[3905105504, 3905105520]
[3905105584, 3905105600]
[3905105664, 3905105728]
[3905105760, 3905105776]
[3905105840, 3905105856]
[3905105920, 3905105984]
[3905106016, 3905106032]
[3905106096, 3905106112]
[3905106176, 3905106240]
[3905106272, 3905106288]
[3905106352, 3905106368]
[3905106432, 3905106496]
[3905106528, 3905106544]
[3905106608, 3905106624]
[3905106688, 3905106752]
[3905106784, 3905106800]
[3905106864, 3905106880]
[3905106944, 3905107008]
[3905107040, 3905107056]
[3905107120, 3905107136]
[3905107200, 3905107264]
[3905107296, 3905107312]
[3905107376, 3905107392]
[3905107456, 3905107520]
[3905107552, 3905107568]
[3905107632, 3905107648]
[3905107712, 3905107776]
[3905107808, 3905107824]
[3905107888, 3905107904]
[3905107968, 3905108032]
[3905108064, 3905108080]
[3905108144, 3905108160]
[3905108224, 3905108288]
[3905108320, 3905108336]
[3905108400, 3905108416]
[3905108480, 3905108544]
[3905108576, 3905108592]
[3905108656, 3905108672]
[3905108736, 3905108800]
[3905108832, 3905108848]
[3905108912, 3905108928]
[3905108992, 3905109056]
[3905109088, 3905109104]
[3905109168, 3905109184]
[3905109248, 3905109312]
[3905109344, 3905109360]
[3905109424, 3905109440]
[3905109504, 3905109568]
[3905109600, 3905109616]
[3905109680, 3905109696]
[3905109760, 3905109824]
[3905109856, 3905109872]
[3905109936, 3905109952]
[3905110016, 3905110080]
[3905110112, 3905110128]
[3905110192, 3905110208]
[3905110272, 3905110336]
[3905110368, 3905110384]
[3905110448, 3905110464]
[3905110528, 3905110592]
[3905110624, 3905110640]
[3905110704, 3905110720]
[3905110784, 3905110848]
[3905110880, 3905110896]
[3905110960, 3905110976]
[3905111040, 3905111104]
[3905111136, 3905111152]
[3905111216, 3905111232]
[3905111296, 3905111360]
[3905111392, 3905111408]
[3905111472, 3905111488]
[3905111552, 3905111616]
[3905111648, 3905111664]
[3905111728, 3905111744]
[3905111808, 3905111872]
[3905111904, 3905111920]
[3905111984, 3905112000]
[3905112064, 3905112128]
[3905112160, 3905112176]
[3905112240, 3905112256]
[3905112320, 3905112384]
[3905112416, 3905112432]
[3905112496, 3905112512]
[3905112576, 3905112640]
[3905112672, 3905112688]
[3905112752, 3905112768]
[3905112832, 3905112896]
[3905112928, 3905112944]
[3905113008, 3905113024]
[3905113088, 3905113152]
[3905113184, 3905113200]
[3905113264, 3905113280]
[3905113344, 3905113408]
[3905113440, 3905113456]
[3905113520, 3905113536]
[3905113600, 3905113664]
[3905113696, 3905113712]
[3905113776, 3905113792]
[3905113856, 3905113920]
[3905113952, 3905113968]
[3905114032, 3905114048]
[3905114112, 3905114176]
[3905114208, 3905114224]
[3905114288, 3905114304]
[3905114368, 3905114432]
[3905114464, 3905114480]
[3905114544, 3905114560]
[3905114624, 3905114688]
[3905114720, 3905114736]
[3905114800, 3905114816]
[3905114880, 3905114944]
[3905114976, 3905114992]
[3905115056, 3905115072]
[3905115136, 3905115200]
[3905115232, 3905115248]
[3905115312, 3905115328]
[3905115392, 3905115456]
[3905115488, 3905115504]
[3905115568, 3905115584]
[3905115648, 3905115712]
[3905115744, 3905115760]
[3905115824, 3905115840]
[3905115904, 3905115968]
[3905116000, 3905116016]
[3905116080, 3905116096]
[3905116160, 3905116224]
[3905116256, 3905116272]
[3905116336, 3905116352]
[3905116416, 3905116480]
[3905116512, 3905116528]
[3905116592, 3905116608]
[3905116672, 3905116736]
[3905116768, 3905116784]
[3905116848, 3905116864]
[3905116928, 3905116992]
[3905117024, 3905117040]
[3905117104, 3905117120]
[3905117184, 3905117248]
[3905117280, 3905117296]
[3905117360, 3905117376]
[3905117440, 3905117504]
[3905117536, 3905117552]
[3905117616, 3905117632]
[3905117696, 3905117760]
[3905117792, 3905117808]
[3905117872, 3905117888]
[3905117952, 3905118016]
[3905118048, 3905118064]
[3905118128, 3905118144]
[3905118208, 3905118272]
[3905118304, 3905118320]
[3905118384, 3905118400]
[3905118464, 3905118528]
[3905118560, 3905118576]
[3905118640, 3905118656]
[3905118720, 3905118784]
[3905118816, 3905118832]
[3905118896, 3905118912]
[3905118976, 3905119040]
[3905119072, 3905119088]
[3905119152, 3905119168]
[3905119232, 3905119296]
[3905119328, 3905119344]
[3905119408, 3905119424]
[3905119488, 3905119552]
[3905119584, 3905119600]
[3905119664, 3905119680]
[3905119744, 3905119808]
[3905119840, 3905119856]
[3905119920, 3905119936]
[3905120000, 3905120064]
[3905120096, 3905120112]
[3905120176, 3905120192]
[3905120256, 3905120320]
[3905120352, 3905120368]
[3905120432, 3905120448]
[3905120512, 3905120576]
[3905120608, 3905120624]
[3905120688, 3905120704]
[3905120768, 3905120832]
[3905120864, 3905120880]
[3905120944, 3905120960]
[3905121024, 3905121088]
[3905121120, 3905121136]
[3905121200, 3905121216]
[3905121280, 3905121344]
[3905121376, 3905121392]
[3905121456, 3905121472]
[3905121536, 3905121600]
[3905121632, 3905121648]
[3905121712, 3905121728]
[3905121792, 3905121856]
[3905121888, 3905121904]
[3905121968, 3905121984]
[3905122048, 3905122112]
[3905122144, 3905122160]
[3905122224, 3905122240]
[3905122304, 3905122368]
[3905122400, 3905122416]
[3905122480, 3905122496]
[3905122560, 3905122624]
[3905122656, 3905122672]
[3905122736, 3905122752]
[3905122816, 3905122880]
[3905122912, 3905122928]
[3905122992, 3905123008]
[3905123072, 3905123136]
[3905123168, 3905123184]
[3905123248, 3905123264]
[3905123328, 3905123392]
[3905123424, 3905123440]
[3905123504, 3905123520]
[3905123584, 3905123648]
[3905123680, 3905123696]
[3905123760, 3905123776]
[3905123840, 3905123904]
[3905123936, 3905123952]
[3905124016, 3905124032]
[3905124096, 3905124160]
[3905124192, 3905124208]
[3905124272, 3905124288]
[3905124352, 3905124416]
[3905124448, 3905124464]
[3905124528, 3905124544]
[3905124608, 3905124672]
[3905124704, 3905124720]
[3905124784, 3905124800]
[3905124864, 3905124928]
[3905124960, 3905124976]
[3905125040, 3905125056]
[3905125120, 3905125184]
[3905125216, 3905125232]
[3905125296, 3905125312]
[3905125376, 3905125440]
[3905125472, 3905125488]
[3905125552, 3905125568]
[3905125632, 3905125696]
[3905125728, 3905125744]
[3905125808, 3905125824]
[3905125888, 3905125952]
[3905125984, 3905126000]
[3905126064, 3905126080]
[3905126144, 3905126208]
[3905126240, 3905126256]
[3905126320, 3905126336]
[3905126400, 3905126464]
[3905126496, 3905126512]
[3905126576, 3905126592]
[3905126656, 3905126720]
[3905126752, 3905126768]
[3905126832, 3905126848]
[3905126912, 3905126976]
[3905127008, 3905127024]
[3905127088, 3905127104]
[3905127168, 3905127232]
[3905127264, 3905127280]
[3905127344, 3905127360]
[3905127424, 3905127488]
[3905127520, 3905127536]
[3905127600, 3905127616]
[3905127680, 3905127744]
[3905127776, 3905127792]
[3905127856, 3905127872]
[3905127936, 3905128000]
[3905128032, 3905128048]
[3905128112, 3905128128]
[3905128192, 3905128256]
[3905128288, 3905128304]
[3905128368, 3905128384]
[3905128448, 3905128512]
[3905128544, 3905128560]
[3905128624, 3905128640]
[3905128704, 3905128768]
[3905128800, 3905128816]
[3905128880, 3905128896]
[3905128960, 3905129024]
[3905129056, 3905129072]
[3905129136, 3905129152]
[3905129216, 3905129280]
[3905129312, 3905129328]
[3905129392, 3905129408]
[3905129472, 3905129536]
[3905129568, 3905129584]
[3905129648, 3905129664]
[3905129728, 3905129792]
[3905129824, 3905129840]
[3905129904, 3905129920]
[3905129984, 3905130048]
[3905130080, 3905130096]
[3905130160, 3905130176]
[3905130240, 3905130304]
[3905130336, 3905130352]
[3905130416, 3905130432]
[3905130496, 3905130560]
[3905130592, 3905130608]
[3905130672, 3905130688]
[3905130752, 3905130816]
[3905130848, 3905130864]
[3905130928, 3905130944]
[3905131008, 3905131072]
[3905131104, 3905131120]
[3905131184, 3905131200]
[3905131264, 3905131328]
[3905131360, 3905131376]
[3905131440, 3905131456]
[3905131520, 3905131584]
[3905131616, 3905131632]
[3905131696, 3905131712]
[3905131776, 3905131840]
[3905131872, 3905131888]
[3905131952, 3905131968]
[3905132032, 3905132096]
[3905132128, 3905132144]
[3905132208, 3905132224]
[3905132288, 3905132352]
[3905132384, 3905132400]
[3905132464, 3905132480]
[3905132544, 3905132608]
[3905132640, 3905132656]
[3905132720, 3905132736]
[3905132800, 3905132864]
[3905132896, 3905132912]
[3905132976, 3905132992]
[3905133056, 3905133120]
[3905133152, 3905133168]
[3905133232, 3905133248]
[3905133312, 3905133376]
[3905133408, 3905133424]
[3905133488, 3905133504]
[3905133568, 3905133632]
[3905133664, 3905133680]
[3905133744, 3905133760]
[3905133824, 3905133888]
[3905133920, 3905133936]
[3905134000, 3905134016]
[3905134080, 3905134144]
[3905134176, 3905134192]
[3905134256, 3905134272]
[3905134336, 3905134400]
[3905134432, 3905134448]
[3905134512, 3905134528]
[3905134592, 3905134656]
[3905134688, 3905134704]
[3905134768, 3905134784]
[3905134848, 3905134912]
[3905134944, 3905134960]
[3905135024, 3905135040]
[3905135104, 3905135168]
[3905135200, 3905135216]
[3905135280, 3905135296]
[3905135360, 3905135424]
[3905135456, 3905135472]
[3905135536, 3905135552]
[3905135616, 3905135680]
[3905135712, 3905135728]
[3905135792, 3905135808]
[3905135872, 3905135936]
[3905135968, 3905135984]
[3905136048, 3905136064]
[3905136128, 3905136192]
[3905136224, 3905136240]
[3905136304, 3905136320]
[3905136384, 3905136448]
[3905136480, 3905136496]
[3905136560, 3905136576]
[3905136640, 3905136704]
[3905136736, 3905136752]
[3905136816, 3905136832]
[3905136896, 3905136960]
[3905136992, 3905137008]
[3905137072, 3905137088]
[3905137152, 3905137216]
[3905137248, 3905137264]
[3905137328, 3905137344]
[3905137408, 3905137472]
[3905137504, 3905137520]
[3905137584, 3905137600]
[3905137664, 3905137728]
[3905137760, 3905137776]
[3905137840, 3905137856]
[3905137920, 3905137984]
[3905138016, 3905138032]
[3905138096, 3905138112]
[3905138176, 3905138240]
[3905138272, 3905138288]
[3905138352, 3905138368]
[3905138432, 3905138496]
[3905138528, 3905138544]
[3905138608, 3905138624]
[3905138688, 3905138752]
[3905138784, 3905138800]
[3905138864, 3905138880]
[3905138944, 3905139008]
[3905139040, 3905139056]
[3905139120, 3905139136]
[3905139200, 3905139264]
[3905139296, 3905139312]
[3905139376, 3905139392]
[3905139456, 3905139520]
[3905139552, 3905139568]
[3905139632, 3905139648]
[3905139712, 3905139776]
[3905139808, 3905139824]
[3905139888, 3905139904]
[3905139968, 3905140032]
[3905140064, 3905140080]
[3905140144, 3905140160]
[3905140224, 3905140288]
[3905140320, 3905140336]
[3905140400, 3905140416]
[3905140480, 3905140544]
[3905140576, 3905140592]
[3905140656, 3905140672]
[3905140736, 3905140800]
[3905140832, 3905140848]
[3905140912, 3905140928]
[3905140992, 3905141056]
[3905141088, 3905141104]
[3905141168, 3905141184]
[3905141248, 3905141312]
[3905141344, 3905141360]
[3905141424, 3905141440]
[3905141504, 3905141568]
[3905141600, 3905141616]
[3905141680, 3905141696]
[3905141760, 3905141824]
[3905141856, 3905141872]
[3905141936, 3905141952]
[3905142016, 3905142080]
[3905142112, 3905142128]
[3905142192, 3905142208]
[3905142272, 3905142336]
[3905142368, 3905142384]
[3905142448, 3905142464]
[3905142528, 3905142592]
[3905142624, 3905142640]
[3905142704, 3905142720]
[3905142784, 3905142848]
[3905142880, 3905142896]
[3905142960, 3905142976]
[3905143040, 3905143104]
[3905143136, 3905143152]
[3905143216, 3905143232]
[3905143296, 3905143360]
[3905143392, 3905143408]
[3905143472, 3905143488]
[3905143552, 3905143616]
[3905143648, 3905143664]
[3905143728, 3905143744]
[3905143808, 3905143872]
[3905143904, 3905143920]
[3905143984, 3905144000]
[3905144064, 3905144128]
[3905144160, 3905144176]
[3905144240, 3905144256]
[3905144320, 3905144384]
[3905144416, 3905144432]
[3905144496, 3905144512]
[3905144576, 3905144640]
[3905144672, 3905144688]
[3905144752, 3905144768]
[3905144832, 3905144896]
[3905144928, 3905144944]
[3905145008, 3905145024]
[3905145088, 3905145152]
[3905145184, 3905145200]
[3905145264, 3905145280]
[3905145344, 3905145408]
[3905145440, 3905145456]
[3905145520, 3905145536]
[3905145600, 3905145664]
[3905145696, 3905145712]
[3905145776, 3905145792]
[3905145856, 3905145920]
[3905145952, 3905145968]
[3905146032, 3905146048]
[3905146112, 3905146176]
[3905146208, 3905146224]
[3905146288, 3905146304]
[3905146368, 3905146432]
[3905146464, 3905146480]
[3905146544, 3905146560]
[3905146624, 3905146688]
[3905146720, 3905146736]
[3905146800, 3905146816]
[3905146880, 3905146944]
[3905146976, 3905146992]
[3905147056, 3905147072]
[3905147136, 3905147200]
[3905147232, 3905147248]
[3905147312, 3905147328]
[3905147392, 3905147456]
[3905147488, 3905147504]
[3905147568, 3905147584]
[3905147648, 3905147712]
[3905147744, 3905147760]
[3905147824, 3905147840]
[3905147904, 3905147968]
[3905148000, 3905148016]
[3905148080, 3905148096]
[3905148160, 3905148224]
[3905148256, 3905148272]
[3905148336, 3905148352]
[3905148416, 3905148480]
[3905148512, 3905148528]
[3905148592, 3905148608]
[3905148672, 3905148736]
[3905148768, 3905148784]
[3905148848, 3905148864]
[3905148928, 3905148992]
[3905149024, 3905149040]
[3905149104, 3905149120]
[3905149184, 3905149248]
[3905149280, 3905149296]
[3905149360, 3905149376]
[3905149440, 3905149504]
[3905149536, 3905149552]
[3905149616, 3905149632]
[3905149696, 3905149760]
[3905149792, 3905149808]
[3905149872, 3905149888]
[3905149952, 3905150016]
[3905150048, 3905150064]
[3905150128, 3905150144]
[3905150208, 3905150272]
[3905150304, 3905150320]
[3905150384, 3905150400]
[3905150464, 3905150528]
[3905150560, 3905150576]
[3905150640, 3905150656]
[3905150720, 3905150784]
[3905150816, 3905150832]
[3905150896, 3905150912]
[3905150976, 3905151040]
[3905151072, 3905151088]
[3905151152, 3905151168]
[3905151232, 3905151296]
[3905151328, 3905151344]
[3905151408, 3905151424]
[3905151488, 3905151552]
[3905151584, 3905151600]
[3905151664, 3905151680]
[3905151744, 3905151808]
[3905151840, 3905151856]
[3905151920, 3905151936]
[3905152000, 3905152064]
[3905152096, 3905152112]
[3905152176, 3905152192]
[3905152256, 3905152320]
[3905152352, 3905152368]
[3905152432, 3905152448]
[3905152512, 3905152576]
[3905152608, 3905152624]
[3905152688, 3905152704]
[3905152768, 3905152832]
[3905152864, 3905152880]
[3905152944, 3905152960]
[3905153024, 3905153088]
[3905153120, 3905153136]
[3905153200, 3905153216]
[3905153280, 3905153344]
[3905153376, 3905153392]
[3905153456, 3905153472]
[3905153536, 3905153600]
[3905153632, 3905153648]
[3905153712, 3905153728]
[3905153792, 3905153856]
[3905153888, 3905153904]
[3905153968, 3905153984]
[3905154048, 3905154112]
[3905154144, 3905154160]
[3905154224, 3905154240]
[3905154304, 3905154368]
[3905154400, 3905154416]
[3905154480, 3905154496]
[3905154560, 3905154624]
[3905154656, 3905154672]
[3905154736, 3905154752]
[3905154816, 3905154880]
[3905154912, 3905154928]
[3905154992, 3905155008]
[3905155072, 3905155136]
[3905155168, 3905155184]
[3905155248, 3905155264]
[3905155328, 3905155392]
[3905155424, 3905155440]
[3905155504, 3905155520]
[3905155584, 3905155648]
[3905155680, 3905155696]
[3905155760, 3905155776]
[3905155840, 3905155904]
[3905155936, 3905155952]
[3905156016, 3905156032]
[3905156096, 3905156160]
[3905156192, 3905156208]
[3905156272, 3905156288]
[3905156352, 3905156416]
[3905156448, 3905156464]
[3905156528, 3905156544]
[3905156608, 3905156672]
[3905156704, 3905156720]
[3905156784, 3905156800]
[3905156864, 3905156928]
[3905156960, 3905156976]
[3905157040, 3905157056]
[3905157120, 3905157184]
[3905157216, 3905157232]
[3905157296, 3905157312]
[3905157376, 3905157440]
[3905157472, 3905157488]
[3905157552, 3905157568]
[3905157632, 3905157696]
[3905157728, 3905157744]
[3905157808, 3905157824]
[3905157888, 3905157952]
[3905157984, 3905158000]
[3905158064, 3905158080]
[3905158144, 3905158208]
[3905158240, 3905158256]
[3905158320, 3905158336]
[3905158400, 3905158464]
[3905158496, 3905158512]
[3905158576, 3905158592]
[3905158656, 3905158720]
[3905158752, 3905158768]
[3905158832, 3905158848]
[3905158912, 3905158976]
[3905159008, 3905159024]
[3905159088, 3905159104]
[3905159168, 3905159232]
[3905159264, 3905159280]
[3905159344, 3905159360]
[3905159424, 3905159488]
[3905159520, 3905159536]
[3905159600, 3905159616]
[3905159680, 3905159744]
[3905159776, 3905159792]
[3905159856, 3905159872]
[3905159936, 3905160000]
[3905160032, 3905160048]
[3905160112, 3905160128]
[3905160192, 3905160256]
[3905160288, 3905160304]
[3905160368, 3905160384]
[3905160448, 3905160512]
[3905160544, 3905160560]
[3905160624, 3905160640]
[3905160704, 3905160768]
[3905160800, 3905160816]
[3905160880, 3905160896]
[3905160960, 3905161024]
[3905161056, 3905161072]
[3905161136, 3905161152]
[3905161216, 3905161280]
[3905161312, 3905161328]
[3905161392, 3905161408]
[3905161472, 3905161536]
[3905161568, 3905161584]
[3905161648, 3905161664]
[3905161728, 3905161792]
[3905161824, 3905161840]
[3905161904, 3905161920]
[3905161984, 3905162048]
[3905162080, 3905162096]
[3905162160, 3905162176]
[3905162240, 3905162304]
[3905162336, 3905162352]
[3905162416, 3905162432]
[3905162496, 3905162560]
[3905162592, 3905162608]
[3905162672, 3905162688]
[3905162752, 3905162816]
[3905162848, 3905162864]
[3905162928, 3905162944]
[3905163008, 3905163072]
[3905163104, 3905163120]
[3905163184, 3905163200]
[3905163264, 3905163328]
[3905163360, 3905163376]
[3905163440, 3905163456]
[3905163520, 3905163584]
[3905163616, 3905163632]
[3905163696, 3905163712]
[3905163776, 3905163840]
[3905163872, 3905163888]
[3905163952, 3905163968]
[3905164032, 3905164096]
[3905164128, 3905164144]
[3905164208, 3905164224]
[3905164288, 3905164352]
[3905164384, 3905164400]
[3905164464, 3905164480]
[3905164544, 3905164608]
[3905164640, 3905164656]
[3905164720, 3905164736]
[3905164800, 3905164864]
[3905164896, 3905164912]
[3905164976, 3905164992]
[3905165056, 3905165120]
[3905165152, 3905165168]
[3905165232, 3905165248]
[3905165312, 3905165376]
[3905165408, 3905165424]
[3905165488, 3905165504]
[3905165568, 3905165632]
[3905165664, 3905165680]
[3905165744, 3905165760]
[3905165824, 3905165888]
[3905165920, 3905165936]
[3905166000, 3905166016]
[3905166080, 3905166144]
[3905166176, 3905166192]
[3905166256, 3905166272]
[3905166336, 3905166400]
[3905166432, 3905166448]
[3905166512, 3905166528]
[3905166592, 3905166656]
[3905166688, 3905166704]
[3905166768, 3905166784]
[3905166848, 3905166912]
[3905166944, 3905166960]
[3905167024, 3905167040]
[3905167104, 3905167168]
[3905167200, 3905167216]
[3905167280, 3905167296]
[3905167360, 3905167424]
[3905167456, 3905167472]
[3905167536, 3905167552]
[3905167616, 3905167680]
[3905167712, 3905167728]
[3905167792, 3905167808]
[3905167872, 3905167936]
[3905167968, 3905167984]
[3905168048, 3905168064]
[3905168128, 3905168192]
[3905168224, 3905168240]
[3905168304, 3905168320]
[3905168384, 3905168448]
[3905168480, 3905168496]
[3905168560, 3905168576]
[3905168640, 3905168704]
[3905168736, 3905168752]
[3905168816, 3905168832]
[3905168896, 3905168960]
[3905168992, 3905169008]
[3905169072, 3905169088]
[3905169152, 3905169216]
[3905169248, 3905169264]
[3905169328, 3905169344]
[3905169408, 3905169472]
[3905169504, 3905169520]
[3905169584, 3905169600]
[3905169664, 3905169728]
[3905169760, 3905169776]
[3905169840, 3905169856]
[3905169920, 3905169984]
[3905170016, 3905170032]
[3905170096, 3905170112]
[3905170176, 3905170240]
[3905170272, 3905170288]
[3905170352, 3905170368]
[3905170432, 3905170496]
[3905170528, 3905170544]
[3905170608, 3905170624]
[3905170688, 3905170752]
[3905170784, 3905170800]
[3905170864, 3905170880]
[3905170944, 3905171008]
[3905171040, 3905171056]
[3905171120, 3905171136]
[3905171200, 3905171264]
[3905171296, 3905171312]
[3905171376, 3905171392]
[3905171456, 3905171520]
[3905171552, 3905171568]
[3905171632, 3905171648]
[3905171712, 3905171776]
[3905171808, 3905171824]
[3905171888, 3905171904]
[3905171968, 3905172032]
[3905172064, 3905172080]
[3905172144, 3905172160]
[3905172224, 3905172288]
[3905172320, 3905172336]
[3905172400, 3905172416]
[3905172480, 3905172544]
[3905172576, 3905172592]
[3905172656, 3905172672]
[3905172736, 3905172800]
[3905172832, 3905172848]
[3905172912, 3905172928]
[3905172992, 3905173056]
[3905173088, 3905173104]
[3905173168, 3905173184]
[3905173248, 3905173312]
[3905173344, 3905173360]
[3905173424, 3905173440]
[3905173504, 3905173568]
[3905173600, 3905173616]
[3905173680, 3905173696]
[3905173760, 3905173824]
[3905173856, 3905173872]
[3905173936, 3905173952]
[3905174016, 3905174080]
[3905174112, 3905174128]
[3905174192, 3905174208]
[3905174272, 3905174336]
[3905174368, 3905174384]
[3905174448, 3905174464]
[3905174528, 3905174592]
[3905174624, 3905174640]
[3905174704, 3905174720]
[3905174784, 3905174848]
[3905174880, 3905174896]
[3905174960, 3905174976]
[3905175040, 3905175104]
[3905175136, 3905175152]
[3905175216, 3905175232]
[3905175296, 3905175360]
[3905175392, 3905175408]
[3905175472, 3905175488]
[3905175552, 3905175616]
[3905175648, 3905175664]
[3905175728, 3905175744]
[3905175808, 3905175872]
[3905175904, 3905175920]
[3905175984, 3905176000]
[3905176064, 3905176128]
[3905176160, 3905176176]
[3905176240, 3905176256]
[3905176320, 3905176384]
[3905176416, 3905176432]
[3905176496, 3905176512]
[3905176576, 3905176640]
[3905176672, 3905176688]
[3905176752, 3905176768]
[3905176832, 3905176896]
[3905176928, 3905176944]
[3905177008, 3905177024]
[3905177088, 3905177152]
[3905177184, 3905177200]
[3905177264, 3905177280]
[3905177344, 3905177408]
[3905177440, 3905177456]
[3905177520, 3905177536]
[3905177600, 3905177664]
[3905177696, 3905177712]
[3905177776, 3905177792]
[3905177856, 3905177920]
[3905177952, 3905177968]
[3905178032, 3905178048]
[3905178112, 3905178176]
[3905178208, 3905178224]
[3905178288, 3905178304]
[3905178368, 3905178432]
[3905178464, 3905178480]
[3905178544, 3905178560]
[3905178624, 3905178688]
[3905178720, 3905178736]
[3905178800, 3905178816]
[3905178880, 3905178944]
[3905178976, 3905178992]
[3905179056, 3905179072]
[3905179136, 3905179200]
[3905179232, 3905179248]
[3905179312, 3905179328]
[3905179392, 3905179456]
[3905179488, 3905179504]
[3905179568, 3905179584]
[3905179648, 3905179712]
[3905179744, 3905179760]
[3905179824, 3905179840]
[3905179904, 3905179968]
[3905180000, 3905180016]
[3905180080, 3905180096]
[3905180160, 3905180224]
[3905180256, 3905180272]
[3905180336, 3905180352]
[3905180416, 3905180480]
[3905180512, 3905180528]
[3905180592, 3905180608]
[3905180672, 3905180736]
[3905180768, 3905180784]
[3905180848, 3905180864]
[3905180928, 3905180992]
[3905181024, 3905181040]
[3905181104, 3905181120]
[3905181184, 3905181248]
[3905181280, 3905181296]
[3905181360, 3905181376]
[3905181440, 3905181504]
[3905181536, 3905181552]
[3905181616, 3905181632]
[3905181696, 3905181760]
[3905181792, 3905181808]
[3905181872, 3905181888]
[3905181952, 3905182016]
[3905182048, 3905182064]
[3905182128, 3905182144]
[3905182208, 3905182272]
[3905182304, 3905182320]
[3905182384, 3905182400]
[3905182464, 3905182528]
[3905182560, 3905182576]
[3905182640, 3905182656]
[3905182720, 3905182784]
[3905182816, 3905182832]
[3905182896, 3905182912]
[3905182976, 3905183040]
[3905183072, 3905183088]
[3905183152, 3905183168]
[3905183232, 3905183296]
[3905183328, 3905183344]
[3905183408, 3905183424]
[3905183488, 3905183552]
[3905183584, 3905183600]
[3905183664, 3905183680]
[3905183744, 3905183808]
[3905183840, 3905183856]
[3905183920, 3905183936]
[3905184000, 3905184064]
[3905184096, 3905184112]
[3905184176, 3905184192]
[3905184256, 3905184320]
[3905184352, 3905184368]
[3905184432, 3905184448]
[3905184512, 3905184576]
[3905184608, 3905184624]
[3905184688, 3905184704]
[3905184768, 3905184832]
[3905184864, 3905184880]
[3905184944, 3905184960]
[3905185024, 3905185088]
[3905185120, 3905185136]
[3905185200, 3905185216]
[3905185280, 3905185344]
[3905185376, 3905185392]
[3905185456, 3905185472]
[3905185536, 3905185600]
[3905185632, 3905185648]
[3905185712, 3905185728]
[3905185792, 3905185856]
[3905185888, 3905185904]
[3905185968, 3905185984]
[3905186048, 3905186112]
[3905186144, 3905186160]
[3905186224, 3905186240]
[3905186304, 3905186368]
[3905186400, 3905186416]
[3905186480, 3905186496]
[3905186560, 3905186624]
[3905186656, 3905186672]
[3905186736, 3905186752]
[3905186816, 3905186880]
[3905186912, 3905186928]
[3905186992, 3905187008]
[3905187072, 3905187136]
[3905187168, 3905187184]
[3905187248, 3905187264]
[3905187328, 3905187392]
[3905187424, 3905187440]
[3905187504, 3905187520]
[3905187584, 3905187648]
[3905187680, 3905187696]
[3905187760, 3905187776]
[3905187840, 3905187904]
[3905187936, 3905187952]
[3905188016, 3905188032]
[3905188096, 3905188160]
[3905188192, 3905188208]
[3905188272, 3905188288]
[3905188352, 3905188416]
[3905188448, 3905188464]
[3905188528, 3905188544]
[3905188608, 3905188672]
[3905188704, 3905188720]
[3905188784, 3905188800]
[3905188864, 3905188928]
[3905188960, 3905188976]
[3905189040, 3905189056]
[3905189120, 3905189184]
[3905189216, 3905189232]
[3905189296, 3905189312]
[3905189376, 3905189440]
[3905189472, 3905189488]
[3905189552, 3905189568]
[3905189632, 3905189696]
[3905189728, 3905189744]
[3905189808, 3905189824]
[3905189888, 3905189952]
[3905189984, 3905190000]
[3905190064, 3905190080]
[3905190144, 3905190208]
[3905190240, 3905190256]
[3905190320, 3905190336]
[3905190400, 3905190464]
[3905190496, 3905190512]
[3905190576, 3905190592]
[3905190656, 3905190720]
[3905190752, 3905190768]
[3905190832, 3905190848]
[3905190912, 3905190976]
[3905191008, 3905191024]
[3905191088, 3905191104]
[3905191168, 3905191232]
[3905191264, 3905191280]
[3905191344, 3905191360]
[3905191424, 3905191488]
[3905191520, 3905191536]
[3905191600, 3905191616]
[3905191680, 3905191744]
[3905191776, 3905191792]
[3905191856, 3905191872]
[3905191936, 3905192000]
[3905192032, 3905192048]
[3905192112, 3905192128]
[3905192192, 3905192256]
[3905192288, 3905192304]
[3905192368, 3905192384]
[3905192448, 3905192512]
[3905192544, 3905192560]
[3905192624, 3905192640]
[3905192704, 3905192768]
[3905192800, 3905192816]
[3905192880, 3905192896]
[3905192960, 3905193024]
[3905193056, 3905193072]
[3905193136, 3905193152]
[3905193216, 3905193280]
[3905193312, 3905193328]
[3905193392, 3905193408]
[3905193472, 3905193536]
[3905193568, 3905193584]
[3905193648, 3905193664]
[3905193728, 3905193792]
[3905193824, 3905193840]
[3905193904, 3905193920]
[3905193984, 3905194048]
[3905194080, 3905194096]
[3905194160, 3905194176]
[3905194240, 3905194304]
[3905194336, 3905194352]
[3905194416, 3905194432]
[3905194496, 3905194560]
[3905194592, 3905194608]
[3905194672, 3905194688]
[3905194752, 3905194816]
[3905194848, 3905194864]
[3905194928, 3905194944]
[3905195008, 3905195072]
[3905195104, 3905195120]
[3905195184, 3905195200]
[3905195264, 3905195328]
[3905195360, 3905195376]
[3905195440, 3905195456]
[3905195520, 3905195584]
[3905195616, 3905195632]
[3905195696, 3905195712]
[3905195776, 3905195840]
[3905195872, 3905195888]
[3905195952, 3905195968]
[3905196032, 3905196096]
[3905196128, 3905196144]
[3905196208, 3905196224]
[3905196288, 3905196352]
[3905196384, 3905196400]
[3905196464, 3905196480]
[3905196544, 3905196608]
[3905196640, 3905196656]
[3905196720, 3905196736]
[3905196800, 3905196864]
[3905196896, 3905196912]
[3905196976, 3905196992]
[3905197056, 3905197120]
[3905197152, 3905197168]
[3905197232, 3905197248]
[3905197312, 3905197376]
[3905197408, 3905197424]
[3905197488, 3905197504]
[3905197568, 3905197632]
[3905197664, 3905197680]
[3905197744, 3905197760]
[3905197824, 3905197888]
[3905197920, 3905197936]
[3905198000, 3905198016]
[3905198080, 3905198144]
[3905198176, 3905198192]
[3905198256, 3905198272]
[3905198336, 3905198400]
[3905198432, 3905198448]
[3905198512, 3905198528]
[3905198592, 3905198656]
[3905198688, 3905198704]
[3905198768, 3905198784]
[3905198848, 3905198912]
[3905198944, 3905198960]
[3905199024, 3905199040]
[3905199104, 3905199168]
[3905199200, 3905199216]
[3905199280, 3905199296]
[3905199360, 3905199424]
[3905199456, 3905199472]
[3905199536, 3905199552]
[3905199616, 3905199680]
[3905199712, 3905199728]
[3905199792, 3905199808]
[3905199872, 3905199936]
[3905199968, 3905199984]
[3905200048, 3905200064]
[3905200128, 3905200192]
[3905200224, 3905200240]
[3905200304, 3905200320]
[3905200384, 3905200448]
[3905200480, 3905200496]
[3905200560, 3905200576]
[3905200640, 3905200704]
[3905200736, 3905200752]
[3905200816, 3905200832]
[3905200896, 3905200960]
[3905200992, 3905201008]
[3905201072, 3905201088]
[3905201152, 3905201216]
[3905201248, 3905201264]
[3905201328, 3905201344]
[3905201408, 3905201472]
[3905201504, 3905201520]
[3905201584, 3905201600]
[3905201664, 3905201728]
[3905201760, 3905201776]
[3905201840, 3905201856]
[3905201920, 3905201984]
[3905202016, 3905202032]
[3905202096, 3905202112]
[3905202176, 3905202240]
[3905202272, 3905202288]
[3905202352, 3905202368]
[3905202432, 3905202496]
[3905202528, 3905202544]
[3905202608, 3905202624]
[3905202688, 3905202752]
[3905202784, 3905202800]
[3905202864, 3905202880]
[3905202944, 3905203008]
[3905203040, 3905203056]
[3905203120, 3905203136]
[3905203200, 3905203264]
[3905203296, 3905203312]
[3905203376, 3905203392]
[3905203456, 3905203520]
[3905203552, 3905203568]
[3905203632, 3905203648]
[3905203712, 3905203776]
[3905203808, 3905203824]
[3905203888, 3905203904]
[3905203968, 3905204032]
[3905204064, 3905204080]
[3905204144, 3905204160]
[3905204224, 3905204288]
[3905204320, 3905204336]
[3905204400, 3905204416]
[3905204480, 3905204544]
[3905204576, 3905204592]
[3905204656, 3905204672]
[3905204736, 3905204800]
[3905204832, 3905204848]
[3905204912, 3905204928]
[3905204992, 3905205056]
[3905205088, 3905205104]
[3905205168, 3905205184]
[3905205248, 3905205312]
[3905205344, 3905205360]
[3905205424, 3905205440]
[3905205504, 3905205568]
[3905205600, 3905205616]
[3905205680, 3905205696]
[3905205760, 3905205824]
[3905205856, 3905205872]
[3905205936, 3905205952]
[3905206016, 3905206080]
[3905206112, 3905206128]
[3905206192, 3905206208]
[3905206272, 3905206336]
[3905206368, 3905206384]
[3905206448, 3905206464]
[3905206528, 3905206592]
[3905206624, 3905206640]
[3905206704, 3905206720]
[3905206784, 3905206848]
[3905206880, 3905206896]
[3905206960, 3905206976]
[3905207040, 3905207104]
[3905207136, 3905207152]
[3905207216, 3905207232]
[3905207296, 3905207360]
[3905207392, 3905207408]
[3905207472, 3905207488]
[3905207552, 3905207616]
[3905207648, 3905207664]
[3905207728, 3905207744]
[3905207808, 3905207872]
[3905207904, 3905207920]
[3905207984, 3905208000]
[3905208064, 3905208128]
[3905208160, 3905208176]
[3905208240, 3905208256]
[3905208320, 3905208384]
[3905208416, 3905208432]
[3905208496, 3905208512]
[3905208576, 3905208640]
[3905208672, 3905208688]
[3905208752, 3905208768]
[3905208832, 3905208896]
[3905208928, 3905208944]
[3905209008, 3905209024]
[3905209088, 3905209152]
[3905209184, 3905209200]
[3905209264, 3905209280]
[3905209344, 3905209408]
[3905209440, 3905209456]
[3905209520, 3905209536]
[3905209600, 3905209664]
[3905209696, 3905209712]
[3905209776, 3905209792]
[3905209856, 3905209920]
[3905209952, 3905209968]
[3905210032, 3905210048]
[3905210112, 3905210176]
[3905210208, 3905210224]
[3905210288, 3905210304]
[3905210368, 3905210432]
[3905210464, 3905210480]
[3905210544, 3905210560]
[3905210624, 3905210688]
[3905210720, 3905210736]
[3905210800, 3905210816]
[3905210880, 3905210944]
[3905210976, 3905210992]
[3905211056, 3905211072]
[3905211136, 3905211200]
[3905211232, 3905211248]
[3905211312, 3905211328]
[3905211392, 3905211456]
[3905211488, 3905211504]
[3905211568, 3905211584]
[3905211648, 3905211712]
[3905211744, 3905211760]
[3905211824, 3905211840]
[3905211904, 3905211968]
[3905212000, 3905212016]
[3905212080, 3905212096]
[3905212160, 3905212224]
[3905212256, 3905212272]
[3905212336, 3905212352]
[3905212416, 3905212480]
[3905212512, 3905212528]
[3905212592, 3905212608]
[3905212672, 3905212736]
[3905212768, 3905212784]
[3905212848, 3905212864]
[3905212928, 3905212992]
[3905213024, 3905213040]
[3905213104, 3905213120]
[3905213184, 3905213248]
[3905213280, 3905213296]
[3905213360, 3905213376]
[3905213440, 3905213504]
[3905213536, 3905213552]
[3905213616, 3905213632]
[3905213696, 3905213760]
[3905213792, 3905213808]
[3905213872, 3905213888]
[3905213952, 3905214016]
[3905214048, 3905214064]
[3905214128, 3905214144]
[3905214208, 3905214272]
[3905214304, 3905214320]
[3905214384, 3905214400]
[3905214464, 3905214528]
[3905214560, 3905214576]
[3905214640, 3905214656]
[3905214720, 3905214784]
[3905214816, 3905214832]
[3905214896, 3905214912]
[3905214976, 3905215040]
[3905215072, 3905215088]
[3905215152, 3905215168]
[3905215232, 3905215296]
[3905215328, 3905215344]
[3905215408, 3905215424]
[3905215488, 3905215552]
[3905215584, 3905215600]
[3905215664, 3905215680]
[3905215744, 3905215808]
[3905215840, 3905215856]
[3905215920, 3905215936]
[3905216000, 3905216064]
[3905216096, 3905216112]
[3905216176, 3905216192]
[3905216256, 3905216320]
[3905216352, 3905216368]
[3905216432, 3905216448]
[3905216512, 3905216576]
[3905216608, 3905216624]
[3905216688, 3905216704]
[3905216768, 3905216832]
[3905216864, 3905216880]
[3905216944, 3905216960]
[3905217024, 3905217088]
[3905217120, 3905217136]
[3905217200, 3905217216]
[3905217280, 3905217344]
[3905217376, 3905217392]
[3905217456, 3905217472]
[3905217536, 3905217600]
[3905217632, 3905217648]
[3905217712, 3905217728]
[3905217792, 3905217856]
[3905217888, 3905217904]
[3905217968, 3905217984]
[3905218048, 3905218112]
[3905218144, 3905218160]
[3905218224, 3905218240]
[3905218304, 3905218368]
[3905218400, 3905218416]
[3905218480, 3905218496]
[3905218560, 3905218624]
[3905218656, 3905218672]
[3905218736, 3905218752]
[3905218816, 3905218880]
[3905218912, 3905218928]
[3905218992, 3905219008]
[3905219072, 3905219136]
[3905219168, 3905219184]
[3905219248, 3905219264]
[3905219328, 3905219392]
[3905219424, 3905219440]
[3905219504, 3905219520]
[3905219584, 3905219648]
[3905219680, 3905219696]
[3905219760, 3905219776]
[3905219840, 3905219904]
[3905219936, 3905219952]
[3905220016, 3905220032]
[3905220096, 3905220160]
[3905220192, 3905220208]
[3905220272, 3905220288]
[3905220352, 3905220416]
[3905220448, 3905220464]
[3905220528, 3905220544]
[3905220608, 3905220672]
[3905220704, 3905220720]
[3905220784, 3905220800]
[3905220864, 3905220928]
[3905220960, 3905220976]
[3905221040, 3905221056]
[3905221120, 3905221184]
[3905221216, 3905221232]
[3905221296, 3905221312]
[3905221376, 3905221440]
[3905221472, 3905221488]
[3905221552, 3905221568]
[3905221632, 3905221696]
[3905221728, 3905221744]
[3905221808, 3905221824]
[3905221888, 3905221952]
[3905221984, 3905222000]
[3905222064, 3905222080]
[3905222144, 3905222208]
[3905222240, 3905222256]
[3905222320, 3905222336]
[3905222400, 3905222464]
[3905222496, 3905222512]
[3905222576, 3905222592]
[3905222656, 3905222720]
[3905222752, 3905222768]
[3905222832, 3905222848]
[3905222912, 3905222976]
[3905223008, 3905223024]
[3905223088, 3905223104]
[3905223168, 3905223232]
[3905223264, 3905223280]
[3905223344, 3905223360]
[3905223424, 3905223488]
[3905223520, 3905223536]
[3905223600, 3905223616]
[3905223680, 3905223744]
[3905223776, 3905223792]
[3905223856, 3905223872]
[3905223936, 3905224000]
[3905224032, 3905224048]
[3905224112, 3905224128]
[3905224192, 3905224256]
[3905224288, 3905224304]
[3905224368, 3905224384]
[3905224448, 3905224512]
[3905224544, 3905224560]
[3905224624, 3905224640]
[3905224704, 3905224768]
[3905224800, 3905224816]
[3905224880, 3905224896]
[3905224960, 3905225024]
[3905225056, 3905225072]
[3905225136, 3905225152]
[3905225216, 3905225280]
[3905225312, 3905225328]
[3905225392, 3905225408]
[3905225472, 3905225536]
[3905225568, 3905225584]
[3905225648, 3905225664]
[3905225728, 3905225792]
[3905225824, 3905225840]
[3905225904, 3905225920]
[3905225984, 3905226048]
[3905226080, 3905226096]
[3905226160, 3905226176]
[3905226240, 3905226304]
[3905226336, 3905226352]
[3905226416, 3905226432]
[3905226496, 3905226560]
[3905226592, 3905226608]
[3905226672, 3905226688]
[3905226752, 3905226816]
[3905226848, 3905226864]
[3905226928, 3905226944]
[3905227008, 3905227072]
[3905227104, 3905227120]
[3905227184, 3905227200]
[3905227264, 3905227328]
[3905227360, 3905227376]
[3905227440, 3905227456]
[3905227520, 3905227584]
[3905227616, 3905227632]
[3905227696, 3905227712]
[3905227776, 3905227840]
[3905227872, 3905227888]
[3905227952, 3905227968]
[3905228032, 3905228096]
[3905228128, 3905228144]
[3905228208, 3905228224]
[3905228288, 3905228352]
[3905228384, 3905228400]
[3905228464, 3905228480]
[3905228544, 3905228608]
[3905228640, 3905228656]
[3905228720, 3905228736]
[3905228800, 3905228864]
[3905228896, 3905228912]
[3905228976, 3905228992]
[3905229056, 3905229120]
[3905229152, 3905229168]
[3905229232, 3905229248]
[3905229312, 3905229376]
[3905229408, 3905229424]
[3905229488, 3905229504]
[3905229568, 3905229632]
[3905229664, 3905229680]
[3905229744, 3905229760]
[3905229824, 3905229888]
[3905229920, 3905229936]
[3905230000, 3905230016]
[3905230080, 3905230144]
[3905230176, 3905230192]
[3905230256, 3905230272]
[3905230336, 3905230400]
[3905230432, 3905230448]
[3905230512, 3905230528]
[3905230592, 3905230656]
[3905230688, 3905230704]
[3905230768, 3905230784]
[3905230848, 3905230912]
[3905230944, 3905230960]
[3905231024, 3905231040]
[3905231104, 3905231168]
[3905231200, 3905231216]
[3905231280, 3905231296]
[3905231360, 3905231424]
[3905231456, 3905231472]
[3905231536, 3905231552]
[3905231616, 3905231680]
[3905231712, 3905231728]
[3905231792, 3905231808]
[3905231872, 3905231936]
[3905231968, 3905231984]
[3905232048, 3905232064]
[3905232128, 3905232192]
[3905232224, 3905232240]
[3905232304, 3905232320]
[3905232384, 3905232448]
[3905232480, 3905232496]
[3905232560, 3905232576]
[3905232640, 3905232704]
[3905232736, 3905232752]
[3905232816, 3905232832]
[3905232896, 3905232960]
[3905232992, 3905233008]
[3905233072, 3905233088]
[3905233152, 3905233216]
[3905233248, 3905233264]
[3905233328, 3905233344]
[3905233408, 3905233472]
[3905233504, 3905233520]
[3905233584, 3905233600]
[3905233664, 3905233728]
[3905233760, 3905233776]
[3905233840, 3905233856]
[3905233920, 3905233984]
[3905234016, 3905234032]
[3905234096, 3905234112]
[3905234176, 3905234240]
[3905234272, 3905234288]
[3905234352, 3905234368]
[3905234432, 3905234496]
[3905234528, 3905234544]
[3905234608, 3905234624]
[3905234688, 3905234752]
[3905234784, 3905234800]
[3905234864, 3905234880]
[3905234944, 3905235008]
[3905235040, 3905235056]
[3905235120, 3905235136]
[3905235200, 3905235264]
[3905235296, 3905235312]
[3905235376, 3905235392]
[3905235456, 3905235520]
[3905235552, 3905235568]
[3905235632, 3905235648]
[3905235712, 3905235776]
[3905235808, 3905235824]
[3905235888, 3905235904]
[3905235968, 3905236032]
[3905236064, 3905236080]
[3905236144, 3905236160]
[3905236224, 3905236288]
[3905236320, 3905236336]
[3905236400, 3905236416]
[3905236480, 3905236544]
[3905236576, 3905236592]
[3905236656, 3905236672]
[3905236736, 3905236800]
[3905236832, 3905236848]
[3905236912, 3905236928]
[3905236992, 3905237056]
[3905237088, 3905237104]
[3905237168, 3905237184]
[3905237248, 3905237312]
[3905237344, 3905237360]
[3905237424, 3905237440]
[3905237504, 3905237568]
[3905237600, 3905237616]
[3905237680, 3905237696]
[3905237760, 3905237824]
[3905237856, 3905237872]
[3905237936, 3905237952]
[3905238016, 3905238080]
[3905238112, 3905238128]
[3905238192, 3905238208]
[3905238272, 3905238336]
[3905238368, 3905238384]
[3905238448, 3905238464]
[3905238528, 3905238592]
[3905238624, 3905238640]
[3905238704, 3905238720]
[3905238784, 3905238848]
[3905238880, 3905238896]
[3905238960, 3905238976]
[3905239040, 3905239104]
[3905239136, 3905239152]
[3905239216, 3905239232]
[3905239296, 3905239360]
[3905239392, 3905239408]
[3905239472, 3905239488]
[3905239552, 3905239616]
[3905239648, 3905239664]
[3905239728, 3905239744]
[3905239808, 3905239872]
[3905239904, 3905239920]
[3905239984, 3905240000]
[3905240064, 3905240128]
[3905240160, 3905240176]
[3905240240, 3905240256]
[3905240320, 3905240384]
[3905240416, 3905240432]
[3905240496, 3905240512]
[3905240576, 3905240640]
[3905240672, 3905240688]
[3905240752, 3905240768]
[3905240832, 3905240896]
[3905240928, 3905240944]
[3905241008, 3905241024]
[3905241088, 3905241152]
[3905241184, 3905241200]
[3905241264, 3905241280]
[3905241344, 3905241408]
[3905241440, 3905241456]
[3905241520, 3905241536]
[3905241600, 3905241664]
[3905241696, 3905241712]
[3905241776, 3905241792]
[3905241856, 3905241920]
[3905241952, 3905241968]
[3905242032, 3905242048]
[3905242112, 3905242176]
[3905242208, 3905242224]
[3905242288, 3905242304]
[3905242368, 3905242432]
[3905242464, 3905242480]
[3905242544, 3905242560]
[3905242624, 3905242688]
[3905242720, 3905242736]
[3905242800, 3905242816]
[3905242880, 3905242944]
[3905242976, 3905242992]
[3905243056, 3905243072]
[3905243136, 3905243200]
[3905243232, 3905243248]
[3905243312, 3905243328]
[3905243392, 3905243456]
[3905243488, 3905243504]
[3905243568, 3905243584]
[3905243648, 3905243712]
[3905243744, 3905243760]
[3905243824, 3905243840]
[3905243904, 3905243968]
[3905244000, 3905244016]
[3905244080, 3905244096]
[3905244160, 3905244224]
[3905244256, 3905244272]
[3905244336, 3905244352]
[3905244416, 3905244480]
[3905244512, 3905244528]
[3905244592, 3905244608]
[3905244672, 3905244736]
[3905244768, 3905244784]
[3905244848, 3905244864]
[3905244928, 3905244992]
[3905245024, 3905245040]
[3905245104, 3905245120]
[3905245184, 3905245248]
[3905245280, 3905245296]
[3905245360, 3905245376]
[3905245440, 3905245504]
[3905245536, 3905245552]
[3905245616, 3905245632]
[3905245696, 3905245760]
[3905245792, 3905245808]
[3905245872, 3905245888]
[3905245952, 3905246016]
[3905246048, 3905246064]
[3905246128, 3905246144]
[3905246208, 3905246272]
[3905246304, 3905246320]
[3905246384, 3905246400]
[3905246464, 3905246528]
[3905246560, 3905246576]
[3905246640, 3905246656]
[3905246720, 3905246784]
[3905246816, 3905246832]
[3905246896, 3905246912]
[3905246976, 3905247040]
[3905247072, 3905247088]
[3905247152, 3905247168]
[3905247232, 3905247296]
[3905247328, 3905247344]
[3905247408, 3905247424]
[3905247488, 3905247552]
[3905247584, 3905247600]
[3905247664, 3905247680]
[3905247744, 3905247808]
[3905247840, 3905247856]
[3905247920, 3905247936]
[3905248000, 3905248064]
[3905248096, 3905248112]
[3905248176, 3905248192]
[3905248256, 3905248320]
[3905248352, 3905248368]
[3905248432, 3905248448]
[3905248512, 3905248576]
[3905248608, 3905248624]
[3905248688, 3905248704]
[3905248768, 3905248832]
[3905248864, 3905248880]
[3905248944, 3905248960]
[3905249024, 3905249088]
[3905249120, 3905249136]
[3905249200, 3905249216]
[3905249280, 3905249344]
[3905249376, 3905249392]
[3905249456, 3905249472]
[3905249536, 3905249600]
[3905249632, 3905249648]
[3905249712, 3905249728]
[3905249792, 3905249856]
[3905249888, 3905249904]
[3905249968, 3905249984]
[3905250048, 3905250112]
[3905250144, 3905250160]
[3905250224, 3905250240]
[3905250304, 3905250368]
[3905250400, 3905250416]
[3905250480, 3905250496]
[3905250560, 3905250624]
[3905250656, 3905250672]
[3905250736, 3905250752]
[3905250816, 3905250880]
[3905250912, 3905250928]
[3905250992, 3905251008]
[3905251072, 3905251136]
[3905251168, 3905251184]
[3905251248, 3905251264]
[3905251328, 3905251392]
[3905251424, 3905251440]
[3905251504, 3905251520]
[3905251584, 3905251648]
[3905251680, 3905251696]
[3905251760, 3905251776]
[3905251840, 3905251904]
[3905251936, 3905251952]
[3905252016, 3905252032]
[3905252096, 3905252160]
[3905252192, 3905252208]
[3905252272, 3905252288]
[3905252352, 3905252416]
[3905252448, 3905252464]
[3905252528, 3905252544]
[3905252608, 3905252672]
[3905252704, 3905252720]
[3905252784, 3905252800]
[3905252864, 3905252928]
[3905252960, 3905252976]
[3905253040, 3905253056]
[3905253120, 3905253184]
[3905253216, 3905253232]
[3905253296, 3905253312]
[3905253376, 3905253440]
[3905253472, 3905253488]
[3905253552, 3905253568]
[3905253632, 3905253696]
[3905253728, 3905253744]
[3905253808, 3905253824]
[3905253888, 3905253952]
[3905253984, 3905254000]
[3905254064, 3905254080]
[3905254144, 3905254208]
[3905254240, 3905254256]
[3905254320, 3905254336]
[3905254400, 3905254464]
[3905254496, 3905254512]
[3905254576, 3905254592]
[3905254656, 3905254720]
[3905254752, 3905254768]
[3905254832, 3905254848]
[3905254912, 3905254976]
[3905255008, 3905255024]
[3905255088, 3905255104]
[3905255168, 3905255232]
[3905255264, 3905255280]
[3905255344, 3905255360]
[3905255424, 3905255488]
[3905255520, 3905255536]
[3905255600, 3905255616]
[3905255680, 3905255744]
[3905255776, 3905255792]
[3905255856, 3905255872]
[3905255936, 3905256000]
[3905256032, 3905256048]
[3905256112, 3905256128]
[3905256192, 3905256256]
[3905256288, 3905256304]
[3905256368, 3905256384]
[3905256448, 3905256512]
[3905256544, 3905256560]
[3905256624, 3905256640]
[3905256704, 3905256768]
[3905256800, 3905256816]
[3905256880, 3905256896]
[3905256960, 3905257024]
[3905257056, 3905257072]
[3905257136, 3905257152]
[3905257216, 3905257280]
[3905257312, 3905257328]
[3905257392, 3905257408]
[3905257472, 3905257536]
[3905257568, 3905257584]
[3905257648, 3905257664]
[3905257728, 3905257792]
[3905257824, 3905257840]
[3905257904, 3905257920]
[3905257984, 3905258048]
[3905258080, 3905258096]
[3905258160, 3905258176]
[3905258240, 3905258304]
[3905258336, 3905258352]
[3905258416, 3905258432]
[3905258496, 3905258560]
[3905258592, 3905258608]
[3905258672, 3905258688]
[3905258752, 3905258816]
[3905258848, 3905258864]
[3905258928, 3905258944]
[3905259008, 3905259072]
[3905259104, 3905259120]
[3905259184, 3905259200]
[3905259264, 3905259328]
[3905259360, 3905259376]
[3905259440, 3905259456]
[3905259520, 3905259584]
[3905259616, 3905259632]
[3905259696, 3905259712]
[3905259776, 3905259840]
[3905259872, 3905259888]
[3905259952, 3905259968]
[3905260032, 3905260096]
[3905260128, 3905260144]
[3905260208, 3905260224]
[3905260288, 3905260352]
[3905260384, 3905260400]
[3905260464, 3905260480]
[3905260544, 3905260608]
[3905260640, 3905260656]
[3905260720, 3905260736]
[3905260800, 3905260864]
[3905260896, 3905260912]
[3905260976, 3905260992]
[3905261056, 3905261120]
[3905261152, 3905261168]
[3905261232, 3905261248]
[3905261312, 3905261376]
[3905261408, 3905261424]
[3905261488, 3905261504]
[3905261568, 3905261632]
[3905261664, 3905261680]
[3905261744, 3905261760]
[3905261824, 3905261888]
[3905261920, 3905261936]
[3905262000, 3905262016]
[3905262080, 3905262144]
[3905262176, 3905262192]
[3905262256, 3905262272]
[3905262336, 3905262400]
[3905262432, 3905262448]
[3905262512, 3905262528]
[3905262592, 3905262656]
[3905262688, 3905262704]
[3905262768, 3905262784]
[3905262848, 3905262912]
[3905262944, 3905262960]
[3905263024, 3905263040]
[3905263104, 3905263168]
[3905263200, 3905263216]
[3905263280, 3905263296]
[3905263360, 3905263424]
[3905263456, 3905263472]
[3905263536, 3905263552]
[3905263616, 3905263680]
[3905263712, 3905263728]
[3905263792, 3905263808]
[3905263872, 3905263936]
[3905263968, 3905263984]
[3905264048, 3905264064]
[3905264128, 3905264192]
[3905264224, 3905264240]
[3905264304, 3905264320]
[3905264384, 3905264448]
[3905264480, 3905264496]
[3905264560, 3905264576]
[3905264640, 3905264704]
[3905264736, 3905264752]
[3905264816, 3905264832]
[3905264896, 3905264960]
[3905264992, 3905265008]
[3905265072, 3905265088]
[3905265152, 3905265216]
[3905265248, 3905265264]
[3905265328, 3905265344]
[3905265408, 3905265472]
[3905265504, 3905265520]
[3905265584, 3905265600]
[3905265664, 3905265728]
[3905265760, 3905265776]
[3905265840, 3905265856]
[3905265920, 3905265984]
[3905266016, 3905266032]
[3905266096, 3905266112]
[3905266176, 3905266240]
[3905266272, 3905266288]
[3905266352, 3905266368]
[3905266432, 3905266496]
[3905266528, 3905266544]
[3905266608, 3905266624]
[3905266688, 3905266752]
[3905266784, 3905266800]
[3905266864, 3905266880]
[3905266944, 3905267008]
[3905267040, 3905267056]
[3905267120, 3905267136]
[3905267200, 3905267264]
[3905267296, 3905267312]
[3905267376, 3905267392]
[3905267456, 3905267520]
[3905267552, 3905267568]
[3905267632, 3905267648]
[3905267712, 3905267776]
[3905267808, 3905267824]
[3905267888, 3905267904]
[3905267968, 3905268032]
[3905268064, 3905268080]
[3905268144, 3905268160]
[3905268224, 3905268288]
[3905268320, 3905268336]
[3905268400, 3905268416]
[3905268480, 3905268544]
[3905268576, 3905268592]
[3905268656, 3905268672]
[3905268736, 3905268800]
[3905268832, 3905268848]
[3905268912, 3905268928]
[3905268992, 3905269056]
[3905269088, 3905269104]
[3905269168, 3905269184]
[3905269248, 3905269312]
[3905269344, 3905269360]
[3905269424, 3905269440]
[3905269504, 3905269568]
[3905269600, 3905269616]
[3905269680, 3905269696]
[3905269760, 3905269824]
[3905269856, 3905269872]
[3905269936, 3905269952]
[3905270016, 3905270080]
[3905270112, 3905270128]
[3905270192, 3905270208]
[3905270272, 3905270336]
[3905270368, 3905270384]
[3905270448, 3905270464]
[3905270528, 3905270592]
[3905270624, 3905270640]
[3905270704, 3905270720]
[3905270784, 3905270848]
[3905270880, 3905270896]
[3905270960, 3905270976]
[3905271040, 3905271104]
[3905271136, 3905271152]
[3905271216, 3905271232]
[3905271296, 3905271360]
[3905271392, 3905271408]
[3905271472, 3905271488]
[3905271552, 3905271616]
[3905271648, 3905271664]
[3905271728, 3905271744]
[3905271808, 3905271872]
[3905271904, 3905271920]
[3905271984, 3905272000]
[3905272064, 3905272128]
[3905272160, 3905272176]
[3905272240, 3905272256]
[3905272320, 3905272384]
[3905272416, 3905272432]
[3905272496, 3905272512]
[3905272576, 3905272640]
[3905272672, 3905272688]
[3905272752, 3905272768]
[3905272832, 3905272896]
[3905272928, 3905272944]
[3905273008, 3905273024]
[3905273088, 3905273152]
[3905273184, 3905273200]
[3905273264, 3905273280]
[3905273344, 3905273408]
[3905273440, 3905273456]
[3905273520, 3905273536]
[3905273600, 3905273664]
[3905273696, 3905273712]
[3905273776, 3905273792]
[3905273856, 3905273920]
[3905273952, 3905273968]
[3905274032, 3905274048]
[3905274112, 3905274176]
[3905274208, 3905274224]
[3905274288, 3905274304]
[3905274368, 3905274432]
[3905274464, 3905274480]
[3905274544, 3905274560]
[3905274624, 3905274688]
[3905274720, 3905274736]
[3905274800, 3905274816]
[3905274880, 3905274944]
[3905274976, 3905274992]
[3905275056, 3905275072]
[3905275136, 3905275200]
[3905275232, 3905275248]
[3905275312, 3905275328]
[3905275392, 3905275456]
[3905275488, 3905275504]
[3905275568, 3905275584]
[3905275648, 3905275712]
[3905275744, 3905275760]
[3905275824, 3905275840]
[3905275904, 3905275968]
[3905276000, 3905276016]
[3905276080, 3905276096]
[3905276160, 3905276224]
[3905276256, 3905276272]
[3905276336, 3905276352]
[3905276416, 3905276480]
[3905276512, 3905276528]
[3905276592, 3905276608]
[3905276672, 3905276736]
[3905276768, 3905276784]
[3905276848, 3905276864]
[3905276928, 3905276992]
[3905277024, 3905277040]
[3905277104, 3905277120]
[3905277184, 3905277248]
[3905277280, 3905277296]
[3905277360, 3905277376]
[3905277440, 3905277504]
[3905277536, 3905277552]
[3905277616, 3905277632]
[3905277696, 3905277760]
[3905277792, 3905277808]
[3905277872, 3905277888]
[3905277952, 3905278016]
[3905278048, 3905278064]
[3905278128, 3905278144]
[3905278208, 3905278272]
[3905278304, 3905278320]
[3905278384, 3905278400]
[3905278464, 3905278528]
[3905278560, 3905278576]
[3905278640, 3905278656]
[3905278720, 3905278784]
[3905278816, 3905278832]
[3905278896, 3905278912]
[3905278976, 3905279040]
[3905279072, 3905279088]
[3905279152, 3905279168]
[3905279232, 3905279296]
[3905279328, 3905279344]
[3905279408, 3905279424]
[3905279488, 3905279552]
[3905279584, 3905279600]
[3905279664, 3905279680]
[3905279744, 3905279808]
[3905279840, 3905279856]
[3905279920, 3905279936]
[3905280000, 3905280064]
[3905280096, 3905280112]
[3905280176, 3905280192]
[3905280256, 3905280320]
[3905280352, 3905280368]
[3905280432, 3905280448]
[3905280512, 3905280576]
[3905280608, 3905280624]
[3905280688, 3905280704]
[3905280768, 3905280832]
[3905280864, 3905280880]
[3905280944, 3905280960]
[3905281024, 3905281088]
[3905281120, 3905281136]
[3905281200, 3905281216]
[3905281280, 3905281344]
[3905281376, 3905281392]
[3905281456, 3905281472]
[3905281536, 3905281600]
[3905281632, 3905281648]
[3905281712, 3905281728]
[3905281792, 3905281856]
[3905281888, 3905281904]
[3905281968, 3905281984]
[3905282048, 3905282112]
[3905282144, 3905282160]
[3905282224, 3905282240]
[3905282304, 3905282368]
[3905282400, 3905282416]
[3905282480, 3905282496]
[3905282560, 3905282624]
[3905282656, 3905282672]
[3905282736, 3905282752]
[3905282816, 3905282880]
[3905282912, 3905282928]
[3905282992, 3905283008]
[3905283072, 3905283136]
[3905283168, 3905283184]
[3905283248, 3905283264]
[3905283328, 3905283392]
[3905283424, 3905283440]
[3905283504, 3905283520]
[3905283584, 3905283648]
[3905283680, 3905283696]
[3905283760, 3905283776]
[3905283840, 3905283904]
[3905283936, 3905283952]
[3905284016, 3905284032]
[3905284096, 3905284160]
[3905284192, 3905284208]
[3905284272, 3905284288]
[3905284352, 3905284416]
[3905284448, 3905284464]
[3905284528, 3905284544]
[3905284608, 3905284672]
[3905284704, 3905284720]
[3905284784, 3905284800]
[3905284864, 3905284928]
[3905284960, 3905284976]
[3905285040, 3905285056]
[3905285120, 3905285184]
[3905285216, 3905285232]
[3905285296, 3905285312]
[3905285376, 3905285440]
[3905285472, 3905285488]
[3905285552, 3905285568]
[3905285632, 3905285696]
[3905285728, 3905285744]
[3905285808, 3905285824]
[3905285888, 3905285952]
[3905285984, 3905286000]
[3905286064, 3905286080]
[3905286144, 3905286208]
[3905286240, 3905286256]
[3905286320, 3905286336]
[3905286400, 3905286464]
[3905286496, 3905286512]
[3905286576, 3905286592]
[3905286656, 3905286720]
[3905286752, 3905286768]
[3905286832, 3905286848]
[3905286912, 3905286976]
[3905287008, 3905287024]
[3905287088, 3905287104]
[3905287168, 3905287232]
[3905287264, 3905287280]
[3905287344, 3905287360]
[3905287424, 3905287488]
[3905287520, 3905287536]
[3905287600, 3905287616]
[3905287680, 3905287744]
[3905287776, 3905287792]
[3905287856, 3905287872]
[3905287936, 3905288000]
[3905288032, 3905288048]
[3905288112, 3905288128]
[3905288192, 3905288256]
[3905288288, 3905288304]
[3905288368, 3905288384]
[3905288448, 3905288512]
[3905288544, 3905288560]
[3905288624, 3905288640]
[3905288704, 3905288768]
[3905288800, 3905288816]
[3905288880, 3905288896]
[3905288960, 3905289024]
[3905289056, 3905289072]
[3905289136, 3905289152]
[3905289216, 3905289280]
[3905289312, 3905289328]
[3905289392, 3905289408]
[3905289472, 3905289536]
[3905289568, 3905289584]
[3905289648, 3905289664]
[3905289728, 3905289792]
[3905289824, 3905289840]
[3905289904, 3905289920]
[3905289984, 3905290048]
[3905290080, 3905290096]
[3905290160, 3905290176]
[3905290240, 3905290304]
[3905290336, 3905290352]
[3905290416, 3905290432]
[3905290496, 3905290560]
[3905290592, 3905290608]
[3905290672, 3905290688]
[3905290752, 3905290816]
[3905290848, 3905290864]
[3905290928, 3905290944]
[3905291008, 3905291072]
[3905291104, 3905291120]
[3905291184, 3905291200]
[3905291264, 3905291328]
[3905291360, 3905291376]
[3905291440, 3905291456]
[3905291520, 3905291584]
[3905291616, 3905291632]
[3905291696, 3905291712]
[3905291776, 3905291840]
[3905291872, 3905291888]
[3905291952, 3905291968]
[3905292032, 3905292096]
[3905292128, 3905292144]
[3905292208, 3905292224]
[3905292288, 3905292352]
[3905292384, 3905292400]
[3905292464, 3905292480]
[3905292544, 3905292608]
[3905292640, 3905292656]
[3905292720, 3905292736]
[3905292800, 3905292864]
[3905292896, 3905292912]
[3905292976, 3905292992]
[3905293056, 3905293120]
[3905293152, 3905293168]
[3905293232, 3905293248]
[3905293312, 3905293376]
[3905293408, 3905293424]
[3905293488, 3905293504]
[3905293568, 3905293632]
[3905293664, 3905293680]
[3905293744, 3905293760]
[3905293824, 3905293888]
[3905293920, 3905293936]
[3905294000, 3905294016]
[3905294080, 3905294144]
[3905294176, 3905294192]
[3905294256, 3905294272]
[3905294336, 3905294400]
[3905294432, 3905294448]
[3905294512, 3905294528]
[3905294592, 3905294656]
[3905294688, 3905294704]
[3905294768, 3905294784]
[3905294848, 3905294912]
[3905294944, 3905294960]
[3905295024, 3905295040]
[3905295104, 3905295168]
[3905295200, 3905295216]
[3905295280, 3905295296]
[3905295360, 3905295424]
[3905295456, 3905295472]
[3905295536, 3905295552]
[3905295616, 3905295680]
[3905295712, 3905295728]
[3905295792, 3905295808]
[3905295872, 3905295936]
[3905295968, 3905295984]
[3905296048, 3905296064]
[3905296128, 3905296192]
[3905296224, 3905296240]
[3905296304, 3905296320]
[3905296384, 3905296448]
[3905296480, 3905296496]
[3905296560, 3905296576]
[3905296640, 3905296704]
[3905296736, 3905296752]
[3905296816, 3905296832]
[3905296896, 3905296960]
[3905296992, 3905297008]
[3905297072, 3905297088]
[3905297152, 3905297216]
[3905297248, 3905297264]
[3905297328, 3905297344]
[3905297408, 3905297472]
[3905297504, 3905297520]
[3905297584, 3905297600]
[3905297664, 3905297728]
[3905297760, 3905297776]
[3905297840, 3905297856]
[3905297920, 3905297984]
[3905298016, 3905298032]
[3905298096, 3905298112]
[3905298176, 3905298240]
[3905298272, 3905298288]
[3905298352, 3905298368]
[3905298432, 3905298496]
[3905298528, 3905298544]
[3905298608, 3905298624]
[3905298688, 3905298752]
[3905298784, 3905298800]
[3905298864, 3905298880]
[3905298944, 3905299008]
[3905299040, 3905299056]
[3905299120, 3905299136]
[3905299200, 3905299264]
[3905299296, 3905299312]
[3905299376, 3905299392]
[3905299456, 3905299520]
[3905299552, 3905299568]
[3905299632, 3905299648]
[3905299712, 3905299776]
[3905299808, 3905299824]
[3905299888, 3905299904]
[3905299968, 3905300032]
[3905300064, 3905300080]
[3905300144, 3905300160]
[3905300224, 3905300288]
[3905300320, 3905300336]
[3905300400, 3905300416]
[3905300480, 3905300544]
[3905300576, 3905300592]
[3905300656, 3905300672]
[3905300736, 3905300800]
[3905300832, 3905300848]
[3905300912, 3905300928]
[3905300992, 3905301056]
[3905301088, 3905301104]
[3905301168, 3905301184]
[3905301248, 3905301312]
[3905301344, 3905301360]
[3905301424, 3905301440]
[3905301504, 3905301568]
[3905301600, 3905301616]
[3905301680, 3905301696]
[3905301760, 3905301824]
[3905301856, 3905301872]
[3905301936, 3905301952]
[3905302016, 3905302080]
[3905302112, 3905302128]
[3905302192, 3905302208]
[3905302272, 3905302336]
[3905302368, 3905302384]
[3905302448, 3905302464]
[3905302528, 3905302592]
[3905302624, 3905302640]
[3905302704, 3905302720]
[3905302784, 3905302848]
[3905302880, 3905302896]
[3905302960, 3905302976]
[3905303040, 3905303104]
[3905303136, 3905303152]
[3905303216, 3905303232]
[3905303296, 3905303360]
[3905303392, 3905303408]
[3905303472, 3905303488]
[3905303552, 3905303616]
[3905303648, 3905303664]
[3905303728, 3905303744]
[3905303808, 3905303872]
[3905303904, 3905303920]
[3905303984, 3905304000]
[3905304064, 3905304128]
[3905304160, 3905304176]
[3905304240, 3905304256]
[3905304320, 3905304384]
[3905304416, 3905304432]
[3905304496, 3905304512]
[3905304576, 3905304640]
[3905304672, 3905304688]
[3905304752, 3905304768]
[3905304832, 3905304896]
[3905304928, 3905304944]
[3905305008, 3905305024]
[3905305088, 3905305152]
[3905305184, 3905305200]
[3905305264, 3905305280]
[3905305344, 3905305408]
[3905305440, 3905305456]
[3905305520, 3905305536]
[3905305600, 3905305664]
[3905305696, 3905305712]
[3905305776, 3905305792]
[3905305856, 3905305920]
[3905305952, 3905305968]
[3905306032, 3905306048]
[3905306112, 3905306176]
[3905306208, 3905306224]
[3905306288, 3905306304]
[3905306368, 3905306432]
[3905306464, 3905306480]
[3905306544, 3905306560]
[3905306624, 3905306688]
[3905306720, 3905306736]
[3905306800, 3905306816]
[3905306880, 3905306944]
[3905306976, 3905306992]
[3905307056, 3905307072]
[3905307136, 3905307200]
[3905307232, 3905307248]
[3905307312, 3905307328]
[3905307392, 3905307456]
[3905307488, 3905307504]
[3905307568, 3905307584]
[3905307648, 3905307712]
[3905307744, 3905307760]
[3905307824, 3905307840]
[3905307904, 3905307968]
[3905308000, 3905308016]
[3905308080, 3905308096]
[3905308160, 3905308224]
[3905308256, 3905308272]
[3905308336, 3905308352]
[3905308416, 3905308480]
[3905308512, 3905308528]
[3905308592, 3905308608]
[3905308672, 3905308736]
[3905308768, 3905308784]
[3905308848, 3905308864]
[3905308928, 3905308992]
[3905309024, 3905309040]
[3905309104, 3905309120]
[3905309184, 3905309248]
[3905309280, 3905309296]
[3905309360, 3905309376]
[3905309440, 3905309504]
[3905309536, 3905309552]
[3905309616, 3905309632]
[3905309696, 3905309760]
[3905309792, 3905309808]
[3905309872, 3905309888]
[3905309952, 3905310016]
[3905310048, 3905310064]
[3905310128, 3905310144]
[3905310208, 3905310272]
[3905310304, 3905310320]
[3905310384, 3905310400]
[3905310464, 3905310528]
[3905310560, 3905310576]
[3905310640, 3905310656]
[3905310720, 3905310784]
[3905310816, 3905310832]
[3905310896, 3905310912]
[3905310976, 3905311040]
[3905311072, 3905311088]
[3905311152, 3905311168]
[3905311232, 3905311296]
[3905311328, 3905311344]
[3905311408, 3905311424]
[3905311488, 3905311552]
[3905311584, 3905311600]
[3905311664, 3905311680]
[3905311744, 3905311808]
[3905311840, 3905311856]
[3905311920, 3905311936]
[3905312000, 3905312064]
[3905312096, 3905312112]
[3905312176, 3905312192]
[3905312256, 3905312320]
[3905312352, 3905312368]
[3905312432, 3905312448]
[3905312512, 3905312576]
[3905312608, 3905312624]
[3905312688, 3905312704]
[3905312768, 3905312832]
[3905312864, 3905312880]
[3905312944, 3905312960]
[3905313024, 3905313088]
[3905313120, 3905313136]
[3905313200, 3905313216]
[3905313280, 3905313344]
[3905313376, 3905313392]
[3905313456, 3905313472]
[3905313536, 3905313600]
[3905313632, 3905313648]
[3905313712, 3905313728]
[3905313792, 3905313856]
[3905313888, 3905313904]
[3905313968, 3905313984]
[3905314048, 3905314112]
[3905314144, 3905314160]
[3905314224, 3905314240]
[3905314304, 3905314368]
[3905314400, 3905314416]
[3905314480, 3905314496]
[3905314560, 3905314624]
[3905314656, 3905314672]
[3905314736, 3905314752]
[3905314816, 3905314880]
[3905314912, 3905314928]
[3905314992, 3905315008]
[3905315072, 3905315136]
[3905315168, 3905315184]
[3905315248, 3905315264]
[3905315328, 3905315392]
[3905315424, 3905315440]
[3905315504, 3905315520]
[3905315584, 3905315648]
[3905315680, 3905315696]
[3905315760, 3905315776]
[3905315840, 3905315904]
[3905315936, 3905315952]
[3905316016, 3905316032]
[3905316096, 3905316160]
[3905316192, 3905316208]
[3905316272, 3905316288]
[3905316352, 3905316416]
[3905316448, 3905316464]
[3905316528, 3905316544]
[3905316608, 3905316672]
[3905316704, 3905316720]
[3905316784, 3905316800]
[3905316864, 3905316928]
[3905316960, 3905316976]
[3905317040, 3905317056]
[3905317120, 3905317184]
[3905317216, 3905317232]
[3905317296, 3905317312]
[3905317376, 3905317440]
[3905317472, 3905317488]
[3905317552, 3905317568]
[3905317632, 3905317696]
[3905317728, 3905317744]
[3905317808, 3905317824]
[3905317888, 3905317952]
[3905317984, 3905318000]
[3905318064, 3905318080]
[3905318144, 3905318208]
[3905318240, 3905318256]
[3905318320, 3905318336]
[3905318400, 3905318464]
[3905318496, 3905318512]
[3905318576, 3905318592]
[3905318656, 3905318720]
[3905318752, 3905318768]
[3905318832, 3905318848]
[3905318912, 3905318976]
[3905319008, 3905319024]
[3905319088, 3905319104]
[3905319168, 3905319232]
[3905319264, 3905319280]
[3905319344, 3905319360]
[3905319424, 3905319488]
[3905319520, 3905319536]
[3905319600, 3905319616]
[3905319680, 3905319744]
[3905319776, 3905319792]
[3905319856, 3905319872]
[3905319936, 3905320000]
[3905320032, 3905320048]
[3905320112, 3905320128]
[3905320192, 3905320256]
[3905320288, 3905320304]
[3905320368, 3905320384]
[3905320448, 3905320512]
[3905320544, 3905320560]
[3905320624, 3905320640]
[3905320704, 3905320768]
[3905320800, 3905320816]
[3905320880, 3905320896]
[3905320960, 3905321024]
[3905321056, 3905321072]
[3905321136, 3905321152]
[3905321216, 3905321280]
[3905321312, 3905321328]
[3905321392, 3905321408]
[3905321472, 3905321536]
[3905321568, 3905321584]
[3905321648, 3905321664]
[3905321728, 3905321792]
[3905321824, 3905321840]
[3905321904, 3905321920]
[3905321984, 3905322048]
[3905322080, 3905322096]
[3905322160, 3905322176]
[3905322240, 3905322304]
[3905322336, 3905322352]
[3905322416, 3905322432]
[3905322496, 3905322560]
[3905322592, 3905322608]
[3905322672, 3905322688]
[3905322752, 3905322816]
[3905322848, 3905322864]
[3905322928, 3905322944]
[3905323008, 3905323072]
[3905323104, 3905323120]
[3905323184, 3905323200]
[3905323264, 3905323328]
[3905323360, 3905323376]
[3905323440, 3905323456]
[3905323520, 3905323584]
[3905323616, 3905323632]
[3905323696, 3905323712]
[3905323776, 3905323840]
[3905323872, 3905323888]
[3905323952, 3905323968]
[3905324032, 3905324096]
[3905324128, 3905324144]
[3905324208, 3905324224]
[3905324288, 3905324352]
[3905324384, 3905324400]
[3905324464, 3905324480]
[3905324544, 3905324608]
[3905324640, 3905324656]
[3905324720, 3905324736]
[3905324800, 3905324864]
[3905324896, 3905324912]
[3905324976, 3905324992]
[3905325056, 3905325120]
[3905325152, 3905325168]
[3905325232, 3905325248]
[3905325312, 3905325376]
[3905325408, 3905325424]
[3905325488, 3905325504]
[3905325568, 3905325632]
[3905325664, 3905325680]
[3905325744, 3905325760]
[3905325824, 3905325888]
[3905325920, 3905325936]
[3905326000, 3905326016]
[3905326080, 3905326144]
[3905326176, 3905326192]
[3905326256, 3905326272]
[3905326336, 3905326400]
[3905326432, 3905326448]
[3905326512, 3905326528]
[3905326592, 3905326656]
[3905326688, 3905326704]
[3905326768, 3905326784]
[3905326848, 3905326912]
[3905326944, 3905326960]
[3905327024, 3905327040]
[3905327104, 3905327168]
[3905327200, 3905327216]
[3905327280, 3905327296]
[3905327360, 3905327424]
[3905327456, 3905327472]
[3905327536, 3905327552]
[3905327616, 3905327680]
[3905327712, 3905327728]
[3905327792, 3905327808]
[3905327872, 3905327936]
[3905327968, 3905327984]
[3905328048, 3905328064]
[3905328128, 3905328192]
[3905328224, 3905328240]
[3905328304, 3905328320]
[3905328384, 3905328448]
[3905328480, 3905328496]
[3905328560, 3905328576]
[3905328640, 3905328704]
[3905328736, 3905328752]
[3905328816, 3905328832]
[3905328896, 3905328960]
[3905328992, 3905329008]
[3905329072, 3905329088]
[3905329152, 3905329216]
[3905329248, 3905329264]
[3905329328, 3905329344]
[3905329408, 3905329472]
[3905329504, 3905329520]
[3905329584, 3905329600]
[3905329664, 3905329728]
[3905329760, 3905329776]
[3905329840, 3905329856]
[3905329920, 3905329984]
[3905330016, 3905330032]
[3905330096, 3905330112]
[3905330176, 3905330240]
[3905330272, 3905330288]
[3905330352, 3905330368]
[3905330432, 3905330496]
[3905330528, 3905330544]
[3905330608, 3905330624]
[3905330688, 3905330752]
[3905330784, 3905330800]
[3905330864, 3905330880]
[3905330944, 3905331008]
[3905331040, 3905331056]
[3905331120, 3905331136]
[3905331200, 3905331264]
[3905331296, 3905331312]
[3905331376, 3905331392]
[3905331456, 3905331520]
[3905331552, 3905331568]
[3905331632, 3905331648]
[3905331712, 3905331776]
[3905331808, 3905331824]
[3905331888, 3905331904]
[3905331968, 3905332032]
[3905332064, 3905332080]
[3905332144, 3905332160]
[3905332224, 3905332288]
[3905332320, 3905332336]
[3905332400, 3905332416]
[3905332480, 3905332544]
[3905332576, 3905332592]
[3905332656, 3905332672]
[3905332736, 3905332800]
[3905332832, 3905332848]
[3905332912, 3905332928]
[3905332992, 3905333056]
[3905333088, 3905333104]
[3905333168, 3905333184]
[3905333248, 3905333312]
[3905333344, 3905333360]
[3905333424, 3905333440]
[3905333504, 3905333568]
[3905333600, 3905333616]
[3905333680, 3905333696]
[3905333760, 3905333824]
[3905333856, 3905333872]
[3905333936, 3905333952]
[3905334016, 3905334080]
[3905334112, 3905334128]
[3905334192, 3905334208]
[3905334272, 3905334336]
[3905334368, 3905334384]
[3905334448, 3905334464]
[3905334528, 3905334592]
[3905334624, 3905334640]
[3905334704, 3905334720]
[3905334784, 3905334848]
[3905334880, 3905334896]
[3905334960, 3905334976]
[3905335040, 3905335104]
[3905335136, 3905335152]
[3905335216, 3905335232]
[3905335296, 3905335360]
[3905335392, 3905335408]
[3905335472, 3905335488]
[3905335552, 3905335616]
[3905335648, 3905335664]
[3905335728, 3905335744]
[3905335808, 3905335872]
[3905335904, 3905335920]
[3905335984, 3905336000]
[3905336064, 3905336128]
[3905336160, 3905336176]
[3905336240, 3905336256]
[3905336320, 3905336384]
[3905336416, 3905336432]
[3905336496, 3905336512]
[3905336576, 3905336640]
[3905336672, 3905336688]
[3905336752, 3905336768]
[3905336832, 3905336896]
[3905336928, 3905336944]
[3905337008, 3905337024]
[3905337088, 3905337152]
[3905337184, 3905337200]
[3905337264, 3905337280]
[3905337344, 3905337408]
[3905337440, 3905337456]
[3905337520, 3905337536]
[3905337600, 3905337664]
[3905337696, 3905337712]
[3905337776, 3905337792]
[3905337856, 3905337920]
[3905337952, 3905337968]
[3905338032, 3905338048]
[3905338112, 3905338176]
[3905338208, 3905338224]
[3905338288, 3905338304]
[3905338368, 3905338432]
[3905338464, 3905338480]
[3905338544, 3905338560]
[3905338624, 3905338688]
[3905338720, 3905338736]
[3905338800, 3905338816]
[3905338880, 3905338944]
[3905338976, 3905338992]
[3905339056, 3905339072]
[3905339136, 3905339200]
[3905339232, 3905339248]
[3905339312, 3905339328]
[3905339392, 3905339456]
[3905339488, 3905339504]
[3905339568, 3905339584]
[3905339648, 3905339712]
[3905339744, 3905339760]
[3905339824, 3905339840]
[3905339904, 3905339968]
[3905340000, 3905340016]
[3905340080, 3905340096]
[3905340160, 3905340224]
[3905340256, 3905340272]
[3905340336, 3905340352]
[3905340416, 3905340480]
[3905340512, 3905340528]
[3905340592, 3905340608]
[3905340672, 3905340736]
[3905340768, 3905340784]
[3905340848, 3905340864]
[3905340928, 3905340992]
[3905341024, 3905341040]
[3905341104, 3905341120]
[3905341184, 3905341248]
[3905341280, 3905341296]
[3905341360, 3905341376]
[3905341440, 3905341504]
[3905341536, 3905341552]
[3905341616, 3905341632]
[3905341696, 3905341760]
[3905341792, 3905341808]
[3905341872, 3905341888]
[3905341952, 3905342016]
[3905342048, 3905342064]
[3905342128, 3905342144]
[3905342208, 3905342272]
[3905342304, 3905342320]
[3905342384, 3905342400]
[3905342464, 3905342528]
[3905342560, 3905342576]
[3905342640, 3905342656]
[3905342720, 3905342784]
[3905342816, 3905342832]
[3905342896, 3905342912]
[3905342976, 3905343040]
[3905343072, 3905343088]
[3905343152, 3905343168]
[3905343232, 3905343296]
[3905343328, 3905343344]
[3905343408, 3905343424]
[3905343488, 3905343552]
[3905343584, 3905343600]
[3905343664, 3905343680]
[3905343744, 3905343808]
[3905343840, 3905343856]
[3905343920, 3905343936]
[3905344000, 3905344064]
[3905344096, 3905344112]
[3905344176, 3905344192]
[3905344256, 3905344320]
[3905344352, 3905344368]
[3905344432, 3905344448]
[3905344512, 3905344576]
[3905344608, 3905344624]
[3905344688, 3905344704]
[3905344768, 3905344832]
[3905344864, 3905344880]
[3905344944, 3905344960]
[3905345024, 3905345088]
[3905345120, 3905345136]
[3905345200, 3905345216]
[3905345280, 3905345344]
[3905345376, 3905345392]
[3905345456, 3905345472]
[3905345536, 3905345600]
[3905345632, 3905345648]
[3905345712, 3905345728]
[3905345792, 3905345856]
[3905345888, 3905345904]
[3905345968, 3905345984]
[3905346048, 3905346112]
[3905346144, 3905346160]
[3905346224, 3905346240]
[3905346304, 3905346368]
[3905346400, 3905346416]
[3905346480, 3905346496]
[3905346560, 3905346624]
[3905346656, 3905346672]
[3905346736, 3905346752]
[3905346816, 3905346880]
[3905346912, 3905346928]
[3905346992, 3905347008]
[3905347072, 3905347136]
[3905347168, 3905347184]
[3905347248, 3905347264]
[3905347328, 3905347392]
[3905347424, 3905347440]
[3905347504, 3905347520]
[3905347584, 3905347648]
[3905347680, 3905347696]
[3905347760, 3905347776]
[3905347840, 3905347904]
[3905347936, 3905347952]
[3905348016, 3905348032]
[3905348096, 3905348160]
[3905348192, 3905348208]
[3905348272, 3905348288]
[3905348352, 3905348416]
[3905348448, 3905348464]
[3905348528, 3905348544]
[3905348608, 3905348672]
[3905348704, 3905348720]
[3905348784, 3905348800]
[3905348864, 3905348928]
[3905348960, 3905348976]
[3905349040, 3905349056]
[3905349120, 3905349184]
[3905349216, 3905349232]
[3905349296, 3905349312]
[3905349376, 3905349440]
[3905349472, 3905349488]
[3905349552, 3905349568]
[3905349632, 3905349696]
[3905349728, 3905349744]
[3905349808, 3905349824]
[3905349888, 3905349952]
[3905349984, 3905350000]
[3905350064, 3905350080]
[3905350144, 3905350208]
[3905350240, 3905350256]
[3905350320, 3905350336]
[3905350400, 3905350464]
[3905350496, 3905350512]
[3905350576, 3905350592]
[3905350656, 3905350720]
[3905350752, 3905350768]
[3905350832, 3905350848]
[3905350912, 3905350976]
[3905351008, 3905351024]
[3905351088, 3905351104]
[3905351168, 3905351232]
[3905351264, 3905351280]
[3905351344, 3905351360]
[3905351424, 3905351488]
[3905351520, 3905351536]
[3905351600, 3905351616]
[3905351680, 3905351744]
[3905351776, 3905351792]
[3905351856, 3905351872]
[3905351936, 3905352000]
[3905352032, 3905352048]
[3905352112, 3905352128]
[3905352192, 3905352256]
[3905352288, 3905352304]
[3905352368, 3905352384]
[3905352448, 3905352512]
[3905352544, 3905352560]
[3905352624, 3905352640]
[3905352704, 3905352768]
[3905352800, 3905352816]
[3905352880, 3905352896]
[3905352960, 3905353024]
[3905353056, 3905353072]
[3905353136, 3905353152]
[3905353216, 3905353280]
[3905353312, 3905353328]
[3905353392, 3905353408]
[3905353472, 3905353536]
[3905353568, 3905353584]
[3905353648, 3905353664]
[3905353728, 3905353792]
[3905353824, 3905353840]
[3905353904, 3905353920]
[3905353984, 3905354048]
[3905354080, 3905354096]
[3905354160, 3905354176]
[3905354240, 3905354304]
[3905354336, 3905354352]
[3905354416, 3905354432]
[3905354496, 3905354560]
[3905354592, 3905354608]
[3905354672, 3905354688]
[3905354752, 3905354816]
[3905354848, 3905354864]
[3905354928, 3905354944]
[3905355008, 3905355072]
[3905355104, 3905355120]
[3905355184, 3905355200]
[3905355264, 3905355328]
[3905355360, 3905355376]
[3905355440, 3905355456]
[3905355520, 3905355584]
[3905355616, 3905355632]
[3905355696, 3905355712]
[3905355776, 3905355840]
[3905355872, 3905355888]
[3905355952, 3905355968]
[3905356032, 3905356096]
[3905356128, 3905356144]
[3905356208, 3905356224]
[3905356288, 3905356352]
[3905356384, 3905356400]
[3905356464, 3905356480]
[3905356544, 3905356608]
[3905356640, 3905356656]
[3905356720, 3905356736]
[3905356800, 3905356864]
[3905356896, 3905356912]
[3905356976, 3905356992]
[3905357056, 3905357120]
[3905357152, 3905357168]
[3905357232, 3905357248]
[3905357312, 3905357376]
[3905357408, 3905357424]
[3905357488, 3905357504]
[3905357568, 3905357632]
[3905357664, 3905357680]
[3905357744, 3905357760]
[3905357824, 3905357888]
[3905357920, 3905357936]
[3905358000, 3905358016]
[3905358080, 3905358144]
[3905358176, 3905358192]
[3905358256, 3905358272]
[3905358336, 3905358400]
[3905358432, 3905358448]
[3905358512, 3905358528]
[3905358592, 3905358656]
[3905358688, 3905358704]
[3905358768, 3905358784]
[3905358848, 3905358912]
[3905358944, 3905358960]
[3905359024, 3905359040]
[3905359104, 3905359168]
[3905359200, 3905359216]
[3905359280, 3905359296]
[3905359360, 3905359424]
[3905359456, 3905359472]
[3905359536, 3905359552]
[3905359616, 3905359680]
[3905359712, 3905359728]
[3905359792, 3905359808]
[3905359872, 3905359936]
[3905359968, 3905359984]
[3905360048, 3905360064]
[3905360128, 3905360192]
[3905360224, 3905360240]
[3905360304, 3905360320]
[3905360384, 3905360448]
[3905360480, 3905360496]
[3905360560, 3905360576]
[3905360640, 3905360704]
[3905360736, 3905360752]
[3905360816, 3905360832]
[3905360896, 3905360960]
[3905360992, 3905361008]
[3905361072, 3905361088]
[3905361152, 3905361216]
[3905361248, 3905361264]
[3905361328, 3905361344]
[3905361408, 3905361472]
[3905361504, 3905361520]
[3905361584, 3905361600]
[3905361664, 3905361728]
[3905361760, 3905361776]
[3905361840, 3905361856]
[3905361920, 3905361984]
[3905362016, 3905362032]
[3905362096, 3905362112]
[3905362176, 3905362240]
[3905362272, 3905362288]
[3905362352, 3905362368]
[3905362432, 3905362496]
[3905362528, 3905362544]
[3905362608, 3905362624]
[3905362688, 3905362752]
[3905362784, 3905362800]
[3905362864, 3905362880]
[3905362944, 3905363008]
[3905363040, 3905363056]
[3905363120, 3905363136]
[3905363200, 3905363264]
[3905363296, 3905363312]
[3905363376, 3905363392]
[3905363456, 3905363520]
[3905363552, 3905363568]
[3905363632, 3905363648]
[3905363712, 3905363776]
[3905363808, 3905363824]
[3905363888, 3905363904]
[3905363968, 3905364032]
[3905364064, 3905364080]
[3905364144, 3905364160]
[3905364224, 3905364288]
[3905364320, 3905364336]
[3905364400, 3905364416]
[3905364480, 3905364544]
[3905364576, 3905364592]
[3905364656, 3905364672]
[3905364736, 3905364800]
[3905364832, 3905364848]
[3905364912, 3905364928]
[3905364992, 3905365056]
[3905365088, 3905365104]
[3905365168, 3905365184]
[3905365248, 3905365312]
[3905365344, 3905365360]
[3905365424, 3905365440]
[3905365504, 3905365568]
[3905365600, 3905365616]
[3905365680, 3905365696]
[3905365760, 3905365824]
[3905365856, 3905365872]
[3905365936, 3905365952]
[3905366016, 3905366080]
[3905366112, 3905366128]
[3905366192, 3905366208]
[3905366272, 3905366336]
[3905366368, 3905366384]
[3905366448, 3905366464]
[3905366528, 3905366592]
[3905366624, 3905366640]
[3905366704, 3905366720]
[3905366784, 3905366848]
[3905366880, 3905366896]
[3905366960, 3905366976]
[3905367040, 3905367104]
[3905367136, 3905367152]
[3905367216, 3905367232]
[3905367296, 3905367360]
[3905367392, 3905367408]
[3905367472, 3905367488]
[3905367552, 3905367616]
[3905367648, 3905367664]
[3905367728, 3905367744]
[3905367808, 3905367872]
[3905367904, 3905367920]
[3905367984, 3905368000]
[3905368064, 3905368128]
[3905368160, 3905368176]
[3905368240, 3905368256]
[3905368320, 3905368384]
[3905368416, 3905368432]
[3905368496, 3905368512]
[3905368576, 3905368640]
[3905368672, 3905368688]
[3905368752, 3905368768]
[3905368832, 3905368896]
[3905368928, 3905368944]
[3905369008, 3905369024]
[3905369088, 3905369152]
[3905369184, 3905369200]
[3905369264, 3905369280]
[3905369344, 3905369408]
[3905369440, 3905369456]
[3905369520, 3905369536]
[3905369600, 3905369664]
[3905369696, 3905369712]
[3905369776, 3905369792]
[3905369856, 3905369920]
[3905369952, 3905369968]
[3905370032, 3905370048]
[3905370112, 3905370176]
[3905370208, 3905370224]
[3905370288, 3905370304]
[3905370368, 3905370432]
[3905370464, 3905370480]
[3905370544, 3905370560]
[3905370624, 3905370688]
[3905370720, 3905370736]
[3905370800, 3905370816]
[3905370880, 3905370944]
[3905370976, 3905370992]
[3905371056, 3905371072]
[3905371136, 3905371200]
[3905371232, 3905371248]
[3905371312, 3905371328]
[3905371392, 3905371456]
[3905371488, 3905371504]
[3905371568, 3905371584]
[3905371648, 3905371712]
[3905371744, 3905371760]
[3905371824, 3905371840]
[3905371904, 3905371968]
[3905372000, 3905372016]
[3905372080, 3905372096]
[3905372160, 3905372224]
[3905372256, 3905372272]
[3905372336, 3905372352]
[3905372416, 3905372480]
[3905372512, 3905372528]
[3905372592, 3905372608]
[3905372672, 3905372736]
[3905372768, 3905372784]
[3905372848, 3905372864]
[3905372928, 3905372992]
[3905373024, 3905373040]
[3905373104, 3905373120]
[3905373184, 3905373248]
[3905373280, 3905373296]
[3905373360, 3905373376]
[3905373440, 3905373504]
[3905373536, 3905373552]
[3905373616, 3905373632]
[3905373696, 3905373760]
[3905373792, 3905373808]
[3905373872, 3905373888]
[3905373952, 3905374016]
[3905374048, 3905374064]
[3905374128, 3905374144]
[3905374208, 3905374272]
[3905374304, 3905374320]
[3905374384, 3905374400]
[3905374464, 3905374528]
[3905374560, 3905374576]
[3905374640, 3905374656]
[3905374720, 3905374784]
[3905374816, 3905374832]
[3905374896, 3905374912]
[3905374976, 3905375040]
[3905375072, 3905375088]
[3905375152, 3905375168]
[3905375232, 3905375296]
[3905375328, 3905375344]
[3905375408, 3905375424]
[3905375488, 3905375552]
[3905375584, 3905375600]
[3905375664, 3905375680]
[3905375744, 3905375808]
[3905375840, 3905375856]
[3905375920, 3905375936]
[3905376000, 3905376064]
[3905376096, 3905376112]
[3905376176, 3905376192]
[3905376256, 3905376320]
[3905376352, 3905376368]
[3905376432, 3905376448]
[3905376512, 3905376576]
[3905376608, 3905376624]
[3905376688, 3905376704]
[3905376768, 3905376832]
[3905376864, 3905376880]
[3905376944, 3905376960]
[3905377024, 3905377088]
[3905377120, 3905377136]
[3905377200, 3905377216]
[3905377280, 3905377344]
[3905377376, 3905377392]
[3905377456, 3905377472]
[3905377536, 3905377600]
[3905377632, 3905377648]
[3905377712, 3905377728]
[3905377792, 3905377856]
[3905377888, 3905377904]
[3905377968, 3905377984]
[3905378048, 3905378112]
[3905378144, 3905378160]
[3905378224, 3905378240]
[3905378304, 3905378368]
[3905378400, 3905378416]
[3905378480, 3905378496]
[3905378560, 3905378624]
[3905378656, 3905378672]
[3905378736, 3905378752]
[3905378816, 3905378880]
[3905378912, 3905378928]
[3905378992, 3905379008]
[3905379072, 3905379136]
[3905379168, 3905379184]
[3905379248, 3905379264]
[3905379328, 3905379392]
[3905379424, 3905379440]
[3905379504, 3905379520]
[3905379584, 3905379648]
[3905379680, 3905379696]
[3905379760, 3905379776]
[3905379840, 3905379904]
[3905379936, 3905379952]
[3905380016, 3905380032]
[3905380096, 3905380160]
[3905380192, 3905380208]
[3905380272, 3905380288]
[3905380352, 3905380416]
[3905380448, 3905380464]
[3905380528, 3905380544]
[3905380608, 3905380672]
[3905380704, 3905380720]
[3905380784, 3905380800]
[3905380864, 3905380928]
[3905380960, 3905380976]
[3905381040, 3905381056]
[3905381120, 3905381184]
[3905381216, 3905381232]
[3905381296, 3905381312]
[3905381376, 3905381440]
[3905381472, 3905381488]
[3905381552, 3905381568]
[3905381632, 3905381696]
[3905381728, 3905381744]
[3905381808, 3905381824]
[3905381888, 3905381952]
[3905381984, 3905382000]
[3905382064, 3905382080]
[3905382144, 3905382208]
[3905382240, 3905382256]
[3905382320, 3905382336]
[3905382400, 3905382464]
[3905382496, 3905382512]
[3905382576, 3905382592]
[3905382656, 3905382720]
[3905382752, 3905382768]
[3905382832, 3905382848]
[3905382912, 3905382976]
[3905383008, 3905383024]
[3905383088, 3905383104]
[3905383168, 3905383232]
[3905383264, 3905383280]
[3905383344, 3905383360]
[3905383424, 3905383488]
[3905383520, 3905383536]
[3905383600, 3905383616]
[3905383680, 3905383744]
[3905383776, 3905383792]
[3905383856, 3905383872]
[3905383936, 3905384000]
[3905384032, 3905384048]
[3905384112, 3905384128]
[3905384192, 3905384256]
[3905384288, 3905384304]
[3905384368, 3905384384]
[3905384448, 3905384512]
[3905384544, 3905384560]
[3905384624, 3905384640]
[3905384704, 3905384768]
[3905384800, 3905384816]
[3905384880, 3905384896]
[3905384960, 3905385024]
[3905385056, 3905385072]
[3905385136, 3905385152]
[3905385216, 3905385280]
[3905385312, 3905385328]
[3905385392, 3905385408]
[3905385472, 3905385536]
[3905385568, 3905385584]
[3905385648, 3905385664]
[3905385728, 3905385792]
[3905385824, 3905385840]
[3905385904, 3905385920]
[3905385984, 3905386048]
[3905386080, 3905386096]
[3905386160, 3905386176]
[3905386240, 3905386304]
[3905386336, 3905386352]
[3905386416, 3905386432]
[3905386496, 3905386560]
[3905386592, 3905386608]
[3905386672, 3905386688]
[3905386752, 3905386816]
[3905386848, 3905386864]
[3905386928, 3905386944]
[3905387008, 3905387072]
[3905387104, 3905387120]
[3905387184, 3905387200]
[3905387264, 3905387328]
[3905387360, 3905387376]
[3905387440, 3905387456]
[3905387520, 3905387584]
[3905387616, 3905387632]
[3905387696, 3905387712]
[3905387776, 3905387840]
[3905387872, 3905387888]
[3905387952, 3905387968]
[3905388032, 3905388096]
[3905388128, 3905388144]
[3905388208, 3905388224]
[3905388288, 3905388352]
[3905388384, 3905388400]
[3905388464, 3905388480]
[3905388544, 3905388608]
[3905388640, 3905388656]
[3905388720, 3905388736]
[3905388800, 3905388864]
[3905388896, 3905388912]
[3905388976, 3905388992]
[3905389056, 3905389120]
[3905389152, 3905389168]
[3905389232, 3905389248]
[3905389312, 3905389376]
[3905389408, 3905389424]
[3905389488, 3905389504]
[3905389568, 3905389632]
[3905389664, 3905389680]
[3905389744, 3905389760]
[3905389824, 3905389888]
[3905389920, 3905389936]
[3905390000, 3905390016]
[3905390080, 3905390144]
[3905390176, 3905390192]
[3905390256, 3905390272]
[3905390336, 3905390400]
[3905390432, 3905390448]
[3905390512, 3905390528]
[3905390592, 3905390656]
[3905390688, 3905390704]
[3905390768, 3905390784]
[3905390848, 3905390912]
[3905390944, 3905390960]
[3905391024, 3905391040]
[3905391104, 3905391168]
[3905391200, 3905391216]
[3905391280, 3905391296]
[3905391360, 3905391424]
[3905391456, 3905391472]
[3905391536, 3905391552]
[3905391616, 3905391680]
[3905391712, 3905391728]
[3905391792, 3905391808]
[3905391872, 3905391936]
[3905391968, 3905391984]
[3905392048, 3905392064]
[3905392128, 3905392192]
[3905392224, 3905392240]
[3905392304, 3905392320]
[3905392384, 3905392448]
[3905392480, 3905392496]
[3905392560, 3905392576]
[3905392640, 3905392704]
[3905392736, 3905392752]
[3905392816, 3905392832]
[3905392896, 3905392960]
[3905392992, 3905393008]
[3905393072, 3905393088]
[3905393152, 3905393216]
[3905393248, 3905393264]
[3905393328, 3905393344]
[3905393408, 3905393472]
[3905393504, 3905393520]
[3905393584, 3905393600]
[3905393664, 3905393728]
[3905393760, 3905393776]
[3905393840, 3905393856]
[3905393920, 3905393984]
[3905394016, 3905394032]
[3905394096, 3905394112]
[3905394176, 3905394240]
[3905394272, 3905394288]
[3905394352, 3905394368]
[3905394432, 3905394496]
[3905394528, 3905394544]
[3905394608, 3905394624]
[3905394688, 3905394752]
[3905394784, 3905394800]
[3905394864, 3905394880]
[3905394944, 3905395008]
[3905395040, 3905395056]
[3905395120, 3905395136]
[3905395200, 3905395264]
[3905395296, 3905395312]
[3905395376, 3905395392]
[3905395456, 3905395520]
[3905395552, 3905395568]
[3905395632, 3905395648]
[3905395712, 3905395776]
[3905395808, 3905395824]
[3905395888, 3905395904]
[3905395968, 3905396032]
[3905396064, 3905396080]
[3905396144, 3905396160]
[3905396224, 3905396288]
[3905396320, 3905396336]
[3905396400, 3905396416]
[3905396480, 3905396544]
[3905396576, 3905396592]
[3905396656, 3905396672]
[3905396736, 3905396800]
[3905396832, 3905396848]
[3905396912, 3905396928]
[3905396992, 3905397056]
[3905397088, 3905397104]
[3905397168, 3905397184]
[3905397248, 3905397312]
[3905397344, 3905397360]
[3905397424, 3905397440]
[3905397504, 3905397568]
[3905397600, 3905397616]
[3905397680, 3905397696]
[3905397760, 3905397824]
[3905397856, 3905397872]
[3905397936, 3905397952]
[3905398016, 3905398080]
[3905398112, 3905398128]
[3905398192, 3905398208]
[3905398272, 3905398336]
[3905398368, 3905398384]
[3905398448, 3905398464]
[3905398528, 3905398592]
[3905398624, 3905398640]
[3905398704, 3905398720]
[3905398784, 3905398848]
[3905398880, 3905398896]
[3905398960, 3905398976]
[3905399040, 3905399104]
[3905399136, 3905399152]
[3905399216, 3905399232]
[3905399296, 3905399360]
[3905399392, 3905399408]
[3905399472, 3905399488]
[3905399552, 3905399616]
[3905399648, 3905399664]
[3905399728, 3905399744]
[3905399808, 3905399872]
[3905399904, 3905399920]
[3905399984, 3905400000]
[3905400064, 3905400128]
[3905400160, 3905400176]
[3905400240, 3905400256]
[3905400320, 3905400384]
[3905400416, 3905400432]
[3905400496, 3905400512]
[3905400576, 3905400640]
[3905400672, 3905400688]
[3905400752, 3905400768]
[3905400832, 3905400896]
[3905400928, 3905400944]
[3905401008, 3905401024]
[3905401088, 3905401152]
[3905401184, 3905401200]
[3905401264, 3905401280]
[3905401344, 3905401408]
[3905401440, 3905401456]
[3905401520, 3905401536]
[3905401600, 3905401664]
[3905401696, 3905401712]
[3905401776, 3905401792]
[3905401856, 3905401920]
[3905401952, 3905401968]
[3905402032, 3905402048]
[3905402112, 3905402176]
[3905402208, 3905402224]
[3905402288, 3905402304]
[3905402368, 3905402432]
[3905402464, 3905402480]
[3905402544, 3905402560]
[3905402624, 3905402688]
[3905402720, 3905402736]
[3905402800, 3905402816]
[3905402880, 3905402944]
[3905402976, 3905402992]
[3905403056, 3905403072]
[3905403136, 3905403200]
[3905403232, 3905403248]
[3905403312, 3905403328]
[3905403392, 3905403456]
[3905403488, 3905403504]
[3905403568, 3905403584]
[3905403648, 3905403712]
[3905403744, 3905403760]
[3905403824, 3905403840]
[3905403904, 3905403968]
[3905404000, 3905404016]
[3905404080, 3905404096]
[3905404160, 3905404224]
[3905404256, 3905404272]
[3905404336, 3905404352]
[3905404416, 3905404480]
[3905404512, 3905404528]
[3905404592, 3905404608]
[3905404672, 3905404736]
[3905404768, 3905404784]
[3905404848, 3905404864]
[3905404928, 3905404992]
[3905405024, 3905405040]
[3905405104, 3905405120]
[3905405184, 3905405248]
[3905405280, 3905405296]
[3905405360, 3905405376]
[3905405440, 3905405504]
[3905405536, 3905405552]
[3905405616, 3905405632]
[3905405696, 3905405760]
[3905405792, 3905405808]
[3905405872, 3905405888]
[3905405952, 3905406016]
[3905406048, 3905406064]
[3905406128, 3905406144]
[3905406208, 3905406272]
[3905406304, 3905406320]
[3905406384, 3905406400]
[3905406464, 3905406528]
[3905406560, 3905406576]
[3905406640, 3905406656]
[3905406720, 3905406784]
[3905406816, 3905406832]
[3905406896, 3905406912]
[3905406976, 3905407040]
[3905407072, 3905407088]
[3905407152, 3905407168]
[3905407232, 3905407296]
[3905407328, 3905407344]
[3905407408, 3905407424]
[3905407488, 3905407552]
[3905407584, 3905407600]
[3905407664, 3905407680]
[3905407744, 3905407808]
[3905407840, 3905407856]
[3905407920, 3905407936]
[3905408000, 3905408064]
[3905408096, 3905408112]
[3905408176, 3905408192]
[3905408256, 3905408320]
[3905408352, 3905408368]
[3905408432, 3905408448]
[3905408512, 3905408576]
[3905408608, 3905408624]
[3905408688, 3905408704]
[3905408768, 3905408832]
[3905408864, 3905408880]
[3905408944, 3905408960]
[3905409024, 3905409088]
[3905409120, 3905409136]
[3905409200, 3905409216]
[3905409280, 3905409344]
[3905409376, 3905409392]
[3905409456, 3905409472]
[3905409536, 3905409600]
[3905409632, 3905409648]
[3905409712, 3905409728]
[3905409792, 3905409856]
[3905409888, 3905409904]
[3905409968, 3905409984]
[3905410048, 3905410112]
[3905410144, 3905410160]
[3905410224, 3905410240]
[3905410304, 3905410368]
[3905410400, 3905410416]
[3905410480, 3905410496]
[3905410560, 3905410624]
[3905410656, 3905410672]
[3905410736, 3905410752]
[3905410816, 3905410880]
[3905410912, 3905410928]
[3905410992, 3905411008]
[3905411072, 3905411136]
[3905411168, 3905411184]
[3905411248, 3905411264]
[3905411328, 3905411392]
[3905411424, 3905411440]
[3905411504, 3905411520]
[3905411584, 3905411648]
[3905411680, 3905411696]
[3905411760, 3905411776]
[3905411840, 3905411904]
[3905411936, 3905411952]
[3905412016, 3905412032]
[3905412096, 3905412160]
[3905412192, 3905412208]
[3905412272, 3905412288]
[3905412352, 3905412416]
[3905412448, 3905412464]
[3905412528, 3905412544]
[3905412608, 3905412672]
[3905412704, 3905412720]
[3905412784, 3905412800]
[3905412864, 3905412928]
[3905412960, 3905412976]
[3905413040, 3905413056]
[3905413120, 3905413184]
[3905413216, 3905413232]
[3905413296, 3905413312]
[3905413376, 3905413440]
[3905413472, 3905413488]
[3905413552, 3905413568]
[3905413632, 3905413696]
[3905413728, 3905413744]
[3905413808, 3905413824]
[3905413888, 3905413952]
[3905413984, 3905414000]
[3905414064, 3905414080]
[3905414144, 3905414208]
[3905414240, 3905414256]
[3905414320, 3905414336]
[3905414400, 3905414464]
[3905414496, 3905414512]
[3905414576, 3905414592]
[3905414656, 3905414720]
[3905414752, 3905414768]
[3905414832, 3905414848]
[3905414912, 3905414976]
[3905415008, 3905415024]
[3905415088, 3905415104]
[3905415168, 3905415232]
[3905415264, 3905415280]
[3905415344, 3905415360]
[3905415424, 3905415488]
[3905415520, 3905415536]
[3905415600, 3905415616]
[3905415680, 3905415744]
[3905415776, 3905415792]
[3905415856, 3905415872]
[3905415936, 3905416000]
[3905416032, 3905416048]
[3905416112, 3905416128]
[3905416192, 3905416256]
[3905416288, 3905416304]
[3905416368, 3905416384]
[3905416448, 3905416512]
[3905416544, 3905416560]
[3905416624, 3905416640]
[3905416704, 3905416768]
[3905416800, 3905416816]
[3905416880, 3905416896]
[3905416960, 3905417024]
[3905417056, 3905417072]
[3905417136, 3905417152]
[3905417216, 3905417280]
[3905417312, 3905417328]
[3905417392, 3905417408]
[3905417472, 3905417536]
[3905417568, 3905417584]
[3905417648, 3905417664]
[3905417728, 3905417792]
[3905417824, 3905417840]
[3905417904, 3905417920]
[3905417984, 3905418048]
[3905418080, 3905418096]
[3905418160, 3905418176]
[3905418240, 3905418304]
[3905418336, 3905418352]
[3905418416, 3905418432]
[3905418496, 3905418560]
[3905418592, 3905418608]
[3905418672, 3905418688]
[3905418752, 3905418816]
[3905418848, 3905418864]
[3905418928, 3905418944]
[3905419008, 3905419072]
[3905419104, 3905419120]
[3905419184, 3905419200]
[3905419264, 3905419328]
[3905419360, 3905419376]
[3905419440, 3905419456]
[3905419520, 3905419584]
[3905419616, 3905419632]
[3905419696, 3905419712]
[3905419776, 3905419840]
[3905419872, 3905419888]
[3905419952, 3905419968]
[3905420032, 3905420096]
[3905420128, 3905420144]
[3905420208, 3905420224]
[3905420288, 3905420352]
[3905420384, 3905420400]
[3905420464, 3905420480]
[3905420544, 3905420608]
[3905420640, 3905420656]
[3905420720, 3905420736]
[3905420800, 3905420864]
[3905420896, 3905420912]
[3905420976, 3905420992]
[3905421056, 3905421120]
[3905421152, 3905421168]
[3905421232, 3905421248]
[3905421312, 3905421376]
[3905421408, 3905421424]
[3905421488, 3905421504]
[3905421568, 3905421632]
[3905421664, 3905421680]
[3905421744, 3905421760]
[3905421824, 3905421888]
[3905421920, 3905421936]
[3905422000, 3905422016]
[3905422080, 3905422144]
[3905422176, 3905422192]
[3905422256, 3905422272]
[3905422336, 3905422400]
[3905422432, 3905422448]
[3905422512, 3905422528]
[3905422592, 3905422656]
[3905422688, 3905422704]
[3905422768, 3905422784]
[3905422848, 3905422912]
[3905422944, 3905422960]
[3905423024, 3905423040]
[3905423104, 3905423168]
[3905423200, 3905423216]
[3905423280, 3905423296]
[3905423360, 3905423424]
[3905423456, 3905423472]
[3905423536, 3905423552]
[3905423616, 3905423680]
[3905423712, 3905423728]
[3905423792, 3905423808]
[3905423872, 3905423936]
[3905423968, 3905423984]
[3905424048, 3905424064]
[3905424128, 3905424192]
[3905424224, 3905424240]
[3905424304, 3905424320]
[3905424384, 3905424448]
[3905424480, 3905424496]
[3905424560, 3905424576]
[3905424640, 3905424704]
[3905424736, 3905424752]
[3905424816, 3905424832]
[3905424896, 3905424960]
[3905424992, 3905425008]
[3905425072, 3905425088]
[3905425152, 3905425216]
[3905425248, 3905425264]
[3905425328, 3905425344]
[3905425408, 3905425472]
[3905425504, 3905425520]
[3905425584, 3905425600]
[3905425664, 3905425728]
[3905425760, 3905425776]
[3905425840, 3905425856]
[3905425920, 3905425984]
[3905426016, 3905426032]
[3905426096, 3905426112]
[3905426176, 3905426240]
[3905426272, 3905426288]
[3905426352, 3905426368]
[3905426432, 3905426496]
[3905426528, 3905426544]
[3905426608, 3905426624]
[3905426688, 3905426752]
[3905426784, 3905426800]
[3905426864, 3905426880]
[3905426944, 3905427008]
[3905427040, 3905427056]
[3905427120, 3905427136]
[3905427200, 3905427264]
[3905427296, 3905427312]
[3905427376, 3905427392]
[3905427456, 3905427520]
[3905427552, 3905427568]
[3905427632, 3905427648]
[3905427712, 3905427776]
[3905427808, 3905427824]
[3905427888, 3905427904]
[3905427968, 3905428032]
[3905428064, 3905428080]
[3905428144, 3905428160]
[3905428224, 3905428288]
[3905428320, 3905428336]
[3905428400, 3905428416]
[3905428480, 3905428544]
[3905428576, 3905428592]
[3905428656, 3905428672]
[3905428736, 3905428800]
[3905428832, 3905428848]
[3905428912, 3905428928]
[3905428992, 3905429056]
[3905429088, 3905429104]
[3905429168, 3905429184]
[3905429248, 3905429312]
[3905429344, 3905429360]
[3905429424, 3905429440]
[3905429504, 3905429568]
[3905429600, 3905429616]
[3905429680, 3905429696]
[3905429760, 3905429824]
[3905429856, 3905429872]
[3905429936, 3905429952]
[3905430016, 3905430080]
[3905430112, 3905430128]
[3905430192, 3905430208]
[3905430272, 3905430336]
[3905430368, 3905430384]
[3905430448, 3905430464]
[3905430528, 3905430592]
[3905430624, 3905430640]
[3905430704, 3905430720]
[3905430784, 3905430848]
[3905430880, 3905430896]
[3905430960, 3905430976]
[3905431040, 3905431104]
[3905431136, 3905431152]
[3905431216, 3905431232]
[3905431296, 3905431360]
[3905431392, 3905431408]
[3905431472, 3905431488]
[3905431552, 3905431616]
[3905431648, 3905431664]
[3905431728, 3905431744]
[3905431808, 3905431872]
[3905431904, 3905431920]
[3905431984, 3905432000]
[3905432064, 3905432128]
[3905432160, 3905432176]
[3905432240, 3905432256]
[3905432320, 3905432384]
[3905432416, 3905432432]
[3905432496, 3905432512]
[3905432576, 3905432640]
[3905432672, 3905432688]
[3905432752, 3905432768]
[3905432832, 3905432896]
[3905432928, 3905432944]
[3905433008, 3905433024]
[3905433088, 3905433152]
[3905433184, 3905433200]
[3905433264, 3905433280]
[3905433344, 3905433408]
[3905433440, 3905433456]
[3905433520, 3905433536]
[3905433600, 3905433664]
[3905433696, 3905433712]
[3905433776, 3905433792]
[3905433856, 3905433920]
[3905433952, 3905433968]
[3905434032, 3905434048]
[3905434112, 3905434176]
[3905434208, 3905434224]
[3905434288, 3905434304]
[3905434368, 3905434432]
[3905434464, 3905434480]
[3905434544, 3905434560]
[3905434624, 3905434688]
[3905434720, 3905434736]
[3905434800, 3905434816]
[3905434880, 3905434944]
[3905434976, 3905434992]
[3905435056, 3905435072]
[3905435136, 3905435200]
[3905435232, 3905435248]
[3905435312, 3905435328]
[3905435392, 3905435456]
[3905435488, 3905435504]
[3905435568, 3905435584]
[3905435648, 3905435712]
[3905435744, 3905435760]
[3905435824, 3905435840]
[3905435904, 3905435968]
[3905436000, 3905436016]
[3905436080, 3905436096]
[3905436160, 3905436224]
[3905436256, 3905436272]
[3905436336, 3905436352]
[3905436416, 3905436480]
[3905436512, 3905436528]
[3905436592, 3905436608]
[3905436672, 3905436736]
[3905436768, 3905436784]
[3905436848, 3905436864]
[3905436928, 3905436992]
[3905437024, 3905437040]
[3905437104, 3905437120]
[3905437184, 3905437248]
[3905437280, 3905437296]
[3905437360, 3905437376]
[3905437440, 3905437504]
[3905437536, 3905437552]
[3905437616, 3905437632]
[3905437696, 3905437760]
[3905437792, 3905437808]
[3905437872, 3905437888]
[3905437952, 3905438016]
[3905438048, 3905438064]
[3905438128, 3905438144]
[3905438208, 3905438272]
[3905438304, 3905438320]
[3905438384, 3905438400]
[3905438464, 3905438528]
[3905438560, 3905438576]
[3905438640, 3905438656]
[3905438720, 3905438784]
[3905438816, 3905438832]
[3905438896, 3905438912]
[3905438976, 3905439040]
[3905439072, 3905439088]
[3905439152, 3905439168]
[3905439232, 3905439296]
[3905439328, 3905439344]
[3905439408, 3905439424]
[3905439488, 3905439552]
[3905439584, 3905439600]
[3905439664, 3905439680]
[3905439744, 3905439808]
[3905439840, 3905439856]
[3905439920, 3905439936]
[3905440000, 3905440064]
[3905440096, 3905440112]
[3905440176, 3905440192]
[3905440256, 3905440320]
[3905440352, 3905440368]
[3905440432, 3905440448]
[3905440512, 3905440576]
[3905440608, 3905440624]
[3905440688, 3905440704]
[3905440768, 3905440832]
[3905440864, 3905440880]
[3905440944, 3905440960]
[3905441024, 3905441088]
[3905441120, 3905441136]
[3905441200, 3905441216]
[3905441280, 3905441344]
[3905441376, 3905441392]
[3905441456, 3905441472]
[3905441536, 3905441600]
[3905441632, 3905441648]
[3905441712, 3905441728]
[3905441792, 3905441856]
[3905441888, 3905441904]
[3905441968, 3905441984]
[3905442048, 3905442112]
[3905442144, 3905442160]
[3905442224, 3905442240]
[3905442304, 3905442368]
[3905442400, 3905442416]
[3905442480, 3905442496]
[3905442560, 3905442624]
[3905442656, 3905442672]
[3905442736, 3905442752]
[3905442816, 3905442880]
[3905442912, 3905442928]
[3905442992, 3905443008]
[3905443072, 3905443136]
[3905443168, 3905443184]
[3905443248, 3905443264]
[3905443328, 3905443392]
[3905443424, 3905443440]
[3905443504, 3905443520]
[3905443584, 3905443648]
[3905443680, 3905443696]
[3905443760, 3905443776]
[3905443840, 3905443904]
[3905443936, 3905443952]
[3905444016, 3905444032]
[3905444096, 3905444160]
[3905444192, 3905444208]
[3905444272, 3905444288]
[3905444352, 3905444416]
[3905444448, 3905444464]
[3905444528, 3905444544]
[3905444608, 3905444672]
[3905444704, 3905444720]
[3905444784, 3905444800]
[3905444864, 3905444928]
[3905444960, 3905444976]
[3905445040, 3905445056]
[3905445120, 3905445184]
[3905445216, 3905445232]
[3905445296, 3905445312]
[3905445376, 3905445440]
[3905445472, 3905445488]
[3905445552, 3905445568]
[3905445632, 3905445696]
[3905445728, 3905445744]
[3905445808, 3905445824]
[3905445888, 3905445952]
[3905445984, 3905446000]
[3905446064, 3905446080]
[3905446144, 3905446208]
[3905446240, 3905446256]
[3905446320, 3905446336]
[3905446400, 3905446464]
[3905446496, 3905446512]
[3905446576, 3905446592]
[3905446656, 3905446720]
[3905446752, 3905446768]
[3905446832, 3905446848]
[3905446912, 3905446976]
[3905447008, 3905447024]
[3905447088, 3905447104]
[3905447168, 3905447232]
[3905447264, 3905447280]
[3905447344, 3905447360]
[3905447424, 3905447488]
[3905447520, 3905447536]
[3905447600, 3905447616]
[3905447680, 3905447744]
[3905447776, 3905447792]
[3905447856, 3905447872]
[3905447936, 3905448000]
[3905448032, 3905448048]
[3905448112, 3905448128]
[3905448192, 3905448256]
[3905448288, 3905448304]
[3905448368, 3905448384]
[3905448448, 3905448512]
[3905448544, 3905448560]
[3905448624, 3905448640]
[3905448704, 3905448768]
[3905448800, 3905448816]
[3905448880, 3905448896]
[3905448960, 3905449024]
[3905449056, 3905449072]
[3905449136, 3905449152]
[3905449216, 3905449280]
[3905449312, 3905449328]
[3905449392, 3905449408]
[3905449472, 3905449536]
[3905449568, 3905449584]
[3905449648, 3905449664]
[3905449728, 3905449792]
[3905449824, 3905449840]
[3905449904, 3905449920]
[3905449984, 3905450048]
[3905450080, 3905450096]
[3905450160, 3905450176]
[3905450240, 3905450304]
[3905450336, 3905450352]
[3905450416, 3905450432]
[3905450496, 3905450560]
[3905450592, 3905450608]
[3905450672, 3905450688]
[3905450752, 3905450816]
[3905450848, 3905450864]
[3905450928, 3905450944]
[3905451008, 3905451072]
[3905451104, 3905451120]
[3905451184, 3905451200]
[3905451264, 3905451328]
[3905451360, 3905451376]
[3905451440, 3905451456]
[3905451520, 3905451584]
[3905451616, 3905451632]
[3905451696, 3905451712]
[3905451776, 3905451840]
[3905451872, 3905451888]
[3905451952, 3905451968]
[3905452032, 3905452096]
[3905452128, 3905452144]
[3905452208, 3905452224]
[3905452288, 3905452352]
[3905452384, 3905452400]
[3905452464, 3905452480]
[3905452544, 3905452608]
[3905452640, 3905452656]
[3905452720, 3905452736]
[3905452800, 3905452864]
[3905452896, 3905452912]
[3905452976, 3905452992]
[3905453056, 3905453120]
[3905453152, 3905453168]
[3905453232, 3905453248]
[3905453312, 3905453376]
[3905453408, 3905453424]
[3905453488, 3905453504]
[3905453568, 3905453632]
[3905453664, 3905453680]
[3905453744, 3905453760]
[3905453824, 3905453888]
[3905453920, 3905453936]
[3905454000, 3905454016]
[3905454080, 3905454144]
[3905454176, 3905454192]
[3905454256, 3905454272]
[3905454336, 3905454400]
[3905454432, 3905454448]
[3905454512, 3905454528]
[3905454592, 3905454656]
[3905454688, 3905454704]
[3905454768, 3905454784]
[3905454848, 3905454912]
[3905454944, 3905454960]
[3905455024, 3905455040]
[3905455104, 3905455168]
[3905455200, 3905455216]
[3905455280, 3905455296]
[3905455360, 3905455424]
[3905455456, 3905455472]
[3905455536, 3905455552]
[3905455616, 3905455680]
[3905455712, 3905455728]
[3905455792, 3905455808]
[3905455872, 3905455936]
[3905455968, 3905455984]
[3905456048, 3905456064]
[3905456128, 3905456192]
[3905456224, 3905456240]
[3905456304, 3905456320]
[3905456384, 3905456448]
[3905456480, 3905456496]
[3905456560, 3905456576]
[3905456640, 3905456704]
[3905456736, 3905456752]
[3905456816, 3905456832]
[3905456896, 3905456960]
[3905456992, 3905457008]
[3905457072, 3905457088]
[3905457152, 3905457216]
[3905457248, 3905457264]
[3905457328, 3905457344]
[3905457408, 3905457472]
[3905457504, 3905457520]
[3905457584, 3905457600]
[3905457664, 3905457728]
[3905457760, 3905457776]
[3905457840, 3905457856]
[3905457920, 3905457984]
[3905458016, 3905458032]
[3905458096, 3905458112]
[3905458176, 3905458240]
[3905458272, 3905458288]
[3905458352, 3905458368]
[3905458432, 3905458496]
[3905458528, 3905458544]
[3905458608, 3905458624]
[3905458688, 3905458752]
[3905458784, 3905458800]
[3905458864, 3905458880]
[3905458944, 3905459008]
[3905459040, 3905459056]
[3905459120, 3905459136]
[3905459200, 3905459264]
[3905459296, 3905459312]
[3905459376, 3905459392]
[3905459456, 3905459520]
[3905459552, 3905459568]
[3905459632, 3905459648]
[3905459712, 3905459776]
[3905459808, 3905459824]
[3905459888, 3905459904]
[3905459968, 3905460032]
[3905460064, 3905460080]
[3905460144, 3905460160]
[3905460224, 3905460288]
[3905460320, 3905460336]
[3905460400, 3905460416]
[3905460480, 3905460544]
[3905460576, 3905460592]
[3905460656, 3905460672]
[3905460736, 3905460800]
[3905460832, 3905460848]
[3905460912, 3905460928]
[3905460992, 3905461056]
[3905461088, 3905461104]
[3905461168, 3905461184]
[3905461248, 3905461312]
[3905461344, 3905461360]
[3905461424, 3905461440]
[3905461504, 3905461568]
[3905461600, 3905461616]
[3905461680, 3905461696]
[3905461760, 3905461824]
[3905461856, 3905461872]
[3905461936, 3905461952]
[3905462016, 3905462080]
[3905462112, 3905462128]
[3905462192, 3905462208]
[3905462272, 3905462336]
[3905462368, 3905462384]
[3905462448, 3905462464]
[3905462528, 3905462592]
[3905462624, 3905462640]
[3905462704, 3905462720]
[3905462784, 3905462848]
[3905462880, 3905462896]
[3905462960, 3905462976]
[3905463040, 3905463104]
[3905463136, 3905463152]
[3905463216, 3905463232]
[3905463296, 3905463360]
[3905463392, 3905463408]
[3905463472, 3905463488]
[3905463552, 3905463616]
[3905463648, 3905463664]
[3905463728, 3905463744]
[3905463808, 3905463872]
[3905463904, 3905463920]
[3905463984, 3905464000]
[3905464064, 3905464128]
[3905464160, 3905464176]
[3905464240, 3905464256]
[3905464320, 3905464384]
[3905464416, 3905464432]
[3905464496, 3905464512]
[3905464576, 3905464640]
[3905464672, 3905464688]
[3905464752, 3905464768]
[3905464832, 3905464896]
[3905464928, 3905464944]
[3905465008, 3905465024]
[3905465088, 3905465152]
[3905465184, 3905465200]
[3905465264, 3905465280]
[3905465344, 3905465408]
[3905465440, 3905465456]
[3905465520, 3905465536]
[3905465600, 3905465664]
[3905465696, 3905465712]
[3905465776, 3905465792]
[3905465856, 3905465920]
[3905465952, 3905465968]
[3905466032, 3905466048]
[3905466112, 3905466176]
[3905466208, 3905466224]
[3905466288, 3905466304]
[3905466368, 3905466432]
[3905466464, 3905466480]
[3905466544, 3905466560]
[3905466624, 3905466688]
[3905466720, 3905466736]
[3905466800, 3905466816]
[3905466880, 3905466944]
[3905466976, 3905466992]
[3905467056, 3905467072]
[3905467136, 3905467200]
[3905467232, 3905467248]
[3905467312, 3905467328]
[3905467392, 3905467456]
[3905467488, 3905467504]
[3905467568, 3905467584]
[3905467648, 3905467712]
[3905467744, 3905467760]
[3905467824, 3905467840]
[3905467904, 3905467968]
[3905468000, 3905468016]
[3905468080, 3905468096]
[3905468160, 3905468224]
[3905468256, 3905468272]
[3905468336, 3905468352]
[3905468416, 3905468480]
[3905468512, 3905468528]
[3905468592, 3905468608]
[3905468672, 3905468736]
[3905468768, 3905468784]
[3905468848, 3905468864]
[3905468928, 3905468992]
[3905469024, 3905469040]
[3905469104, 3905469120]
[3905469184, 3905469248]
[3905469280, 3905469296]
[3905469360, 3905469376]
[3905469440, 3905469504]
[3905469536, 3905469552]
[3905469616, 3905469632]
[3905469696, 3905469760]
[3905469792, 3905469808]
[3905469872, 3905469888]
[3905469952, 3905470016]
[3905470048, 3905470064]
[3905470128, 3905470144]
[3905470208, 3905470272]
[3905470304, 3905470320]
[3905470384, 3905470400]
[3905470464, 3905470528]
[3905470560, 3905470576]
[3905470640, 3905470656]
[3905470720, 3905470784]
[3905470816, 3905470832]
[3905470896, 3905470912]
[3905470976, 3905471040]
[3905471072, 3905471088]
[3905471152, 3905471168]
[3905471232, 3905471296]
[3905471328, 3905471344]
[3905471408, 3905471424]
[3905471488, 3905471552]
[3905471584, 3905471600]
[3905471664, 3905471680]
[3905471744, 3905471808]
[3905471840, 3905471856]
[3905471920, 3905471936]
[3905472000, 3905472064]
[3905472096, 3905472112]
[3905472176, 3905472192]
[3905472256, 3905472320]
[3905472352, 3905472368]
[3905472432, 3905472448]
[3905472512, 3905472576]
[3905472608, 3905472624]
[3905472688, 3905472704]
[3905472768, 3905472832]
[3905472864, 3905472880]
[3905472944, 3905472960]
[3905473024, 3905473088]
[3905473120, 3905473136]
[3905473200, 3905473216]
[3905473280, 3905473344]
[3905473376, 3905473392]
[3905473456, 3905473472]
[3905473536, 3905473600]
[3905473632, 3905473648]
[3905473712, 3905473728]
[3905473792, 3905473856]
[3905473888, 3905473904]
[3905473968, 3905473984]
[3905474048, 3905474112]
[3905474144, 3905474160]
[3905474224, 3905474240]
[3905474304, 3905474368]
[3905474400, 3905474416]
[3905474480, 3905474496]
[3905474560, 3905474624]
[3905474656, 3905474672]
[3905474736, 3905474752]
[3905474816, 3905474880]
[3905474912, 3905474928]
[3905474992, 3905475008]
[3905475072, 3905475136]
[3905475168, 3905475184]
[3905475248, 3905475264]
[3905475328, 3905475392]
[3905475424, 3905475440]
[3905475504, 3905475520]
[3905475584, 3905475648]
[3905475680, 3905475696]
[3905475760, 3905475776]
[3905475840, 3905475904]
[3905475936, 3905475952]
[3905476016, 3905476032]
[3905476096, 3905476160]
[3905476192, 3905476208]
[3905476272, 3905476288]
[3905476352, 3905476416]
[3905476448, 3905476464]
[3905476528, 3905476544]
[3905476608, 3905476672]
[3905476704, 3905476720]
[3905476784, 3905476800]
[3905476864, 3905476928]
[3905476960, 3905476976]
[3905477040, 3905477056]
[3905477120, 3905477184]
[3905477216, 3905477232]
[3905477296, 3905477312]
[3905477376, 3905477440]
[3905477472, 3905477488]
[3905477552, 3905477568]
[3905477632, 3905477696]
[3905477728, 3905477744]
[3905477808, 3905477824]
[3905477888, 3905477952]
[3905477984, 3905478000]
[3905478064, 3905478080]
[3905478144, 3905478208]
[3905478240, 3905478256]
[3905478320, 3905478336]
[3905478400, 3905478464]
[3905478496, 3905478512]
[3905478576, 3905478592]
[3905478656, 3905478720]
[3905478752, 3905478768]
[3905478832, 3905478848]
[3905478912, 3905478976]
[3905479008, 3905479024]
[3905479088, 3905479104]
[3905479168, 3905479232]
[3905479264, 3905479280]
[3905479344, 3905479360]
[3905479424, 3905479488]
[3905479520, 3905479536]
[3905479600, 3905479616]
[3905479680, 3905479744]
[3905479776, 3905479792]
[3905479856, 3905479872]
[3905479936, 3905480000]
[3905480032, 3905480048]
[3905480112, 3905480128]
[3905480192, 3905480256]
[3905480288, 3905480304]
[3905480368, 3905480384]
[3905480448, 3905480512]
[3905480544, 3905480560]
[3905480624, 3905480640]
[3905480704, 3905480768]
[3905480800, 3905480816]
[3905480880, 3905480896]
[3905480960, 3905481024]
[3905481056, 3905481072]
[3905481136, 3905481152]
[3905481216, 3905481280]
[3905481312, 3905481328]
[3905481392, 3905481408]
[3905481472, 3905481536]
[3905481568, 3905481584]
[3905481648, 3905481664]
[3905481728, 3905481792]
[3905481824, 3905481840]
[3905481904, 3905481920]
[3905481984, 3905482048]
[3905482080, 3905482096]
[3905482160, 3905482176]
[3905482240, 3905482304]
[3905482336, 3905482352]
[3905482416, 3905482432]
[3905482496, 3905482560]
[3905482592, 3905482608]
[3905482672, 3905482688]
[3905482752, 3905482816]
[3905482848, 3905482864]
[3905482928, 3905482944]
[3905483008, 3905483072]
[3905483104, 3905483120]
[3905483184, 3905483200]
[3905483264, 3905483328]
[3905483360, 3905483376]
[3905483440, 3905483456]
[3905483520, 3905483584]
[3905483616, 3905483632]
[3905483696, 3905483712]
[3905483776, 3905483840]
[3905483872, 3905483888]
[3905483952, 3905483968]
[3905484032, 3905484096]
[3905484128, 3905484144]
[3905484208, 3905484224]
[3905484288, 3905484352]
[3905484384, 3905484400]
[3905484464, 3905484480]
[3905484544, 3905484608]
[3905484640, 3905484656]
[3905484720, 3905484736]
[3905484800, 3905484864]
[3905484896, 3905484912]
[3905484976, 3905484992]
[3905485056, 3905485120]
[3905485152, 3905485168]
[3905485232, 3905485248]
[3905485312, 3905485376]
[3905485408, 3905485424]
[3905485488, 3905485504]
[3905485568, 3905485632]
[3905485664, 3905485680]
[3905485744, 3905485760]
[3905485824, 3905485888]
[3905485920, 3905485936]
[3905486000, 3905486016]
[3905486080, 3905486144]
[3905486176, 3905486192]
[3905486256, 3905486272]
[3905486336, 3905486400]
[3905486432, 3905486448]
[3905486512, 3905486528]
[3905486592, 3905486656]
[3905486688, 3905486704]
[3905486768, 3905486784]
[3905486848, 3905486912]
[3905486944, 3905486960]
[3905487024, 3905487040]
[3905487104, 3905487168]
[3905487200, 3905487216]
[3905487280, 3905487296]
[3905487360, 3905487424]
[3905487456, 3905487472]
[3905487536, 3905487552]
[3905487616, 3905487680]
[3905487712, 3905487728]
[3905487792, 3905487808]
[3905487872, 3905487936]
[3905487968, 3905487984]
[3905488048, 3905488064]
[3905488128, 3905488192]
[3905488224, 3905488240]
[3905488304, 3905488320]
[3905488384, 3905488448]
[3905488480, 3905488496]
[3905488560, 3905488576]
[3905488640, 3905488704]
[3905488736, 3905488752]
[3905488816, 3905488832]
[3905488896, 3905488960]
[3905488992, 3905489008]
[3905489072, 3905489088]
[3905489152, 3905489216]
[3905489248, 3905489264]
[3905489328, 3905489344]
[3905489408, 3905489472]
[3905489504, 3905489520]
[3905489584, 3905489600]
[3905489664, 3905489728]
[3905489760, 3905489776]
[3905489840, 3905489856]
[3905489920, 3905489984]
[3905490016, 3905490032]
[3905490096, 3905490112]
[3905490176, 3905490240]
[3905490272, 3905490288]
[3905490352, 3905490368]
[3905490432, 3905490496]
[3905490528, 3905490544]
[3905490608, 3905490624]
[3905490688, 3905490752]
[3905490784, 3905490800]
[3905490864, 3905490880]
[3905490944, 3905491008]
[3905491040, 3905491056]
[3905491120, 3905491136]
[3905491200, 3905491264]
[3905491296, 3905491312]
[3905491376, 3905491392]
[3905491456, 3905491520]
[3905491552, 3905491568]
[3905491632, 3905491648]
[3905491712, 3905491776]
[3905491808, 3905491824]
[3905491888, 3905491904]
[3905491968, 3905492032]
[3905492064, 3905492080]
[3905492144, 3905492160]
[3905492224, 3905492288]
[3905492320, 3905492336]
[3905492400, 3905492416]
[3905492480, 3905492544]
[3905492576, 3905492592]
[3905492656, 3905492672]
[3905492736, 3905492800]
[3905492832, 3905492848]
[3905492912, 3905492928]
[3905492992, 3905493056]
[3905493088, 3905493104]
[3905493168, 3905493184]
[3905493248, 3905493312]
[3905493344, 3905493360]
[3905493424, 3905493440]
[3905493504, 3905493568]
[3905493600, 3905493616]
[3905493680, 3905493696]
[3905493760, 3905493824]
[3905493856, 3905493872]
[3905493936, 3905493952]
[3905494016, 3905494080]
[3905494112, 3905494128]
[3905494192, 3905494208]
[3905494272, 3905494336]
[3905494368, 3905494384]
[3905494448, 3905494464]
[3905494528, 3905494592]
[3905494624, 3905494640]
[3905494704, 3905494720]
[3905494784, 3905494848]
[3905494880, 3905494896]
[3905494960, 3905494976]
[3905495040, 3905495104]
[3905495136, 3905495152]
[3905495216, 3905495232]
[3905495296, 3905495360]
[3905495392, 3905495408]
[3905495472, 3905495488]
[3905495552, 3905495616]
[3905495648, 3905495664]
[3905495728, 3905495744]
[3905495808, 3905495872]
[3905495904, 3905495920]
[3905495984, 3905496000]
[3905496064, 3905496128]
[3905496160, 3905496176]
[3905496240, 3905496256]
[3905496320, 3905496384]
[3905496416, 3905496432]
[3905496496, 3905496512]
[3905496576, 3905496640]
[3905496672, 3905496688]
[3905496752, 3905496768]
[3905496832, 3905496896]
[3905496928, 3905496944]
[3905497008, 3905497024]
[3905497088, 3905497152]
[3905497184, 3905497200]
[3905497264, 3905497280]
[3905497344, 3905497408]
[3905497440, 3905497456]
[3905497520, 3905497536]
[3905497600, 3905497664]
[3905497696, 3905497712]
[3905497776, 3905497792]
[3905497856, 3905497920]
[3905497952, 3905497968]
[3905498032, 3905498048]
[3905498112, 3905498176]
[3905498208, 3905498224]
[3905498288, 3905498304]
[3905498368, 3905498432]
[3905498464, 3905498480]
[3905498544, 3905498560]
[3905498624, 3905498688]
[3905498720, 3905498736]
[3905498800, 3905498816]
[3905498880, 3905498944]
[3905498976, 3905498992]
[3905499056, 3905499072]
[3905499136, 3905499200]
[3905499232, 3905499248]
[3905499312, 3905499328]
[3905499392, 3905499456]
[3905499488, 3905499504]
[3905499568, 3905499584]
[3905499648, 3905499712]
[3905499744, 3905499760]
[3905499824, 3905499840]
[3905499904, 3905499968]
[3905500000, 3905500016]
[3905500080, 3905500096]
[3905500160, 3905500224]
[3905500256, 3905500272]
[3905500336, 3905500352]
[3905500416, 3905500480]
[3905500512, 3905500528]
[3905500592, 3905500608]
[3905500672, 3905500736]
[3905500768, 3905500784]
[3905500848, 3905500864]
[3905500928, 3905500992]
[3905501024, 3905501040]
[3905501104, 3905501120]
[3905501184, 3905501248]
[3905501280, 3905501296]
[3905501360, 3905501376]
[3905501440, 3905501504]
[3905501536, 3905501552]
[3905501616, 3905501632]
[3905501696, 3905501760]
[3905501792, 3905501808]
[3905501872, 3905501888]
[3905501952, 3905502016]
[3905502048, 3905502064]
[3905502128, 3905502144]
[3905502208, 3905502272]
[3905502304, 3905502320]
[3905502384, 3905502400]
[3905502464, 3905502528]
[3905502560, 3905502576]
[3905502640, 3905502656]
[3905502720, 3905502784]
[3905502816, 3905502832]
[3905502896, 3905502912]
[3905502976, 3905503040]
[3905503072, 3905503088]
[3905503152, 3905503168]
[3905503232, 3905503296]
[3905503328, 3905503344]
[3905503408, 3905503424]
[3905503488, 3905503552]
[3905503584, 3905503600]
[3905503664, 3905503680]
[3905503744, 3905503808]
[3905503840, 3905503856]
[3905503920, 3905503936]
[3905504000, 3905504064]
[3905504096, 3905504112]
[3905504176, 3905504192]
[3905504256, 3905504320]
[3905504352, 3905504368]
[3905504432, 3905504448]
[3905504512, 3905504576]
[3905504608, 3905504624]
[3905504688, 3905504704]
[3905504768, 3905504832]
[3905504864, 3905504880]
[3905504944, 3905504960]
[3905505024, 3905505088]
[3905505120, 3905505136]
[3905505200, 3905505216]
[3905505280, 3905505344]
[3905505376, 3905505392]
[3905505456, 3905505472]
[3905505536, 3905505600]
[3905505632, 3905505648]
[3905505712, 3905505728]
[3905505792, 3905505856]
[3905505888, 3905505904]
[3905505968, 3905505984]
[3905506048, 3905506112]
[3905506144, 3905506160]
[3905506224, 3905506240]
[3905506304, 3905506368]
[3905506400, 3905506416]
[3905506480, 3905506496]
[3905506560, 3905506624]
[3905506656, 3905506672]
[3905506736, 3905506752]
[3905506816, 3905506880]
[3905506912, 3905506928]
[3905506992, 3905507008]
[3905507072, 3905507136]
[3905507168, 3905507184]
[3905507248, 3905507264]
[3905507328, 3905507392]
[3905507424, 3905507440]
[3905507504, 3905507520]
[3905507584, 3905507648]
[3905507680, 3905507696]
[3905507760, 3905507776]
[3905507840, 3905507904]
[3905507936, 3905507952]
[3905508016, 3905508032]
[3905508096, 3905508160]
[3905508192, 3905508208]
[3905508272, 3905508288]
[3905508352, 3905508416]
[3905508448, 3905508464]
[3905508528, 3905508544]
[3905508608, 3905508672]
[3905508704, 3905508720]
[3905508784, 3905508800]
[3905508864, 3905508928]
[3905508960, 3905508976]
[3905509040, 3905509056]
[3905509120, 3905509184]
[3905509216, 3905509232]
[3905509296, 3905509312]
[3905509376, 3905509440]
[3905509472, 3905509488]
[3905509552, 3905509568]
[3905509632, 3905509696]
[3905509728, 3905509744]
[3905509808, 3905509824]
[3905509888, 3905509952]
[3905509984, 3905510000]
[3905510064, 3905510080]
[3905510144, 3905510208]
[3905510240, 3905510256]
[3905510320, 3905510336]
[3905510400, 3905510464]
[3905510496, 3905510512]
[3905510576, 3905510592]
[3905510656, 3905510720]
[3905510752, 3905510768]
[3905510832, 3905510848]
[3905510912, 3905510976]
[3905511008, 3905511024]
[3905511088, 3905511104]
[3905511168, 3905511232]
[3905511264, 3905511280]
[3905511344, 3905511360]
[3905511424, 3905511488]
[3905511520, 3905511536]
[3905511600, 3905511616]
[3905511680, 3905511744]
[3905511776, 3905511792]
[3905511856, 3905511872]
[3905511936, 3905512000]
[3905512032, 3905512048]
[3905512112, 3905512128]
[3905512192, 3905512256]
[3905512288, 3905512304]
[3905512368, 3905512384]
[3905512448, 3905512512]
[3905512544, 3905512560]
[3905512624, 3905512640]
[3905512704, 3905512768]
[3905512800, 3905512816]
[3905512880, 3905512896]
[3905512960, 3905513024]
[3905513056, 3905513072]
[3905513136, 3905513152]
[3905513216, 3905513280]
[3905513312, 3905513328]
[3905513392, 3905513408]
[3905513472, 3905513536]
[3905513568, 3905513584]
[3905513648, 3905513664]
[3905513728, 3905513792]
[3905513824, 3905513840]
[3905513904, 3905513920]
[3905513984, 3905514048]
[3905514080, 3905514096]
[3905514160, 3905514176]
[3905514240, 3905514304]
[3905514336, 3905514352]
[3905514416, 3905514432]
[3905514496, 3905514560]
[3905514592, 3905514608]
[3905514672, 3905514688]
[3905514752, 3905514816]
[3905514848, 3905514864]
[3905514928, 3905514944]
[3905515008, 3905515072]
[3905515104, 3905515120]
[3905515184, 3905515200]
[3905515264, 3905515328]
[3905515360, 3905515376]
[3905515440, 3905515456]
[3905515520, 3905515584]
[3905515616, 3905515632]
[3905515696, 3905515712]
[3905515776, 3905515840]
[3905515872, 3905515888]
[3905515952, 3905515968]
[3905516032, 3905516096]
[3905516128, 3905516144]
[3905516208, 3905516224]
[3905516288, 3905516352]
[3905516384, 3905516400]
[3905516464, 3905516480]
[3905516544, 3905516608]
[3905516640, 3905516656]
[3905516720, 3905516736]
[3905516800, 3905516864]
[3905516896, 3905516912]
[3905516976, 3905516992]
[3905517056, 3905517120]
[3905517152, 3905517168]
[3905517232, 3905517248]
[3905517312, 3905517376]
[3905517408, 3905517424]
[3905517488, 3905517504]
[3905517568, 3905517632]
[3905517664, 3905517680]
[3905517744, 3905517760]
[3905517824, 3905517888]
[3905517920, 3905517936]
[3905518000, 3905518016]
[3905518080, 3905518144]
[3905518176, 3905518192]
[3905518256, 3905518272]
[3905518336, 3905518400]
[3905518432, 3905518448]
[3905518512, 3905518528]
[3905518592, 3905518656]
[3905518688, 3905518704]
[3905518768, 3905518784]
[3905518848, 3905518912]
[3905518944, 3905518960]
[3905519024, 3905519040]
[3905519104, 3905519168]
[3905519200, 3905519216]
[3905519280, 3905519296]
[3905519360, 3905519424]
[3905519456, 3905519472]
[3905519536, 3905519552]
[3905519616, 3905519680]
[3905519712, 3905519728]
[3905519792, 3905519808]
[3905519872, 3905519936]
[3905519968, 3905519984]
[3905520048, 3905520064]
[3905520128, 3905520192]
[3905520224, 3905520240]
[3905520304, 3905520320]
[3905520384, 3905520448]
[3905520480, 3905520496]
[3905520560, 3905520576]
[3905520640, 3905520704]
[3905520736, 3905520752]
[3905520816, 3905520832]
[3905520896, 3905520960]
[3905520992, 3905521008]
[3905521072, 3905521088]
[3905521152, 3905521216]
[3905521248, 3905521264]
[3905521328, 3905521344]
[3905521408, 3905521472]
[3905521504, 3905521520]
[3905521584, 3905521600]
[3905521664, 3905521728]
[3905521760, 3905521776]
[3905521840, 3905521856]
[3905521920, 3905521984]
[3905522016, 3905522032]
[3905522096, 3905522112]
[3905522176, 3905522240]
[3905522272, 3905522288]
[3905522352, 3905522368]
[3905522432, 3905522496]
[3905522528, 3905522544]
[3905522608, 3905522624]
[3905522688, 3905522752]
[3905522784, 3905522800]
[3905522864, 3905522880]
[3905522944, 3905523008]
[3905523040, 3905523056]
[3905523120, 3905523136]
[3905523200, 3905523264]
[3905523296, 3905523312]
[3905523376, 3905523392]
[3905523456, 3905523520]
[3905523552, 3905523568]
[3905523632, 3905523648]
[3905523712, 3905523776]
[3905523808, 3905523824]
[3905523888, 3905523904]
[3905523968, 3905524032]
[3905524064, 3905524080]
[3905524144, 3905524160]
[3905524224, 3905524288]
[3905524320, 3905524336]
[3905524400, 3905524416]
[3905524480, 3905524544]
[3905524576, 3905524592]
[3905524656, 3905524672]
[3905524736, 3905524800]
[3905524832, 3905524848]
[3905524912, 3905524928]
[3905524992, 3905525056]
[3905525088, 3905525104]
[3905525168, 3905525184]
[3905525248, 3905525312]
[3905525344, 3905525360]
[3905525424, 3905525440]
[3905525504, 3905525568]
[3905525600, 3905525616]
[3905525680, 3905525696]
[3905525760, 3905525824]
[3905525856, 3905525872]
[3905525936, 3905525952]
[3905526016, 3905526080]
[3905526112, 3905526128]
[3905526192, 3905526208]
[3905526272, 3905526336]
[3905526368, 3905526384]
[3905526448, 3905526464]
[3905526528, 3905526592]
[3905526624, 3905526640]
[3905526704, 3905526720]
[3905526784, 3905526848]
[3905526880, 3905526896]
[3905526960, 3905526976]
[3905527040, 3905527104]
[3905527136, 3905527152]
[3905527216, 3905527232]
[3905527296, 3905527360]
[3905527392, 3905527408]
[3905527472, 3905527488]
[3905527552, 3905527616]
[3905527648, 3905527664]
[3905527728, 3905527744]
[3905527808, 3905527872]
[3905527904, 3905527920]
[3905527984, 3905528000]
[3905528064, 3905528128]
[3905528160, 3905528176]
[3905528240, 3905528256]
[3905528320, 3905528384]
[3905528416, 3905528432]
[3905528496, 3905528512]
[3905528576, 3905528640]
[3905528672, 3905528688]
[3905528752, 3905528768]
[3905528832, 3905528896]
[3905528928, 3905528944]
[3905529008, 3905529024]
[3905529088, 3905529152]
[3905529184, 3905529200]
[3905529264, 3905529280]
[3905529344, 3905529408]
[3905529440, 3905529456]
[3905529520, 3905529536]
[3905529600, 3905529664]
[3905529696, 3905529712]
[3905529776, 3905529792]
[3905529856, 3905529920]
[3905529952, 3905529968]
[3905530032, 3905530048]
[3905530112, 3905530176]
[3905530208, 3905530224]
[3905530288, 3905530304]
[3905530368, 3905530432]
[3905530464, 3905530480]
[3905530544, 3905530560]
[3905530624, 3905530688]
[3905530720, 3905530736]
[3905530800, 3905530816]
[3905530880, 3905530944]
[3905530976, 3905530992]
[3905531056, 3905531072]
[3905531136, 3905531200]
[3905531232, 3905531248]
[3905531312, 3905531328]
[3905531392, 3905531456]
[3905531488, 3905531504]
[3905531568, 3905531584]
[3905531648, 3905531712]
[3905531744, 3905531760]
[3905531824, 3905531840]
[3905531904, 3905531968]
[3905532000, 3905532016]
[3905532080, 3905532096]
[3905532160, 3905532224]
[3905532256, 3905532272]
[3905532336, 3905532352]
[3905532416, 3905532480]
[3905532512, 3905532528]
[3905532592, 3905532608]
[3905532672, 3905532736]
[3905532768, 3905532784]
[3905532848, 3905532864]
[3905532928, 3905532992]
[3905533024, 3905533040]
[3905533104, 3905533120]
[3905533184, 3905533248]
[3905533280, 3905533296]
[3905533360, 3905533376]
[3905533440, 3905533504]
[3905533536, 3905533552]
[3905533616, 3905533632]
[3905533696, 3905533760]
[3905533792, 3905533808]
[3905533872, 3905533888]
[3905533952, 3905534016]
[3905534048, 3905534064]
[3905534128, 3905534144]
[3905534208, 3905534272]
[3905534304, 3905534320]
[3905534384, 3905534400]
[3905534464, 3905534528]
[3905534560, 3905534576]
[3905534640, 3905534656]
[3905534720, 3905534784]
[3905534816, 3905534832]
[3905534896, 3905534912]
[3905534976, 3905535040]
[3905535072, 3905535088]
[3905535152, 3905535168]
[3905535232, 3905535296]
[3905535328, 3905535344]
[3905535408, 3905535424]
[3905535488, 3905535552]
[3905535584, 3905535600]
[3905535664, 3905535680]
[3905535744, 3905535808]
[3905535840, 3905535856]
[3905535920, 3905535936]
[3905536000, 3905536064]
[3905536096, 3905536112]
[3905536176, 3905536192]
[3905536256, 3905536320]
[3905536352, 3905536368]
[3905536432, 3905536448]
[3905536512, 3905536576]
[3905536608, 3905536624]
[3905536688, 3905536704]
[3905536768, 3905536832]
[3905536864, 3905536880]
[3905536944, 3905536960]
[3905537024, 3905537088]
[3905537120, 3905537136]
[3905537200, 3905537216]
[3905537280, 3905537344]
[3905537376, 3905537392]
[3905537456, 3905537472]
[3905537536, 3905537600]
[3905537632, 3905537648]
[3905537712, 3905537728]
[3905537792, 3905537856]
[3905537888, 3905537904]
[3905537968, 3905537984]
[3905538048, 3905538112]
[3905538144, 3905538160]
[3905538224, 3905538240]
[3905538304, 3905538368]
[3905538400, 3905538416]
[3905538480, 3905538496]
[3905538560, 3905538624]
[3905538656, 3905538672]
[3905538736, 3905538752]
[3905538816, 3905538880]
[3905538912, 3905538928]
[3905538992, 3905539008]
[3905539072, 3905539136]
[3905539168, 3905539184]
[3905539248, 3905539264]
[3905539328, 3905539392]
[3905539424, 3905539440]
[3905539504, 3905539520]
[3905539584, 3905539648]
[3905539680, 3905539696]
[3905539760, 3905539776]
[3905539840, 3905539904]
[3905539936, 3905539952]
[3905540016, 3905540032]
[3905540096, 3905540160]
[3905540192, 3905540208]
[3905540272, 3905540288]
[3905540352, 3905540416]
[3905540448, 3905540464]
[3905540528, 3905540544]
[3905540608, 3905540672]
[3905540704, 3905540720]
[3905540784, 3905540800]
[3905540864, 3905540928]
[3905540960, 3905540976]
[3905541040, 3905541056]
[3905541120, 3905541184]
[3905541216, 3905541232]
[3905541296, 3905541312]
[3905541376, 3905541440]
[3905541472, 3905541488]
[3905541552, 3905541568]
[3905541632, 3905541696]
[3905541728, 3905541744]
[3905541808, 3905541824]
[3905541888, 3905541952]
[3905541984, 3905542000]
[3905542064, 3905542080]
[3905542144, 3905542208]
[3905542240, 3905542256]
[3905542320, 3905542336]
[3905542400, 3905542464]
[3905542496, 3905542512]
[3905542576, 3905542592]
[3905542656, 3905542720]
[3905542752, 3905542768]
[3905542832, 3905542848]
[3905542912, 3905542976]
[3905543008, 3905543024]
[3905543088, 3905543104]
[3905543168, 3905543232]
[3905543264, 3905543280]
[3905543344, 3905543360]
[3905543424, 3905543488]
[3905543520, 3905543536]
[3905543600, 3905543616]
[3905543680, 3905543744]
[3905543776, 3905543792]
[3905543856, 3905543872]
[3905543936, 3905544000]
[3905544032, 3905544048]
[3905544112, 3905544128]
[3905544192, 3905544256]
[3905544288, 3905544304]
[3905544368, 3905544384]
[3905544448, 3905544512]
[3905544544, 3905544560]
[3905544624, 3905544640]
[3905544704, 3905544768]
[3905544800, 3905544816]
[3905544880, 3905544896]
[3905544960, 3905545024]
[3905545056, 3905545072]
[3905545136, 3905545152]
[3905545216, 3905545280]
[3905545312, 3905545328]
[3905545392, 3905545408]
[3905545472, 3905545536]
[3905545568, 3905545584]
[3905545648, 3905545664]
[3905545728, 3905545792]
[3905545824, 3905545840]
[3905545904, 3905545920]
[3905545984, 3905546048]
[3905546080, 3905546096]
[3905546160, 3905546176]
[3905546240, 3905546304]
[3905546336, 3905546352]
[3905546416, 3905546432]
[3905546496, 3905546560]
[3905546592, 3905546608]
[3905546672, 3905546688]
[3905546752, 3905546816]
[3905546848, 3905546864]
[3905546928, 3905546944]
[3905547008, 3905547072]
[3905547104, 3905547120]
[3905547184, 3905547200]
[3905547264, 3905547328]
[3905547360, 3905547376]
[3905547440, 3905547456]
[3905547520, 3905547584]
[3905547616, 3905547632]
[3905547696, 3905547712]
[3905547776, 3905547840]
[3905547872, 3905547888]
[3905547952, 3905547968]
[3905548032, 3905548096]
[3905548128, 3905548144]
[3905548208, 3905548224]
[3905548288, 3905548352]
[3905548384, 3905548400]
[3905548464, 3905548480]
[3905548544, 3905548608]
[3905548640, 3905548656]
[3905548720, 3905548736]
[3905548800, 3905548864]
[3905548896, 3905548912]
[3905548976, 3905548992]
[3905549056, 3905549120]
[3905549152, 3905549168]
[3905549232, 3905549248]
[3905549312, 3905549376]
[3905549408, 3905549424]
[3905549488, 3905549504]
[3905549568, 3905549632]
[3905549664, 3905549680]
[3905549744, 3905549760]
[3905549824, 3905549888]
[3905549920, 3905549936]
[3905550000, 3905550016]
[3905550080, 3905550144]
[3905550176, 3905550192]
[3905550256, 3905550272]
[3905550336, 3905550400]
[3905550432, 3905550448]
[3905550512, 3905550528]
[3905550592, 3905550656]
[3905550688, 3905550704]
[3905550768, 3905550784]
[3905550848, 3905550912]
[3905550944, 3905550960]
[3905551024, 3905551040]
[3905551104, 3905551168]
[3905551200, 3905551216]
[3905551280, 3905551296]
[3905551360, 3905551424]
[3905551456, 3905551472]
[3905551536, 3905551552]
[3905551616, 3905551680]
[3905551712, 3905551728]
[3905551792, 3905551808]
[3905551872, 3905551936]
[3905551968, 3905551984]
[3905552048, 3905552064]
[3905552128, 3905552192]
[3905552224, 3905552240]
[3905552304, 3905552320]
[3905552384, 3905552448]
[3905552480, 3905552496]
[3905552560, 3905552576]
[3905552640, 3905552704]
[3905552736, 3905552752]
[3905552816, 3905552832]
[3905552896, 3905552960]
[3905552992, 3905553008]
[3905553072, 3905553088]
[3905553152, 3905553216]
[3905553248, 3905553264]
[3905553328, 3905553344]
[3905553408, 3905553472]
[3905553504, 3905553520]
[3905553584, 3905553600]
[3905553664, 3905553728]
[3905553760, 3905553776]
[3905553840, 3905553856]
[3905553920, 3905553984]
[3905554016, 3905554032]
[3905554096, 3905554112]
[3905554176, 3905554240]
[3905554272, 3905554288]
[3905554352, 3905554368]
[3905554432, 3905554496]
[3905554528, 3905554544]
[3905554608, 3905554624]
[3905554688, 3905554752]
[3905554784, 3905554800]
[3905554864, 3905554880]
[3905554944, 3905555008]
[3905555040, 3905555056]
[3905555120, 3905555136]
[3905555200, 3905555264]
[3905555296, 3905555312]
[3905555376, 3905555392]
[3905555456, 3905555520]
[3905555552, 3905555568]
[3905555632, 3905555648]
[3905555712, 3905555776]
[3905555808, 3905555824]
[3905555888, 3905555904]
[3905555968, 3905556032]
[3905556064, 3905556080]
[3905556144, 3905556160]
[3905556224, 3905556288]
[3905556320, 3905556336]
[3905556400, 3905556416]
[3905556480, 3905556544]
[3905556576, 3905556592]
[3905556656, 3905556672]
[3905556736, 3905556800]
[3905556832, 3905556848]
[3905556912, 3905556928]
[3905556992, 3905557056]
[3905557088, 3905557104]
[3905557168, 3905557184]
[3905557248, 3905557312]
[3905557344, 3905557360]
[3905557424, 3905557440]
[3905557504, 3905557568]
[3905557600, 3905557616]
[3905557680, 3905557696]
[3905557760, 3905557824]
[3905557856, 3905557872]
[3905557936, 3905557952]
[3905558016, 3905558080]
[3905558112, 3905558128]
[3905558192, 3905558208]
[3905558272, 3905558336]
[3905558368, 3905558384]
[3905558448, 3905558464]
[3905558528, 3905558592]
[3905558624, 3905558640]
[3905558704, 3905558720]
[3905558784, 3905558848]
[3905558880, 3905558896]
[3905558960, 3905558976]
[3905559040, 3905559104]
[3905559136, 3905559152]
[3905559216, 3905559232]
[3905559296, 3905559360]
[3905559392, 3905559408]
[3905559472, 3905559488]
[3905559552, 3905559616]
[3905559648, 3905559664]
[3905559728, 3905559744]
[3905559808, 3905559872]
[3905559904, 3905559920]
[3905559984, 3905560000]
[3905560064, 3905560128]
[3905560160, 3905560176]
[3905560240, 3905560256]
[3905560320, 3905560384]
[3905560416, 3905560432]
[3905560496, 3905560512]
[3905560576, 3905560640]
[3905560672, 3905560688]
[3905560752, 3905560768]
[3905560832, 3905560896]
[3905560928, 3905560944]
[3905561008, 3905561024]
[3905561088, 3905561152]
[3905561184, 3905561200]
[3905561264, 3905561280]
[3905561344, 3905561408]
[3905561440, 3905561456]
[3905561520, 3905561536]
[3905561600, 3905561664]
[3905561696, 3905561712]
[3905561776, 3905561792]
[3905561856, 3905561920]
[3905561952, 3905561968]
[3905562032, 3905562048]
[3905562112, 3905562176]
[3905562208, 3905562224]
[3905562288, 3905562304]
[3905562368, 3905562432]
[3905562464, 3905562480]
[3905562544, 3905562560]
[3905562624, 3905562688]
[3905562720, 3905562736]
[3905562800, 3905562816]
[3905562880, 3905562944]
[3905562976, 3905562992]
[3905563056, 3905563072]
[3905563136, 3905563200]
[3905563232, 3905563248]
[3905563312, 3905563328]
[3905563392, 3905563456]
[3905563488, 3905563504]
[3905563568, 3905563584]
[3905563648, 3905563712]
[3905563744, 3905563760]
[3905563824, 3905563840]
[3905563904, 3905563968]
[3905564000, 3905564016]
[3905564080, 3905564096]
[3905564160, 3905564224]
[3905564256, 3905564272]
[3905564336, 3905564352]
[3905564416, 3905564480]
[3905564512, 3905564528]
[3905564592, 3905564608]
[3905564672, 3905564736]
[3905564768, 3905564784]
[3905564848, 3905564864]
[3905564928, 3905564992]
[3905565024, 3905565040]
[3905565104, 3905565120]
[3905565184, 3905565248]
[3905565280, 3905565296]
[3905565360, 3905565376]
[3905565440, 3905565504]
[3905565536, 3905565552]
[3905565616, 3905565632]
[3905565696, 3905565760]
[3905565792, 3905565808]
[3905565872, 3905565888]
[3905565952, 3905566016]
[3905566048, 3905566064]
[3905566128, 3905566144]
[3905566208, 3905566272]
[3905566304, 3905566320]
[3905566384, 3905566400]
[3905566464, 3905566528]
[3905566560, 3905566576]
[3905566640, 3905566656]
[3905566720, 3905566784]
[3905566816, 3905566832]
[3905566896, 3905566912]
[3905566976, 3905567040]
[3905567072, 3905567088]
[3905567152, 3905567168]
[3905567232, 3905567296]
[3905567328, 3905567344]
[3905567408, 3905567424]
[3905567488, 3905567552]
[3905567584, 3905567600]
[3905567664, 3905567680]
[3905567744, 3905567808]
[3905567840, 3905567856]
[3905567920, 3905567936]
[3905568000, 3905568064]
[3905568096, 3905568112]
[3905568176, 3905568192]
[3905568256, 3905568320]
[3905568352, 3905568368]
[3905568432, 3905568448]
[3905568512, 3905568576]
[3905568608, 3905568624]
[3905568688, 3905568704]
[3905568768, 3905568832]
[3905568864, 3905568880]
[3905568944, 3905568960]
[3905569024, 3905569088]
[3905569120, 3905569136]
[3905569200, 3905569216]
[3905569280, 3905569344]
[3905569376, 3905569392]
[3905569456, 3905569472]
[3905569536, 3905569600]
[3905569632, 3905569648]
[3905569712, 3905569728]
[3905569792, 3905569856]
[3905569888, 3905569904]
[3905569968, 3905569984]
[3905570048, 3905570112]
[3905570144, 3905570160]
[3905570224, 3905570240]
[3905570304, 3905570368]
[3905570400, 3905570416]
[3905570480, 3905570496]
[3905570560, 3905570624]
[3905570656, 3905570672]
[3905570736, 3905570752]
[3905570816, 3905570880]
[3905570912, 3905570928]
[3905570992, 3905571008]
[3905571072, 3905571136]
[3905571168, 3905571184]
[3905571248, 3905571264]
[3905571328, 3905571392]
[3905571424, 3905571440]
[3905571504, 3905571520]
[3905571584, 3905571648]
[3905571680, 3905571696]
[3905571760, 3905571776]
[3905571840, 3905571904]
[3905571936, 3905571952]
[3905572016, 3905572032]
[3905572096, 3905572160]
[3905572192, 3905572208]
[3905572272, 3905572288]
[3905572352, 3905572416]
[3905572448, 3905572464]
[3905572528, 3905572544]
[3905572608, 3905572672]
[3905572704, 3905572720]
[3905572784, 3905572800]
[3905572864, 3905572928]
[3905572960, 3905572976]
[3905573040, 3905573056]
[3905573120, 3905573184]
[3905573216, 3905573232]
[3905573296, 3905573312]
[3905573376, 3905573440]
[3905573472, 3905573488]
[3905573552, 3905573568]
[3905573632, 3905573696]
[3905573728, 3905573744]
[3905573808, 3905573824]
[3905573888, 3905573952]
[3905573984, 3905574000]
[3905574064, 3905574080]
[3905574144, 3905574208]
[3905574240, 3905574256]
[3905574320, 3905574336]
[3905574400, 3905574464]
[3905574496, 3905574512]
[3905574576, 3905574592]
[3905574656, 3905574720]
[3905574752, 3905574768]
[3905574832, 3905574848]
[3905574912, 3905574976]
[3905575008, 3905575024]
[3905575088, 3905575104]
[3905575168, 3905575232]
[3905575264, 3905575280]
[3905575344, 3905575360]
[3905575424, 3905575488]
[3905575520, 3905575536]
[3905575600, 3905575616]
[3905575680, 3905575744]
[3905575776, 3905575792]
[3905575856, 3905575872]
[3905575936, 3905576000]
[3905576032, 3905576048]
[3905576112, 3905576128]
[3905576192, 3905576256]
[3905576288, 3905576304]
[3905576368, 3905576384]
[3905576448, 3905576512]
[3905576544, 3905576560]
[3905576624, 3905576640]
[3905576704, 3905576768]
[3905576800, 3905576816]
[3905576880, 3905576896]
[3905576960, 3905577024]
[3905577056, 3905577072]
[3905577136, 3905577152]
[3905577216, 3905577280]
[3905577312, 3905577328]
[3905577392, 3905577408]
[3905577472, 3905577536]
[3905577568, 3905577584]
[3905577648, 3905577664]
[3905577728, 3905577792]
[3905577824, 3905577840]
[3905577904, 3905577920]
[3905577984, 3905578048]
[3905578080, 3905578096]
[3905578160, 3905578176]
[3905578240, 3905578304]
[3905578336, 3905578352]
[3905578416, 3905578432]
[3905578496, 3905578560]
[3905578592, 3905578608]
[3905578672, 3905578688]
[3905578752, 3905578816]
[3905578848, 3905578864]
[3905578928, 3905578944]
[3905579008, 3905579072]
[3905579104, 3905579120]
[3905579184, 3905579200]
[3905579264, 3905579328]
[3905579360, 3905579376]
[3905579440, 3905579456]
[3905579520, 3905579584]
[3905579616, 3905579632]
[3905579696, 3905579712]
[3905579776, 3905579840]
[3905579872, 3905579888]
[3905579952, 3905579968]
[3905580032, 3905580096]
[3905580128, 3905580144]
[3905580208, 3905580224]
[3905580288, 3905580352]
[3905580384, 3905580400]
[3905580464, 3905580480]
[3905580544, 3905580608]
[3905580640, 3905580656]
[3905580720, 3905580736]
[3905580800, 3905580864]
[3905580896, 3905580912]
[3905580976, 3905580992]
[3905581056, 3905581120]
[3905581152, 3905581168]
[3905581232, 3905581248]
[3905581312, 3905581376]
[3905581408, 3905581424]
[3905581488, 3905581504]
[3905581568, 3905581632]
[3905581664, 3905581680]
[3905581744, 3905581760]
[3905581824, 3905581888]
[3905581920, 3905581936]
[3905582000, 3905582016]
[3905582080, 3905582144]
[3905582176, 3905582192]
[3905582256, 3905582272]
[3905582336, 3905582400]
[3905582432, 3905582448]
[3905582512, 3905582528]
[3905582592, 3905582656]
[3905582688, 3905582704]
[3905582768, 3905582784]
[3905582848, 3905582912]
[3905582944, 3905582960]
[3905583024, 3905583040]
[3905583104, 3905583168]
[3905583200, 3905583216]
[3905583280, 3905583296]
[3905583360, 3905583424]
[3905583456, 3905583472]
[3905583536, 3905583552]
[3905583616, 3905583680]
[3905583712, 3905583728]
[3905583792, 3905583808]
[3905583872, 3905583936]
[3905583968, 3905583984]
[3905584048, 3905584064]
[3905584128, 3905584192]
[3905584224, 3905584240]
[3905584304, 3905584320]
[3905584384, 3905584448]
[3905584480, 3905584496]
[3905584560, 3905584576]
[3905584640, 3905584704]
[3905584736, 3905584752]
[3905584816, 3905584832]
[3905584896, 3905584960]
[3905584992, 3905585008]
[3905585072, 3905585088]
[3905585152, 3905585216]
[3905585248, 3905585264]
[3905585328, 3905585344]
[3905585408, 3905585472]
[3905585504, 3905585520]
[3905585584, 3905585600]
[3905585664, 3905585728]
[3905585760, 3905585776]
[3905585840, 3905585856]
[3905585920, 3905585984]
[3905586016, 3905586032]
[3905586096, 3905586112]
[3905586176, 3905586240]
[3905586272, 3905586288]
[3905586352, 3905586368]
[3905586432, 3905586496]
[3905586528, 3905586544]
[3905586608, 3905586624]
[3905586688, 3905586752]
[3905586784, 3905586800]
[3905586864, 3905586880]
[3905586944, 3905587008]
[3905587040, 3905587056]
[3905587120, 3905587136]
[3905587200, 3905587264]
[3905587296, 3905587312]
[3905587376, 3905587392]
[3905587456, 3905587520]
[3905587552, 3905587568]
[3905587632, 3905587648]
[3905587712, 3905587776]
[3905587808, 3905587824]
[3905587888, 3905587904]
[3905587968, 3905588032]
[3905588064, 3905588080]
[3905588144, 3905588160]
[3905588224, 3905588288]
[3905588320, 3905588336]
[3905588400, 3905588416]
[3905588480, 3905588544]
[3905588576, 3905588592]
[3905588656, 3905588672]
[3905588736, 3905588800]
[3905588832, 3905588848]
[3905588912, 3905588928]
[3905588992, 3905589056]
[3905589088, 3905589104]
[3905589168, 3905589184]
[3905589248, 3905589312]
[3905589344, 3905589360]
[3905589424, 3905589440]
[3905589504, 3905589568]
[3905589600, 3905589616]
[3905589680, 3905589696]
[3905589760, 3905589824]
[3905589856, 3905589872]
[3905589936, 3905589952]
[3905590016, 3905590080]
[3905590112, 3905590128]
[3905590192, 3905590208]
[3905590272, 3905590336]
[3905590368, 3905590384]
[3905590448, 3905590464]
[3905590528, 3905590592]
[3905590624, 3905590640]
[3905590704, 3905590720]
[3905590784, 3905590848]
[3905590880, 3905590896]
[3905590960, 3905590976]
[3905591040, 3905591104]
[3905591136, 3905591152]
[3905591216, 3905591232]
[3905591296, 3905591360]
[3905591392, 3905591408]
[3905591472, 3905591488]
[3905591552, 3905591616]
[3905591648, 3905591664]
[3905591728, 3905591744]
[3905591808, 3905591872]
[3905591904, 3905591920]
[3905591984, 3905592000]
[3905592064, 3905592128]
[3905592160, 3905592176]
[3905592240, 3905592256]
[3905592320, 3905592384]
[3905592416, 3905592432]
[3905592496, 3905592512]
[3905592576, 3905592640]
[3905592672, 3905592688]
[3905592752, 3905592768]
[3905592832, 3905592896]
[3905592928, 3905592944]
[3905593008, 3905593024]
[3905593088, 3905593152]
[3905593184, 3905593200]
[3905593264, 3905593280]
[3905593344, 3905593408]
[3905593440, 3905593456]
[3905593520, 3905593536]
[3905593600, 3905593664]
[3905593696, 3905593712]
[3905593776, 3905593792]
[3905593856, 3905593920]
[3905593952, 3905593968]
[3905594032, 3905594048]
[3905594112, 3905594176]
[3905594208, 3905594224]
[3905594288, 3905594304]
[3905594368, 3905594432]
[3905594464, 3905594480]
[3905594544, 3905594560]
[3905594624, 3905594688]
[3905594720, 3905594736]
[3905594800, 3905594816]
[3905594880, 3905594944]
[3905594976, 3905594992]
[3905595056, 3905595072]
[3905595136, 3905595200]
[3905595232, 3905595248]
[3905595312, 3905595328]
[3905595392, 3905595456]
[3905595488, 3905595504]
[3905595568, 3905595584]
[3905595648, 3905595712]
[3905595744, 3905595760]
[3905595824, 3905595840]
[3905595904, 3905595968]
[3905596000, 3905596016]
[3905596080, 3905596096]
[3905596160, 3905596224]
[3905596256, 3905596272]
[3905596336, 3905596352]
[3905596416, 3905596480]
[3905596512, 3905596528]
[3905596592, 3905596608]
[3905596672, 3905596736]
[3905596768, 3905596784]
[3905596848, 3905596864]
[3905596928, 3905596992]
[3905597024, 3905597040]
[3905597104, 3905597120]
[3905597184, 3905597248]
[3905597280, 3905597296]
[3905597360, 3905597376]
[3905597440, 3905597504]
[3905597536, 3905597552]
[3905597616, 3905597632]
[3905597696, 3905597760]
[3905597792, 3905597808]
[3905597872, 3905597888]
[3905597952, 3905598016]
[3905598048, 3905598064]
[3905598128, 3905598144]
[3905598208, 3905598272]
[3905598304, 3905598320]
[3905598384, 3905598400]
[3905598464, 3905598528]
[3905598560, 3905598576]
[3905598640, 3905598656]
[3905598720, 3905598784]
[3905598816, 3905598832]
[3905598896, 3905598912]
[3905598976, 3905599040]
[3905599072, 3905599088]
[3905599152, 3905599168]
[3905599232, 3905599296]
[3905599328, 3905599344]
[3905599408, 3905599424]
[3905599488, 3905599552]
[3905599584, 3905599600]
[3905599664, 3905599680]
[3905599744, 3905599808]
[3905599840, 3905599856]
[3905599920, 3905599936]
[3905600000, 3905600064]
[3905600096, 3905600112]
[3905600176, 3905600192]
[3905600256, 3905600320]
[3905600352, 3905600368]
[3905600432, 3905600448]
[3905600512, 3905600576]
[3905600608, 3905600624]
[3905600688, 3905600704]
[3905600768, 3905600832]
[3905600864, 3905600880]
[3905600944, 3905600960]
[3905601024, 3905601088]
[3905601120, 3905601136]
[3905601200, 3905601216]
[3905601280, 3905601344]
[3905601376, 3905601392]
[3905601456, 3905601472]
[3905601536, 3905601600]
[3905601632, 3905601648]
[3905601712, 3905601728]
[3905601792, 3905601856]
[3905601888, 3905601904]
[3905601968, 3905601984]
[3905602048, 3905602112]
[3905602144, 3905602160]
[3905602224, 3905602240]
[3905602304, 3905602368]
[3905602400, 3905602416]
[3905602480, 3905602496]
[3905602560, 3905602624]
[3905602656, 3905602672]
[3905602736, 3905602752]
[3905602816, 3905602880]
[3905602912, 3905602928]
[3905602992, 3905603008]
[3905603072, 3905603136]
[3905603168, 3905603184]
[3905603248, 3905603264]
[3905603328, 3905603392]
[3905603424, 3905603440]
[3905603504, 3905603520]
[3905603584, 3905603648]
[3905603680, 3905603696]
[3905603760, 3905603776]
[3905603840, 3905603904]
[3905603936, 3905603952]
[3905604016, 3905604032]
[3905604096, 3905604160]
[3905604192, 3905604208]
[3905604272, 3905604288]
[3905604352, 3905604416]
[3905604448, 3905604464]
[3905604528, 3905604544]
[3905604608, 3905604672]
[3905604704, 3905604720]
[3905604784, 3905604800]
[3905604864, 3905604928]
[3905604960, 3905604976]
[3905605040, 3905605056]
[3905605120, 3905605184]
[3905605216, 3905605232]
[3905605296, 3905605312]
[3905605376, 3905605440]
[3905605472, 3905605488]
[3905605552, 3905605568]
[3905605632, 3905605696]
[3905605728, 3905605744]
[3905605808, 3905605824]
[3905605888, 3905605952]
[3905605984, 3905606000]
[3905606064, 3905606080]
[3905606144, 3905606208]
[3905606240, 3905606256]
[3905606320, 3905606336]
[3905606400, 3905606464]
[3905606496, 3905606512]
[3905606576, 3905606592]
[3905606656, 3905606720]
[3905606752, 3905606768]
[3905606832, 3905606848]
[3905606912, 3905606976]
[3905607008, 3905607024]
[3905607088, 3905607104]
[3905607168, 3905607232]
[3905607264, 3905607280]
[3905607344, 3905607360]
[3905607424, 3905607488]
[3905607520, 3905607536]
[3905607600, 3905607616]
[3905607680, 3905607744]
[3905607776, 3905607792]
[3905607856, 3905607872]
[3905607936, 3905608000]
[3905608032, 3905608048]
[3905608112, 3905608128]
[3905608192, 3905608256]
[3905608288, 3905608304]
[3905608368, 3905608384]
[3905608448, 3905608512]
[3905608544, 3905608560]
[3905608624, 3905608640]
[3905608704, 3905608768]
[3905608800, 3905608816]
[3905608880, 3905608896]
[3905608960, 3905609024]
[3905609056, 3905609072]
[3905609136, 3905609152]
[3905609216, 3905609280]
[3905609312, 3905609328]
[3905609392, 3905609408]
[3905609472, 3905609536]
[3905609568, 3905609584]
[3905609648, 3905609664]
[3905609728, 3905609792]
[3905609824, 3905609840]
[3905609904, 3905609920]
[3905609984, 3905610048]
[3905610080, 3905610096]
[3905610160, 3905610176]
[3905610240, 3905610304]
[3905610336, 3905610352]
[3905610416, 3905610432]
[3905610496, 3905610560]
[3905610592, 3905610608]
[3905610672, 3905610688]
[3905610752, 3905610816]
[3905610848, 3905610864]
[3905610928, 3905610944]
[3905611008, 3905611072]
[3905611104, 3905611120]
[3905611184, 3905611200]
[3905611264, 3905611328]
[3905611360, 3905611376]
[3905611440, 3905611456]
[3905611520, 3905611584]
[3905611616, 3905611632]
[3905611696, 3905611712]
[3905611776, 3905611840]
[3905611872, 3905611888]
[3905611952, 3905611968]
[3905612032, 3905612096]
[3905612128, 3905612144]
[3905612208, 3905612224]
[3905612288, 3905612352]
[3905612384, 3905612400]
[3905612464, 3905612480]
[3905612544, 3905612608]
[3905612640, 3905612656]
[3905612720, 3905612736]
[3905612800, 3905612864]
[3905612896, 3905612912]
[3905612976, 3905612992]
[3905613056, 3905613120]
[3905613152, 3905613168]
[3905613232, 3905613248]
[3905613312, 3905613376]
[3905613408, 3905613424]
[3905613488, 3905613504]
[3905613568, 3905613632]
[3905613664, 3905613680]
[3905613744, 3905613760]
[3905613824, 3905613888]
[3905613920, 3905613936]
[3905614000, 3905614016]
[3905614080, 3905614144]
[3905614176, 3905614192]
[3905614256, 3905614272]
[3905614336, 3905614400]
[3905614432, 3905614448]
[3905614512, 3905614528]
[3905614592, 3905614656]
[3905614688, 3905614704]
[3905614768, 3905614784]
[3905614848, 3905614912]
[3905614944, 3905614960]
[3905615024, 3905615040]
[3905615104, 3905615168]
[3905615200, 3905615216]
[3905615280, 3905615296]
[3905615360, 3905615424]
[3905615456, 3905615472]
[3905615536, 3905615552]
[3905615616, 3905615680]
[3905615712, 3905615728]
[3905615792, 3905615808]
[3905615872, 3905615936]
[3905615968, 3905615984]
[3905616048, 3905616064]
[3905616128, 3905616192]
[3905616224, 3905616240]
[3905616304, 3905616320]
[3905616384, 3905616448]
[3905616480, 3905616496]
[3905616560, 3905616576]
[3905616640, 3905616704]
[3905616736, 3905616752]
[3905616816, 3905616832]
[3905616896, 3905616960]
[3905616992, 3905617008]
[3905617072, 3905617088]
[3905617152, 3905617216]
[3905617248, 3905617264]
[3905617328, 3905617344]
[3905617408, 3905617472]
[3905617504, 3905617520]
[3905617584, 3905617600]
[3905617664, 3905617728]
[3905617760, 3905617776]
[3905617840, 3905617856]
[3905617920, 3905617984]
[3905618016, 3905618032]
[3905618096, 3905618112]
[3905618176, 3905618240]
[3905618272, 3905618288]
[3905618352, 3905618368]
[3905618432, 3905618496]
[3905618528, 3905618544]
[3905618608, 3905618624]
[3905618688, 3905618752]
[3905618784, 3905618800]
[3905618864, 3905618880]
[3905618944, 3905619008]
[3905619040, 3905619056]
[3905619120, 3905619136]
[3905619200, 3905619264]
[3905619296, 3905619312]
[3905619376, 3905619392]
[3905619456, 3905619520]
[3905619552, 3905619568]
[3905619632, 3905619648]
[3905619712, 3905619776]
[3905619808, 3905619824]
[3905619888, 3905619904]
[3905619968, 3905620032]
[3905620064, 3905620080]
[3905620144, 3905620160]
[3905620224, 3905620288]
[3905620320, 3905620336]
[3905620400, 3905620416]
[3905620480, 3905620544]
[3905620576, 3905620592]
[3905620656, 3905620672]
[3905620736, 3905620800]
[3905620832, 3905620848]
[3905620912, 3905620928]
[3905620992, 3905621056]
[3905621088, 3905621104]
[3905621168, 3905621184]
[3905621248, 3905621312]
[3905621344, 3905621360]
[3905621424, 3905621440]
[3905621504, 3905621568]
[3905621600, 3905621616]
[3905621680, 3905621696]
[3905621760, 3905621824]
[3905621856, 3905621872]
[3905621936, 3905621952]
[3905622016, 3905622080]
[3905622112, 3905622128]
[3905622192, 3905622208]
[3905622272, 3905622336]
[3905622368, 3905622384]
[3905622448, 3905622464]
[3905622528, 3905622592]
[3905622624, 3905622640]
[3905622704, 3905622720]
[3905622784, 3905622848]
[3905622880, 3905622896]
[3905622960, 3905622976]
[3905623040, 3905623104]
[3905623136, 3905623152]
[3905623216, 3905623232]
[3905623296, 3905623360]
[3905623392, 3905623408]
[3905623472, 3905623488]
[3905623552, 3905623616]
[3905623648, 3905623664]
[3905623728, 3905623744]
[3905623808, 3905623872]
[3905623904, 3905623920]
[3905623984, 3905624000]
[3905624064, 3905624128]
[3905624160, 3905624176]
[3905624240, 3905624256]
[3905624320, 3905624384]
[3905624416, 3905624432]
[3905624496, 3905624512]
[3905624576, 3905624640]
[3905624672, 3905624688]
[3905624752, 3905624768]
[3905624832, 3905624896]
[3905624928, 3905624944]
[3905625008, 3905625024]
[3905625088, 3905625152]
[3905625184, 3905625200]
[3905625264, 3905625280]
[3905625344, 3905625408]
[3905625440, 3905625456]
[3905625520, 3905625536]
[3905625600, 3905625664]
[3905625696, 3905625712]
[3905625776, 3905625792]
[3905625856, 3905625920]
[3905625952, 3905625968]
[3905626032, 3905626048]
[3905626112, 3905626176]
[3905626208, 3905626224]
[3905626288, 3905626304]
[3905626368, 3905626432]
[3905626464, 3905626480]
[3905626544, 3905626560]
[3905626624, 3905626688]
[3905626720, 3905626736]
[3905626800, 3905626816]
[3905626880, 3905626944]
[3905626976, 3905626992]
[3905627056, 3905627072]
[3905627136, 3905627200]
[3905627232, 3905627248]
[3905627312, 3905627328]
[3905627392, 3905627456]
[3905627488, 3905627504]
[3905627568, 3905627584]
[3905627648, 3905627712]
[3905627744, 3905627760]
[3905627824, 3905627840]
[3905627904, 3905627968]
[3905628000, 3905628016]
[3905628080, 3905628096]
[3905628160, 3905628224]
[3905628256, 3905628272]
[3905628336, 3905628352]
[3905628416, 3905628480]
[3905628512, 3905628528]
[3905628592, 3905628608]
[3905628672, 3905628736]
[3905628768, 3905628784]
[3905628848, 3905628864]
[3905628928, 3905628992]
[3905629024, 3905629040]
[3905629104, 3905629120]
[3905629184, 3905629248]
[3905629280, 3905629296]
[3905629360, 3905629376]
[3905629440, 3905629504]
[3905629536, 3905629552]
[3905629616, 3905629632]
[3905629696, 3905629760]
[3905629792, 3905629808]
[3905629872, 3905629888]
[3905629952, 3905630016]
[3905630048, 3905630064]
[3905630128, 3905630144]
[3905630208, 3905630272]
[3905630304, 3905630320]
[3905630384, 3905630400]
[3905630464, 3905630528]
[3905630560, 3905630576]
[3905630640, 3905630656]
[3905630720, 3905630784]
[3905630816, 3905630832]
[3905630896, 3905630912]
[3905630976, 3905631040]
[3905631072, 3905631088]
[3905631152, 3905631168]
[3905631232, 3905631296]
[3905631328, 3905631344]
[3905631408, 3905631424]
[3905631488, 3905631552]
[3905631584, 3905631600]
[3905631664, 3905631680]
[3905631744, 3905631808]
[3905631840, 3905631856]
[3905631920, 3905631936]
[3905632000, 3905632064]
[3905632096, 3905632112]
[3905632176, 3905632192]
[3905632256, 3905632320]
[3905632352, 3905632368]
[3905632432, 3905632448]
[3905632512, 3905632576]
[3905632608, 3905632624]
[3905632688, 3905632704]
[3905632768, 3905632832]
[3905632864, 3905632880]
[3905632944, 3905632960]
[3905633024, 3905633088]
[3905633120, 3905633136]
[3905633200, 3905633216]
[3905633280, 3905633344]
[3905633376, 3905633392]
[3905633456, 3905633472]
[3905633536, 3905633600]
[3905633632, 3905633648]
[3905633712, 3905633728]
[3905633792, 3905633856]
[3905633888, 3905633904]
[3905633968, 3905633984]
[3905634048, 3905634112]
[3905634144, 3905634160]
[3905634224, 3905634240]
[3905634304, 3905634368]
[3905634400, 3905634416]
[3905634480, 3905634496]
[3905634560, 3905634624]
[3905634656, 3905634672]
[3905634736, 3905634752]
[3905634816, 3905634880]
[3905634912, 3905634928]
[3905634992, 3905635008]
[3905635072, 3905635136]
[3905635168, 3905635184]
[3905635248, 3905635264]
[3905635328, 3905635392]
[3905635424, 3905635440]
[3905635504, 3905635520]
[3905635584, 3905635648]
[3905635680, 3905635696]
[3905635760, 3905635776]
[3905635840, 3905635904]
[3905635936, 3905635952]
[3905636016, 3905636032]
[3905636096, 3905636160]
[3905636192, 3905636208]
[3905636272, 3905636288]
[3905636352, 3905636416]
[3905636448, 3905636464]
[3905636528, 3905636544]
[3905636608, 3905636672]
[3905636704, 3905636720]
[3905636784, 3905636800]
[3905636864, 3905636928]
[3905636960, 3905636976]
[3905637040, 3905637056]
[3905637120, 3905637184]
[3905637216, 3905637232]
[3905637296, 3905637312]
[3905637376, 3905637440]
[3905637472, 3905637488]
[3905637552, 3905637568]
[3905637632, 3905637696]
[3905637728, 3905637744]
[3905637808, 3905637824]
[3905637888, 3905637952]
[3905637984, 3905638000]
[3905638064, 3905638080]
[3905638144, 3905638208]
[3905638240, 3905638256]
[3905638320, 3905638336]
[3905638400, 3905638464]
[3905638496, 3905638512]
[3905638576, 3905638592]
[3905638656, 3905638720]
[3905638752, 3905638768]
[3905638832, 3905638848]
[3905638912, 3905638976]
[3905639008, 3905639024]
[3905639088, 3905639104]
[3905639168, 3905639232]
[3905639264, 3905639280]
[3905639344, 3905639360]
[3905639424, 3905639488]
[3905639520, 3905639536]
[3905639600, 3905639616]
[3905639680, 3905639744]
[3905639776, 3905639792]
[3905639856, 3905639872]
[3905639936, 3905640000]
[3905640032, 3905640048]
[3905640112, 3905640128]
[3905640192, 3905640256]
[3905640288, 3905640304]
[3905640368, 3905640384]
[3905640448, 3905640512]
[3905640544, 3905640560]
[3905640624, 3905640640]
[3905640704, 3905640768]
[3905640800, 3905640816]
[3905640880, 3905640896]
[3905640960, 3905641024]
[3905641056, 3905641072]
[3905641136, 3905641152]
[3905641216, 3905641280]
[3905641312, 3905641328]
[3905641392, 3905641408]
[3905641472, 3905641536]
[3905641568, 3905641584]
[3905641648, 3905641664]
[3905641728, 3905641792]
[3905641824, 3905641840]
[3905641904, 3905641920]
[3905641984, 3905642048]
[3905642080, 3905642096]
[3905642160, 3905642176]
[3905642240, 3905642304]
[3905642336, 3905642352]
[3905642416, 3905642432]
[3905642496, 3905642560]
[3905642592, 3905642608]
[3905642672, 3905642688]
[3905642752, 3905642816]
[3905642848, 3905642864]
[3905642928, 3905642944]
[3905643008, 3905643072]
[3905643104, 3905643120]
[3905643184, 3905643200]
[3905643264, 3905643328]
[3905643360, 3905643376]
[3905643440, 3905643456]
[3905643520, 3905643584]
[3905643616, 3905643632]
[3905643696, 3905643712]
[3905643776, 3905643840]
[3905643872, 3905643888]
[3905643952, 3905643968]
[3905644032, 3905644096]
[3905644128, 3905644144]
[3905644208, 3905644224]
[3905644288, 3905644352]
[3905644384, 3905644400]
[3905644464, 3905644480]
[3905644544, 3905644608]
[3905644640, 3905644656]
[3905644720, 3905644736]
[3905644800, 3905644864]
[3905644896, 3905644912]
[3905644976, 3905644992]
[3905645056, 3905645120]
[3905645152, 3905645168]
[3905645232, 3905645248]
[3905645312, 3905645376]
[3905645408, 3905645424]
[3905645488, 3905645504]
[3905645568, 3905645632]
[3905645664, 3905645680]
[3905645744, 3905645760]
[3905645824, 3905645888]
[3905645920, 3905645936]
[3905646000, 3905646016]
[3905646080, 3905646144]
[3905646176, 3905646192]
[3905646256, 3905646272]
[3905646336, 3905646400]
[3905646432, 3905646448]
[3905646512, 3905646528]
[3905646592, 3905646656]
[3905646688, 3905646704]
[3905646768, 3905646784]
[3905646848, 3905646912]
[3905646944, 3905646960]
[3905647024, 3905647040]
[3905647104, 3905647168]
[3905647200, 3905647216]
[3905647280, 3905647296]
[3905647360, 3905647424]
[3905647456, 3905647472]
[3905647536, 3905647552]
[3905647616, 3905647680]
[3905647712, 3905647728]
[3905647792, 3905647808]
[3905647872, 3905647936]
[3905647968, 3905647984]
[3905648048, 3905648064]
[3905648128, 3905648192]
[3905648224, 3905648240]
[3905648304, 3905648320]
[3905648384, 3905648448]
[3905648480, 3905648496]
[3905648560, 3905648576]
[3905648640, 3905648704]
[3905648736, 3905648752]
[3905648816, 3905648832]
[3905648896, 3905648960]
[3905648992, 3905649008]
[3905649072, 3905649088]
[3905649152, 3905649216]
[3905649248, 3905649264]
[3905649328, 3905649344]
[3905649408, 3905649472]
[3905649504, 3905649520]
[3905649584, 3905649600]
[3905649664, 3905649728]
[3905649760, 3905649776]
[3905649840, 3905649856]
[3905649920, 3905649984]
[3905650016, 3905650032]
[3905650096, 3905650112]
[3905650176, 3905650240]
[3905650272, 3905650288]
[3905650352, 3905650368]
[3905650432, 3905650496]
[3905650528, 3905650544]
[3905650608, 3905650624]
[3905650688, 3905650752]
[3905650784, 3905650800]
[3905650864, 3905650880]
[3905650944, 3905651008]
[3905651040, 3905651056]
[3905651120, 3905651136]
[3905651200, 3905651264]
[3905651296, 3905651312]
[3905651376, 3905651392]
[3905651456, 3905651520]
[3905651552, 3905651568]
[3905651632, 3905651648]
[3905651712, 3905651776]
[3905651808, 3905651824]
[3905651888, 3905651904]
[3905651968, 3905652032]
[3905652064, 3905652080]
[3905652144, 3905652160]
[3905652224, 3905652288]
[3905652320, 3905652336]
[3905652400, 3905652416]
[3905652480, 3905652544]
[3905652576, 3905652592]
[3905652656, 3905652672]
[3905652736, 3905652800]
[3905652832, 3905652848]
[3905652912, 3905652928]
[3905652992, 3905653056]
[3905653088, 3905653104]
[3905653168, 3905653184]
[3905653248, 3905653312]
[3905653344, 3905653360]
[3905653424, 3905653440]
[3905653504, 3905653568]
[3905653600, 3905653616]
[3905653680, 3905653696]
[3905653760, 3905653824]
[3905653856, 3905653872]
[3905653936, 3905653952]
[3905654016, 3905654080]
[3905654112, 3905654128]
[3905654192, 3905654208]
[3905654272, 3905654336]
[3905654368, 3905654384]
[3905654448, 3905654464]
[3905654528, 3905654592]
[3905654624, 3905654640]
[3905654704, 3905654720]
[3905654784, 3905654848]
[3905654880, 3905654896]
[3905654960, 3905654976]
[3905655040, 3905655104]
[3905655136, 3905655152]
[3905655216, 3905655232]
[3905655296, 3905655360]
[3905655392, 3905655408]
[3905655472, 3905655488]
[3905655552, 3905655616]
[3905655648, 3905655664]
[3905655728, 3905655744]
[3905655808, 3905655872]
[3905655904, 3905655920]
[3905655984, 3905656000]
[3905656064, 3905656128]
[3905656160, 3905656176]
[3905656240, 3905656256]
[3905656320, 3905656384]
[3905656416, 3905656432]
[3905656496, 3905656512]
[3905656576, 3905656640]
[3905656672, 3905656688]
[3905656752, 3905656768]
[3905656832, 3905656896]
[3905656928, 3905656944]
[3905657008, 3905657024]
[3905657088, 3905657152]
[3905657184, 3905657200]
[3905657264, 3905657280]
[3905657344, 3905657408]
[3905657440, 3905657456]
[3905657520, 3905657536]
[3905657600, 3905657664]
[3905657696, 3905657712]
[3905657776, 3905657792]
[3905657856, 3905657920]
[3905657952, 3905657968]
[3905658032, 3905658048]
[3905658112, 3905658176]
[3905658208, 3905658224]
[3905658288, 3905658304]
[3905658368, 3905658432]
[3905658464, 3905658480]
[3905658544, 3905658560]
[3905658624, 3905658688]
[3905658720, 3905658736]
[3905658800, 3905658816]
[3905658880, 3905658944]
[3905658976, 3905658992]
[3905659056, 3905659072]
[3905659136, 3905659200]
[3905659232, 3905659248]
[3905659312, 3905659328]
[3905659392, 3905659456]
[3905659488, 3905659504]
[3905659568, 3905659584]
[3905659648, 3905659712]
[3905659744, 3905659760]
[3905659824, 3905659840]
[3905659904, 3905659968]
[3905660000, 3905660016]
[3905660080, 3905660096]
[3905660160, 3905660224]
[3905660256, 3905660272]
[3905660336, 3905660352]
[3905660416, 3905660480]
[3905660512, 3905660528]
[3905660592, 3905660608]
[3905660672, 3905660736]
[3905660768, 3905660784]
[3905660848, 3905660864]
[3905660928, 3905660992]
[3905661024, 3905661040]
[3905661104, 3905661120]
[3905661184, 3905661248]
[3905661280, 3905661296]
[3905661360, 3905661376]
[3905661440, 3905661504]
[3905661536, 3905661552]
[3905661616, 3905661632]
[3905661696, 3905661760]
[3905661792, 3905661808]
[3905661872, 3905661888]
[3905661952, 3905662016]
[3905662048, 3905662064]
[3905662128, 3905662144]
[3905662208, 3905662272]
[3905662304, 3905662320]
[3905662384, 3905662400]
[3905662464, 3905662528]
[3905662560, 3905662576]
[3905662640, 3905662656]
[3905662720, 3905662784]
[3905662816, 3905662832]
[3905662896, 3905662912]
[3905662976, 3905663040]
[3905663072, 3905663088]
[3905663152, 3905663168]
[3905663232, 3905663296]
[3905663328, 3905663344]
[3905663408, 3905663424]
[3905663488, 3905663552]
[3905663584, 3905663600]
[3905663664, 3905663680]
[3905663744, 3905663808]
[3905663840, 3905663856]
[3905663920, 3905663936]
[3905664000, 3905664064]
[3905664096, 3905664112]
[3905664176, 3905664192]
[3905664256, 3905664320]
[3905664352, 3905664368]
[3905664432, 3905664448]
[3905664512, 3905664576]
[3905664608, 3905664624]
[3905664688, 3905664704]
[3905664768, 3905664832]
[3905664864, 3905664880]
[3905664944, 3905664960]
[3905665024, 3905665088]
[3905665120, 3905665136]
[3905665200, 3905665216]
[3905665280, 3905665344]
[3905665376, 3905665392]
[3905665456, 3905665472]
[3905665536, 3905665600]
[3905665632, 3905665648]
[3905665712, 3905665728]
[3905665792, 3905665856]
[3905665888, 3905665904]
[3905665968, 3905665984]
[3905666048, 3905666112]
[3905666144, 3905666160]
[3905666224, 3905666240]
[3905666304, 3905666368]
[3905666400, 3905666416]
[3905666480, 3905666496]
[3905666560, 3905666624]
[3905666656, 3905666672]
[3905666736, 3905666752]
[3905666816, 3905666880]
[3905666912, 3905666928]
[3905666992, 3905667008]
[3905667072, 3905667136]
[3905667168, 3905667184]
[3905667248, 3905667264]
[3905667328, 3905667392]
[3905667424, 3905667440]
[3905667504, 3905667520]
[3905667584, 3905667648]
[3905667680, 3905667696]
[3905667760, 3905667776]
[3905667840, 3905667904]
[3905667936, 3905667952]
[3905668016, 3905668032]
[3905668096, 3905668160]
[3905668192, 3905668208]
[3905668272, 3905668288]
[3905668352, 3905668416]
[3905668448, 3905668464]
[3905668528, 3905668544]
[3905668608, 3905668672]
[3905668704, 3905668720]
[3905668784, 3905668800]
[3905668864, 3905668928]
[3905668960, 3905668976]
[3905669040, 3905669056]
[3905669120, 3905669184]
[3905669216, 3905669232]
[3905669296, 3905669312]
[3905669376, 3905669440]
[3905669472, 3905669488]
[3905669552, 3905669568]
[3905669632, 3905669696]
[3905669728, 3905669744]
[3905669808, 3905669824]
[3905669888, 3905669952]
[3905669984, 3905670000]
[3905670064, 3905670080]
[3905670144, 3905670208]
[3905670240, 3905670256]
[3905670320, 3905670336]
[3905670400, 3905670464]
[3905670496, 3905670512]
[3905670576, 3905670592]
[3905670656, 3905670720]
[3905670752, 3905670768]
[3905670832, 3905670848]
[3905670912, 3905670976]
[3905671008, 3905671024]
[3905671088, 3905671104]
[3905671168, 3905671232]
[3905671264, 3905671280]
[3905671344, 3905671360]
[3905671424, 3905671488]
[3905671520, 3905671536]
[3905671600, 3905671616]
[3905671680, 3905671744]
[3905671776, 3905671792]
[3905671856, 3905671872]
[3905671936, 3905672000]
[3905672032, 3905672048]
[3905672112, 3905672128]
[3905672192, 3905672256]
[3905672288, 3905672304]
[3905672368, 3905672384]
[3905672448, 3905672512]
[3905672544, 3905672560]
[3905672624, 3905672640]
[3905672704, 3905672768]
[3905672800, 3905672816]
[3905672880, 3905672896]
[3905672960, 3905673024]
[3905673056, 3905673072]
[3905673136, 3905673152]
[3905673216, 3905673280]
[3905673312, 3905673328]
[3905673392, 3905673408]
[3905673472, 3905673536]
[3905673568, 3905673584]
[3905673648, 3905673664]
[3905673728, 3905673792]
[3905673824, 3905673840]
[3905673904, 3905673920]
[3905673984, 3905674048]
[3905674080, 3905674096]
[3905674160, 3905674176]
[3905674240, 3905674304]
[3905674336, 3905674352]
[3905674416, 3905674432]
[3905674496, 3905674560]
[3905674592, 3905674608]
[3905674672, 3905674688]
[3905674752, 3905674816]
[3905674848, 3905674864]
[3905674928, 3905674944]
[3905675008, 3905675072]
[3905675104, 3905675120]
[3905675184, 3905675200]
[3905675264, 3905675328]
[3905675360, 3905675376]
[3905675440, 3905675456]
[3905675520, 3905675584]
[3905675616, 3905675632]
[3905675696, 3905675712]
[3905675776, 3905675840]
[3905675872, 3905675888]
[3905675952, 3905675968]
[3905676032, 3905676096]
[3905676128, 3905676144]
[3905676208, 3905676224]
[3905676288, 3905676352]
[3905676384, 3905676400]
[3905676464, 3905676480]
[3905676544, 3905676608]
[3905676640, 3905676656]
[3905676720, 3905676736]
[3905676800, 3905676864]
[3905676896, 3905676912]
[3905676976, 3905676992]
[3905677056, 3905677120]
[3905677152, 3905677168]
[3905677232, 3905677248]
[3905677312, 3905677376]
[3905677408, 3905677424]
[3905677488, 3905677504]
[3905677568, 3905677632]
[3905677664, 3905677680]
[3905677744, 3905677760]
[3905677824, 3905677888]
[3905677920, 3905677936]
[3905678000, 3905678016]
[3905678080, 3905678144]
[3905678176, 3905678192]
[3905678256, 3905678272]
[3905678336, 3905678400]
[3905678432, 3905678448]
[3905678512, 3905678528]
[3905678592, 3905678656]
[3905678688, 3905678704]
[3905678768, 3905678784]
[3905678848, 3905678912]
[3905678944, 3905678960]
[3905679024, 3905679040]
[3905679104, 3905679168]
[3905679200, 3905679216]
[3905679280, 3905679296]
[3905679360, 3905679424]
[3905679456, 3905679472]
[3905679536, 3905679552]
[3905679616, 3905679680]
[3905679712, 3905679728]
[3905679792, 3905679808]
[3905679872, 3905679936]
[3905679968, 3905679984]
[3905680048, 3905680064]
[3905680128, 3905680192]
[3905680224, 3905680240]
[3905680304, 3905680320]
[3905680384, 3905680448]
[3905680480, 3905680496]
[3905680560, 3905680576]
[3905680640, 3905680704]
[3905680736, 3905680752]
[3905680816, 3905680832]
[3905680896, 3905680960]
[3905680992, 3905681008]
[3905681072, 3905681088]
[3905681152, 3905681216]
[3905681248, 3905681264]
[3905681328, 3905681344]
[3905681408, 3905681472]
[3905681504, 3905681520]
[3905681584, 3905681600]
[3905681664, 3905681728]
[3905681760, 3905681776]
[3905681840, 3905681856]
[3905681920, 3905681984]
[3905682016, 3905682032]
[3905682096, 3905682112]
[3905682176, 3905682240]
[3905682272, 3905682288]
[3905682352, 3905682368]
[3905682432, 3905682496]
[3905682528, 3905682544]
[3905682608, 3905682624]
[3905682688, 3905682752]
[3905682784, 3905682800]
[3905682864, 3905682880]
[3905682944, 3905683008]
[3905683040, 3905683056]
[3905683120, 3905683136]
[3905683200, 3905683264]
[3905683296, 3905683312]
[3905683376, 3905683392]
[3905683456, 3905683520]
[3905683552, 3905683568]
[3905683632, 3905683648]
[3905683712, 3905683776]
[3905683808, 3905683824]
[3905683888, 3905683904]
[3905683968, 3905684032]
[3905684064, 3905684080]
[3905684144, 3905684160]
[3905684224, 3905684288]
[3905684320, 3905684336]
[3905684400, 3905684416]
[3905684480, 3905684544]
[3905684576, 3905684592]
[3905684656, 3905684672]
[3905684736, 3905684800]
[3905684832, 3905684848]
[3905684912, 3905684928]
[3905684992, 3905685056]
[3905685088, 3905685104]
[3905685168, 3905685184]
[3905685248, 3905685312]
[3905685344, 3905685360]
[3905685424, 3905685440]
[3905685504, 3905685568]
[3905685600, 3905685616]
[3905685680, 3905685696]
[3905685760, 3905685824]
[3905685856, 3905685872]
[3905685936, 3905685952]
[3905686016, 3905686080]
[3905686112, 3905686128]
[3905686192, 3905686208]
[3905686272, 3905686336]
[3905686368, 3905686384]
[3905686448, 3905686464]
[3905686528, 3905686592]
[3905686624, 3905686640]
[3905686704, 3905686720]
[3905686784, 3905686848]
[3905686880, 3905686896]
[3905686960, 3905686976]
[3905687040, 3905687104]
[3905687136, 3905687152]
[3905687216, 3905687232]
[3905687296, 3905687360]
[3905687392, 3905687408]
[3905687472, 3905687488]
[3905687552, 3905687616]
[3905687648, 3905687664]
[3905687728, 3905687744]
[3905687808, 3905687872]
[3905687904, 3905687920]
[3905687984, 3905688000]
[3905688064, 3905688128]
[3905688160, 3905688176]
[3905688240, 3905688256]
[3905688320, 3905688384]
[3905688416, 3905688432]
[3905688496, 3905688512]
[3905688576, 3905688640]
[3905688672, 3905688688]
[3905688752, 3905688768]
[3905688832, 3905688896]
[3905688928, 3905688944]
[3905689008, 3905689024]
[3905689088, 3905689152]
[3905689184, 3905689200]
[3905689264, 3905689280]
[3905689344, 3905689408]
[3905689440, 3905689456]
[3905689520, 3905689536]
[3905689600, 3905689664]
[3905689696, 3905689712]
[3905689776, 3905689792]
[3905689856, 3905689920]
[3905689952, 3905689968]
[3905690032, 3905690048]
[3905690112, 3905690176]
[3905690208, 3905690224]
[3905690288, 3905690304]
[3905690368, 3905690432]
[3905690464, 3905690480]
[3905690544, 3905690560]
[3905690624, 3905690688]
[3905690720, 3905690736]
[3905690800, 3905690816]
[3905690880, 3905690944]
[3905690976, 3905690992]
[3905691056, 3905691072]
[3905691136, 3905691200]
[3905691232, 3905691248]
[3905691312, 3905691328]
[3905691392, 3905691456]
[3905691488, 3905691504]
[3905691568, 3905691584]
[3905691648, 3905691712]
[3905691744, 3905691760]
[3905691824, 3905691840]
[3905691904, 3905691968]
[3905692000, 3905692016]
[3905692080, 3905692096]
[3905692160, 3905692224]
[3905692256, 3905692272]
[3905692336, 3905692352]
[3905692416, 3905692480]
[3905692512, 3905692528]
[3905692592, 3905692608]
[3905692672, 3905692736]
[3905692768, 3905692784]
[3905692848, 3905692864]
[3905692928, 3905692992]
[3905693024, 3905693040]
[3905693104, 3905693120]
[3905693184, 3905693248]
[3905693280, 3905693296]
[3905693360, 3905693376]
[3905693440, 3905693504]
[3905693536, 3905693552]
[3905693616, 3905693632]
[3905693696, 3905693760]
[3905693792, 3905693808]
[3905693872, 3905693888]
[3905693952, 3905694016]
[3905694048, 3905694064]
[3905694128, 3905694144]
[3905694208, 3905694272]
[3905694304, 3905694320]
[3905694384, 3905694400]
[3905694464, 3905694528]
[3905694560, 3905694576]
[3905694640, 3905694656]
[3905694720, 3905694784]
[3905694816, 3905694832]
[3905694896, 3905694912]
[3905694976, 3905695040]
[3905695072, 3905695088]
[3905695152, 3905695168]
[3905695232, 3905695296]
[3905695328, 3905695344]
[3905695408, 3905695424]
[3905695488, 3905695552]
[3905695584, 3905695600]
[3905695664, 3905695680]
[3905695744, 3905695808]
[3905695840, 3905695856]
[3905695920, 3905695936]
[3905696000, 3905696064]
[3905696096, 3905696112]
[3905696176, 3905696192]
[3905696256, 3905696320]
[3905696352, 3905696368]
[3905696432, 3905696448]
[3905696512, 3905696576]
[3905696608, 3905696624]
[3905696688, 3905696704]
[3905696768, 3905696832]
[3905696864, 3905696880]
[3905696944, 3905696960]
[3905697024, 3905697088]
[3905697120, 3905697136]
[3905697200, 3905697216]
[3905697280, 3905697344]
[3905697376, 3905697392]
[3905697456, 3905697472]
[3905697536, 3905697600]
[3905697632, 3905697648]
[3905697712, 3905697728]
[3905697792, 3905697856]
[3905697888, 3905697904]
[3905697968, 3905697984]
[3905698048, 3905698112]
[3905698144, 3905698160]
[3905698224, 3905698240]
[3905698304, 3905698368]
[3905698400, 3905698416]
[3905698480, 3905698496]
[3905698560, 3905698624]
[3905698656, 3905698672]
[3905698736, 3905698752]
[3905698816, 3905698880]
[3905698912, 3905698928]
[3905698992, 3905699008]
[3905699072, 3905699136]
[3905699168, 3905699184]
[3905699248, 3905699264]
[3905699328, 3905699392]
[3905699424, 3905699440]
[3905699504, 3905699520]
[3905699584, 3905699648]
[3905699680, 3905699696]
[3905699760, 3905699776]
[3905699840, 3905699904]
[3905699936, 3905699952]
[3905700016, 3905700032]
[3905700096, 3905700160]
[3905700192, 3905700208]
[3905700272, 3905700288]
[3905700352, 3905700416]
[3905700448, 3905700464]
[3905700528, 3905700544]
[3905700608, 3905700672]
[3905700704, 3905700720]
[3905700784, 3905700800]
[3905700864, 3905700928]
[3905700960, 3905700976]
[3905701040, 3905701056]
[3905701120, 3905701184]
[3905701216, 3905701232]
[3905701296, 3905701312]
[3905701376, 3905701440]
[3905701472, 3905701488]
[3905701552, 3905701568]
[3905701632, 3905701696]
[3905701728, 3905701744]
[3905701808, 3905701824]
[3905701888, 3905701952]
[3905701984, 3905702000]
[3905702064, 3905702080]
[3905702144, 3905702208]
[3905702240, 3905702256]
[3905702320, 3905702336]
[3905702400, 3905702464]
[3905702496, 3905702512]
[3905702576, 3905702592]
[3905702656, 3905702720]
[3905702752, 3905702768]
[3905702832, 3905702848]
[3905702912, 3905702976]
[3905703008, 3905703024]
[3905703088, 3905703104]
[3905703168, 3905703232]
[3905703264, 3905703280]
[3905703344, 3905703360]
[3905703424, 3905703488]
[3905703520, 3905703536]
[3905703600, 3905703616]
[3905703680, 3905703744]
[3905703776, 3905703792]
[3905703856, 3905703872]
[3905703936, 3905704000]
[3905704032, 3905704048]
[3905704112, 3905704128]
[3905704192, 3905704256]
[3905704288, 3905704304]
[3905704368, 3905704384]
[3905704448, 3905704512]
[3905704544, 3905704560]
[3905704624, 3905704640]
[3905704704, 3905704768]
[3905704800, 3905704816]
[3905704880, 3905704896]
[3905704960, 3905705024]
[3905705056, 3905705072]
[3905705136, 3905705152]
[3905705216, 3905705280]
[3905705312, 3905705328]
[3905705392, 3905705408]
[3905705472, 3905705536]
[3905705568, 3905705584]
[3905705648, 3905705664]
[3905705728, 3905705792]
[3905705824, 3905705840]
[3905705904, 3905705920]
[3905705984, 3905706048]
[3905706080, 3905706096]
[3905706160, 3905706176]
[3905706240, 3905706304]
[3905706336, 3905706352]
[3905706416, 3905706432]
[3905706496, 3905706560]
[3905706592, 3905706608]
[3905706672, 3905706688]
[3905706752, 3905706816]
[3905706848, 3905706864]
[3905706928, 3905706944]
[3905707008, 3905707072]
[3905707104, 3905707120]
[3905707184, 3905707200]
[3905707264, 3905707328]
[3905707360, 3905707376]
[3905707440, 3905707456]
[3905707520, 3905707584]
[3905707616, 3905707632]
[3905707696, 3905707712]
[3905707776, 3905707840]
[3905707872, 3905707888]
[3905707952, 3905707968]
[3905708032, 3905708096]
[3905708128, 3905708144]
[3905708208, 3905708224]
[3905708288, 3905708352]
[3905708384, 3905708400]
[3905708464, 3905708480]
[3905708544, 3905708608]
[3905708640, 3905708656]
[3905708720, 3905708736]
[3905708800, 3905708864]
[3905708896, 3905708912]
[3905708976, 3905708992]
[3905709056, 3905709120]
[3905709152, 3905709168]
[3905709232, 3905709248]
[3905709312, 3905709376]
[3905709408, 3905709424]
[3905709488, 3905709504]
[3905709568, 3905709632]
[3905709664, 3905709680]
[3905709744, 3905709760]
[3905709824, 3905709888]
[3905709920, 3905709936]
[3905710000, 3905710016]
[3905710080, 3905710144]
[3905710176, 3905710192]
[3905710256, 3905710272]
[3905710336, 3905710400]
[3905710432, 3905710448]
[3905710512, 3905710528]
[3905710592, 3905710656]
[3905710688, 3905710704]
[3905710768, 3905710784]
[3905710848, 3905710912]
[3905710944, 3905710960]
[3905711024, 3905711040]
[3905711104, 3905711168]
[3905711200, 3905711216]
[3905711280, 3905711296]
[3905711360, 3905711424]
[3905711456, 3905711472]
[3905711536, 3905711552]
[3905711616, 3905711680]
[3905711712, 3905711728]
[3905711792, 3905711808]
[3905711872, 3905711936]
[3905711968, 3905711984]
[3905712048, 3905712064]
[3905712128, 3905712192]
[3905712224, 3905712240]
[3905712304, 3905712320]
[3905712384, 3905712448]
[3905712480, 3905712496]
[3905712560, 3905712576]
[3905712640, 3905712704]
[3905712736, 3905712752]
[3905712816, 3905712832]
[3905712896, 3905712960]
[3905712992, 3905713008]
[3905713072, 3905713088]
[3905713152, 3905713216]
[3905713248, 3905713264]
[3905713328, 3905713344]
[3905713408, 3905713472]
[3905713504, 3905713520]
[3905713584, 3905713600]
[3905713664, 3905713728]
[3905713760, 3905713776]
[3905713840, 3905713856]
[3905713920, 3905713984]
[3905714016, 3905714032]
[3905714096, 3905714112]
[3905714176, 3905714240]
[3905714272, 3905714288]
[3905714352, 3905714368]
[3905714432, 3905714496]
[3905714528, 3905714544]
[3905714608, 3905714624]
[3905714688, 3905714752]
[3905714784, 3905714800]
[3905714864, 3905714880]
[3905714944, 3905715008]
[3905715040, 3905715056]
[3905715120, 3905715136]
[3905715200, 3905715264]
[3905715296, 3905715312]
[3905715376, 3905715392]
[3905715456, 3905715520]
[3905715552, 3905715568]
[3905715632, 3905715648]
[3905715712, 3905715776]
[3905715808, 3905715824]
[3905715888, 3905715904]
[3905715968, 3905716032]
[3905716064, 3905716080]
[3905716144, 3905716160]
[3905716224, 3905716288]
[3905716320, 3905716336]
[3905716400, 3905716416]
[3905716480, 3905716544]
[3905716576, 3905716592]
[3905716656, 3905716672]
[3905716736, 3905716800]
[3905716832, 3905716848]
[3905716912, 3905716928]
[3905716992, 3905717056]
[3905717088, 3905717104]
[3905717168, 3905717184]
[3905717248, 3905717312]
[3905717344, 3905717360]
[3905717424, 3905717440]
[3905717504, 3905717568]
[3905717600, 3905717616]
[3905717680, 3905717696]
[3905717760, 3905717824]
[3905717856, 3905717872]
[3905717936, 3905717952]
[3905718016, 3905718080]
[3905718112, 3905718128]
[3905718192, 3905718208]
[3905718272, 3905718336]
[3905718368, 3905718384]
[3905718448, 3905718464]
[3905718528, 3905718592]
[3905718624, 3905718640]
[3905718704, 3905718720]
[3905718784, 3905718848]
[3905718880, 3905718896]
[3905718960, 3905718976]
[3905719040, 3905719104]
[3905719136, 3905719152]
[3905719216, 3905719232]
[3905719296, 3905719360]
[3905719392, 3905719408]
[3905719472, 3905719488]
[3905719552, 3905719616]
[3905719648, 3905719664]
[3905719728, 3905719744]
[3905719808, 3905719872]
[3905719904, 3905719920]
[3905719984, 3905720000]
[3905720064, 3905720128]
[3905720160, 3905720176]
[3905720240, 3905720256]
[3905720320, 3905720384]
[3905720416, 3905720432]
[3905720496, 3905720512]
[3905720576, 3905720640]
[3905720672, 3905720688]
[3905720752, 3905720768]
[3905720832, 3905720896]
[3905720928, 3905720944]
[3905721008, 3905721024]
[3905721088, 3905721152]
[3905721184, 3905721200]
[3905721264, 3905721280]
[3905721344, 3905721408]
[3905721440, 3905721456]
[3905721520, 3905721536]
[3905721600, 3905721664]
[3905721696, 3905721712]
[3905721776, 3905721792]
[3905721856, 3905721920]
[3905721952, 3905721968]
[3905722032, 3905722048]
[3905722112, 3905722176]
[3905722208, 3905722224]
[3905722288, 3905722304]
[3905722368, 3905722432]
[3905722464, 3905722480]
[3905722544, 3905722560]
[3905722624, 3905722688]
[3905722720, 3905722736]
[3905722800, 3905722816]
[3905722880, 3905722944]
[3905722976, 3905722992]
[3905723056, 3905723072]
[3905723136, 3905723200]
[3905723232, 3905723248]
[3905723312, 3905723328]
[3905723392, 3905723456]
[3905723488, 3905723504]
[3905723568, 3905723584]
[3905723648, 3905723712]
[3905723744, 3905723760]
[3905723824, 3905723840]
[3905723904, 3905723968]
[3905724000, 3905724016]
[3905724080, 3905724096]
[3905724160, 3905724224]
[3905724256, 3905724272]
[3905724336, 3905724352]
[3905724416, 3905724480]
[3905724512, 3905724528]
[3905724592, 3905724608]
[3905724672, 3905724736]
[3905724768, 3905724784]
[3905724848, 3905724864]
[3905724928, 3905724992]
[3905725024, 3905725040]
[3905725104, 3905725120]
[3905725184, 3905725248]
[3905725280, 3905725296]
[3905725360, 3905725376]
[3905725440, 3905725504]
[3905725536, 3905725552]
[3905725616, 3905725632]
[3905725696, 3905725760]
[3905725792, 3905725808]
[3905725872, 3905725888]
[3905725952, 3905726016]
[3905726048, 3905726064]
[3905726128, 3905726144]
[3905726208, 3905726272]
[3905726304, 3905726320]
[3905726384, 3905726400]
[3905726464, 3905726528]
[3905726560, 3905726576]
[3905726640, 3905726656]
[3905726720, 3905726784]
[3905726816, 3905726832]
[3905726896, 3905726912]
[3905726976, 3905727040]
[3905727072, 3905727088]
[3905727152, 3905727168]
[3905727232, 3905727296]
[3905727328, 3905727344]
[3905727408, 3905727424]
[3905727488, 3905727552]
[3905727584, 3905727600]
[3905727664, 3905727680]
[3905727744, 3905727808]
[3905727840, 3905727856]
[3905727920, 3905727936]
[3905728000, 3905728064]
[3905728096, 3905728112]
[3905728176, 3905728192]
[3905728256, 3905728320]
[3905728352, 3905728368]
[3905728432, 3905728448]
[3905728512, 3905728576]
[3905728608, 3905728624]
[3905728688, 3905728704]
[3905728768, 3905728832]
[3905728864, 3905728880]
[3905728944, 3905728960]
[3905729024, 3905729088]
[3905729120, 3905729136]
[3905729200, 3905729216]
[3905729280, 3905729344]
[3905729376, 3905729392]
[3905729456, 3905729472]
[3905729536, 3905729600]
[3905729632, 3905729648]
[3905729712, 3905729728]
[3905729792, 3905729856]
[3905729888, 3905729904]
[3905729968, 3905729984]
[3905730048, 3905730112]
[3905730144, 3905730160]
[3905730224, 3905730240]
[3905730304, 3905730368]
[3905730400, 3905730416]
[3905730480, 3905730496]
[3905730560, 3905730624]
[3905730656, 3905730672]
[3905730736, 3905730752]
[3905730816, 3905730880]
[3905730912, 3905730928]
[3905730992, 3905731008]
[3905731072, 3905731136]
[3905731168, 3905731184]
[3905731248, 3905731264]
[3905731328, 3905731392]
[3905731424, 3905731440]
[3905731504, 3905731520]
[3905731584, 3905731648]
[3905731680, 3905731696]
[3905731760, 3905731776]
[3905731840, 3905731904]
[3905731936, 3905731952]
[3905732016, 3905732032]
[3905732096, 3905732160]
[3905732192, 3905732208]
[3905732272, 3905732288]
[3905732352, 3905732416]
[3905732448, 3905732464]
[3905732528, 3905732544]
[3905732608, 3905732672]
[3905732704, 3905732720]
[3905732784, 3905732800]
[3905732864, 3905732928]
[3905732960, 3905732976]
[3905733040, 3905733056]
[3905733120, 3905733184]
[3905733216, 3905733232]
[3905733296, 3905733312]
[3905733376, 3905733440]
[3905733472, 3905733488]
[3905733552, 3905733568]
[3905733632, 3905733696]
[3905733728, 3905733744]
[3905733808, 3905733824]
[3905733888, 3905733952]
[3905733984, 3905734000]
[3905734064, 3905734080]
[3905734144, 3905734208]
[3905734240, 3905734256]
[3905734320, 3905734336]
[3905734400, 3905734464]
[3905734496, 3905734512]
[3905734576, 3905734592]
[3905734656, 3905734720]
[3905734752, 3905734768]
[3905734832, 3905734848]
[3905734912, 3905734976]
[3905735008, 3905735024]
[3905735088, 3905735104]
[3905735168, 3905735232]
[3905735264, 3905735280]
[3905735344, 3905735360]
[3905735424, 3905735488]
[3905735520, 3905735536]
[3905735600, 3905735616]
[3905735680, 3905735744]
[3905735776, 3905735792]
[3905735856, 3905735872]
[3905735936, 3905736000]
[3905736032, 3905736048]
[3905736112, 3905736128]
[3905736192, 3905736256]
[3905736288, 3905736304]
[3905736368, 3905736384]
[3905736448, 3905736512]
[3905736544, 3905736560]
[3905736624, 3905736640]
[3905736704, 3905736768]
[3905736800, 3905736816]
[3905736880, 3905736896]
[3905736960, 3905737024]
[3905737056, 3905737072]
[3905737136, 3905737152]
[3905737216, 3905737280]
[3905737312, 3905737328]
[3905737392, 3905737408]
[3905737472, 3905737536]
[3905737568, 3905737584]
[3905737648, 3905737664]
[3905737728, 3905737792]
[3905737824, 3905737840]
[3905737904, 3905737920]
[3905737984, 3905738048]
[3905738080, 3905738096]
[3905738160, 3905738176]
[3905738240, 3905738304]
[3905738336, 3905738352]
[3905738416, 3905738432]
[3905738496, 3905738560]
[3905738592, 3905738608]
[3905738672, 3905738688]
[3905738752, 3905738816]
[3905738848, 3905738864]
[3905738928, 3905738944]
[3905739008, 3905739072]
[3905739104, 3905739120]
[3905739184, 3905739200]
[3905739264, 3905739328]
[3905739360, 3905739376]
[3905739440, 3905739456]
[3905739520, 3905739584]
[3905739616, 3905739632]
[3905739696, 3905739712]
[3905739776, 3905739840]
[3905739872, 3905739888]
[3905739952, 3905739968]
[3905740032, 3905740096]
[3905740128, 3905740144]
[3905740208, 3905740224]
[3905740288, 3905740352]
[3905740384, 3905740400]
[3905740464, 3905740480]
[3905740544, 3905740608]
[3905740640, 3905740656]
[3905740720, 3905740736]
[3905740800, 3905740864]
[3905740896, 3905740912]
[3905740976, 3905740992]
[3905741056, 3905741120]
[3905741152, 3905741168]
[3905741232, 3905741248]
[3905741312, 3905741376]
[3905741408, 3905741424]
[3905741488, 3905741504]
[3905741568, 3905741632]
[3905741664, 3905741680]
[3905741744, 3905741760]
[3905741824, 3905741888]
[3905741920, 3905741936]
[3905742000, 3905742016]
[3905742080, 3905742144]
[3905742176, 3905742192]
[3905742256, 3905742272]
[3905742336, 3905742400]
[3905742432, 3905742448]
[3905742512, 3905742528]
[3905742592, 3905742656]
[3905742688, 3905742704]
[3905742768, 3905742784]
[3905742848, 3905742912]
[3905742944, 3905742960]
[3905743024, 3905743040]
[3905743104, 3905743168]
[3905743200, 3905743216]
[3905743280, 3905743296]
[3905743360, 3905743424]
[3905743456, 3905743472]
[3905743536, 3905743552]
[3905743616, 3905743680]
[3905743712, 3905743728]
[3905743792, 3905743808]
[3905743872, 3905743936]
[3905743968, 3905743984]
[3905744048, 3905744064]
[3905744128, 3905744192]
[3905744224, 3905744240]
[3905744304, 3905744320]
[3905744384, 3905744448]
[3905744480, 3905744496]
[3905744560, 3905744576]
[3905744640, 3905744704]
[3905744736, 3905744752]
[3905744816, 3905744832]
[3905744896, 3905744960]
[3905744992, 3905745008]
[3905745072, 3905745088]
[3905745152, 3905745216]
[3905745248, 3905745264]
[3905745328, 3905745344]
[3905745408, 3905745472]
[3905745504, 3905745520]
[3905745584, 3905745600]
[3905745664, 3905745728]
[3905745760, 3905745776]
[3905745840, 3905745856]
[3905745920, 3905745984]
[3905746016, 3905746032]
[3905746096, 3905746112]
[3905746176, 3905746240]
[3905746272, 3905746288]
[3905746352, 3905746368]
[3905746432, 3905746496]
[3905746528, 3905746544]
[3905746608, 3905746624]
[3905746688, 3905746752]
[3905746784, 3905746800]
[3905746864, 3905746880]
[3905746944, 3905747008]
[3905747040, 3905747056]
[3905747120, 3905747136]
[3905747200, 3905747264]
[3905747296, 3905747312]
[3905747376, 3905747392]
[3905747456, 3905747520]
[3905747552, 3905747568]
[3905747632, 3905747648]
[3905747712, 3905747776]
[3905747808, 3905747824]
[3905747888, 3905747904]
[3905747968, 3905748032]
[3905748064, 3905748080]
[3905748144, 3905748160]
[3905748224, 3905748288]
[3905748320, 3905748336]
[3905748400, 3905748416]
[3905748480, 3905748544]
[3905748576, 3905748592]
[3905748656, 3905748672]
[3905748736, 3905748800]
[3905748832, 3905748848]
[3905748912, 3905748928]
[3905748992, 3905749056]
[3905749088, 3905749104]
[3905749168, 3905749184]
[3905749248, 3905749312]
[3905749344, 3905749360]
[3905749424, 3905749440]
[3905749504, 3905749568]
[3905749600, 3905749616]
[3905749680, 3905749696]
[3905749760, 3905749824]
[3905749856, 3905749872]
[3905749936, 3905749952]
[3905750016, 3905750080]
[3905750112, 3905750128]
[3905750192, 3905750208]
[3905750272, 3905750336]
[3905750368, 3905750384]
[3905750448, 3905750464]
[3905750528, 3905750592]
[3905750624, 3905750640]
[3905750704, 3905750720]
[3905750784, 3905750848]
[3905750880, 3905750896]
[3905750960, 3905750976]
[3905751040, 3905751104]
[3905751136, 3905751152]
[3905751216, 3905751232]
[3905751296, 3905751360]
[3905751392, 3905751408]
[3905751472, 3905751488]
[3905751552, 3905751616]
[3905751648, 3905751664]
[3905751728, 3905751744]
[3905751808, 3905751872]
[3905751904, 3905751920]
[3905751984, 3905752000]
[3905752064, 3905752128]
[3905752160, 3905752176]
[3905752240, 3905752256]
[3905752320, 3905752384]
[3905752416, 3905752432]
[3905752496, 3905752512]
[3905752576, 3905752640]
[3905752672, 3905752688]
[3905752752, 3905752768]
[3905752832, 3905752896]
[3905752928, 3905752944]
[3905753008, 3905753024]
[3905753088, 3905753152]
[3905753184, 3905753200]
[3905753264, 3905753280]
[3905753344, 3905753408]
[3905753440, 3905753456]
[3905753520, 3905753536]
[3905753600, 3905753664]
[3905753696, 3905753712]
[3905753776, 3905753792]
[3905753856, 3905753920]
[3905753952, 3905753968]
[3905754032, 3905754048]
[3905754112, 3905754176]
[3905754208, 3905754224]
[3905754288, 3905754304]
[3905754368, 3905754432]
[3905754464, 3905754480]
[3905754544, 3905754560]
[3905754624, 3905754688]
[3905754720, 3905754736]
[3905754800, 3905754816]
[3905754880, 3905754944]
[3905754976, 3905754992]
[3905755056, 3905755072]
[3905755136, 3905755200]
[3905755232, 3905755248]
[3905755312, 3905755328]
[3905755392, 3905755456]
[3905755488, 3905755504]
[3905755568, 3905755584]
[3905755648, 3905755712]
[3905755744, 3905755760]
[3905755824, 3905755840]
[3905755904, 3905755968]
[3905756000, 3905756016]
[3905756080, 3905756096]
[3905756160, 3905756224]
[3905756256, 3905756272]
[3905756336, 3905756352]
[3905756416, 3905756480]
[3905756512, 3905756528]
[3905756592, 3905756608]
[3905756672, 3905756736]
[3905756768, 3905756784]
[3905756848, 3905756864]
[3905756928, 3905756992]
[3905757024, 3905757040]
[3905757104, 3905757120]
[3905757184, 3905757248]
[3905757280, 3905757296]
[3905757360, 3905757376]
[3905757440, 3905757504]
[3905757536, 3905757552]
[3905757616, 3905757632]
[3905757696, 3905757760]
[3905757792, 3905757808]
[3905757872, 3905757888]
[3905757952, 3905758016]
[3905758048, 3905758064]
[3905758128, 3905758144]
[3905758208, 3905758272]
[3905758304, 3905758320]
[3905758384, 3905758400]
[3905758464, 3905758528]
[3905758560, 3905758576]
[3905758640, 3905758656]
[3905758720, 3905758784]
[3905758816, 3905758832]
[3905758896, 3905758912]
[3905758976, 3905759040]
[3905759072, 3905759088]
[3905759152, 3905759168]
[3905759232, 3905759296]
[3905759328, 3905759344]
[3905759408, 3905759424]
[3905759488, 3905759552]
[3905759584, 3905759600]
[3905759664, 3905759680]
[3905759744, 3905759808]
[3905759840, 3905759856]
[3905759920, 3905759936]
[3905760000, 3905760064]
[3905760096, 3905760112]
[3905760176, 3905760192]
[3905760256, 3905760320]
[3905760352, 3905760368]
[3905760432, 3905760448]
[3905760512, 3905760576]
[3905760608, 3905760624]
[3905760688, 3905760704]
[3905760768, 3905760832]
[3905760864, 3905760880]
[3905760944, 3905760960]
[3905761024, 3905761088]
[3905761120, 3905761136]
[3905761200, 3905761216]
[3905761280, 3905761344]
[3905761376, 3905761392]
[3905761456, 3905761472]
[3905761536, 3905761600]
[3905761632, 3905761648]
[3905761712, 3905761728]
[3905761792, 3905761856]
[3905761888, 3905761904]
[3905761968, 3905761984]
[3905762048, 3905762112]
[3905762144, 3905762160]
[3905762224, 3905762240]
[3905762304, 3905762368]
[3905762400, 3905762416]
[3905762480, 3905762496]
[3905762560, 3905762624]
[3905762656, 3905762672]
[3905762736, 3905762752]
[3905762816, 3905762880]
[3905762912, 3905762928]
[3905762992, 3905763008]
[3905763072, 3905763136]
[3905763168, 3905763184]
[3905763248, 3905763264]
[3905763328, 3905763392]
[3905763424, 3905763440]
[3905763504, 3905763520]
[3905763584, 3905763648]
[3905763680, 3905763696]
[3905763760, 3905763776]
[3905763840, 3905763904]
[3905763936, 3905763952]
[3905764016, 3905764032]
[3905764096, 3905764160]
[3905764192, 3905764208]
[3905764272, 3905764288]
[3905764352, 3905764416]
[3905764448, 3905764464]
[3905764528, 3905764544]
[3905764608, 3905764672]
[3905764704, 3905764720]
[3905764784, 3905764800]
[3905764864, 3905764928]
[3905764960, 3905764976]
[3905765040, 3905765056]
[3905765120, 3905765184]
[3905765216, 3905765232]
[3905765296, 3905765312]
[3905765376, 3905765440]
[3905765472, 3905765488]
[3905765552, 3905765568]
[3905765632, 3905765696]
[3905765728, 3905765744]
[3905765808, 3905765824]
[3905765888, 3905765952]
[3905765984, 3905766000]
[3905766064, 3905766080]
[3905766144, 3905766208]
[3905766240, 3905766256]
[3905766320, 3905766336]
[3905766400, 3905766464]
[3905766496, 3905766512]
[3905766576, 3905766592]
[3905766656, 3905766720]
[3905766752, 3905766768]
[3905766832, 3905766848]
[3905766912, 3905766976]
[3905767008, 3905767024]
[3905767088, 3905767104]
[3905767168, 3905767232]
[3905767264, 3905767280]
[3905767344, 3905767360]
[3905767424, 3905767488]
[3905767520, 3905767536]
[3905767600, 3905767616]
[3905767680, 3905767744]
[3905767776, 3905767792]
[3905767856, 3905767872]
[3905767936, 3905768000]
[3905768032, 3905768048]
[3905768112, 3905768128]
[3905768192, 3905768256]
[3905768288, 3905768304]
[3905768368, 3905768384]
[3905768448, 3905768512]
[3905768544, 3905768560]
[3905768624, 3905768640]
[3905768704, 3905768768]
[3905768800, 3905768816]
[3905768880, 3905768896]
[3905768960, 3905769024]
[3905769056, 3905769072]
[3905769136, 3905769152]
[3905769216, 3905769280]
[3905769312, 3905769328]
[3905769392, 3905769408]
[3905769472, 3905769536]
[3905769568, 3905769584]
[3905769648, 3905769664]
[3905769728, 3905769792]
[3905769824, 3905769840]
[3905769904, 3905769920]
[3905769984, 3905770048]
[3905770080, 3905770096]
[3905770160, 3905770176]
[3905770240, 3905770304]
[3905770336, 3905770352]
[3905770416, 3905770432]
[3905770496, 3905770560]
[3905770592, 3905770608]
[3905770672, 3905770688]
[3905770752, 3905770816]
[3905770848, 3905770864]
[3905770928, 3905770944]
[3905771008, 3905771072]
[3905771104, 3905771120]
[3905771184, 3905771200]
[3905771264, 3905771328]
[3905771360, 3905771376]
[3905771440, 3905771456]
[3905771520, 3905771584]
[3905771616, 3905771632]
[3905771696, 3905771712]
[3905771776, 3905771840]
[3905771872, 3905771888]
[3905771952, 3905771968]
[3905772032, 3905772096]
[3905772128, 3905772144]
[3905772208, 3905772224]
[3905772288, 3905772352]
[3905772384, 3905772400]
[3905772464, 3905772480]
[3905772544, 3905772608]
[3905772640, 3905772656]
[3905772720, 3905772736]
[3905772800, 3905772864]
[3905772896, 3905772912]
[3905772976, 3905772992]
[3905773056, 3905773120]
[3905773152, 3905773168]
[3905773232, 3905773248]
[3905773312, 3905773376]
[3905773408, 3905773424]
[3905773488, 3905773504]
[3905773568, 3905773632]
[3905773664, 3905773680]
[3905773744, 3905773760]
[3905773824, 3905773888]
[3905773920, 3905773936]
[3905774000, 3905774016]
[3905774080, 3905774144]
[3905774176, 3905774192]
[3905774256, 3905774272]
[3905774336, 3905774400]
[3905774432, 3905774448]
[3905774512, 3905774528]
[3905774592, 3905774656]
[3905774688, 3905774704]
[3905774768, 3905774784]
[3905774848, 3905774912]
[3905774944, 3905774960]
[3905775024, 3905775040]
[3905775104, 3905775168]
[3905775200, 3905775216]
[3905775280, 3905775296]
[3905775360, 3905775424]
[3905775456, 3905775472]
[3905775536, 3905775552]
[3905775616, 3905775680]
[3905775712, 3905775728]
[3905775792, 3905775808]
[3905775872, 3905775936]
[3905775968, 3905775984]
[3905776048, 3905776064]
[3905776128, 3905776192]
[3905776224, 3905776240]
[3905776304, 3905776320]
[3905776384, 3905776448]
[3905776480, 3905776496]
[3905776560, 3905776576]
[3905776640, 3905776704]
[3905776736, 3905776752]
[3905776816, 3905776832]
[3905776896, 3905776960]
[3905776992, 3905777008]
[3905777072, 3905777088]
[3905777152, 3905777216]
[3905777248, 3905777264]
[3905777328, 3905777344]
[3905777408, 3905777472]
[3905777504, 3905777520]
[3905777584, 3905777600]
[3905777664, 3905777728]
[3905777760, 3905777776]
[3905777840, 3905777856]
[3905777920, 3905777984]
[3905778016, 3905778032]
[3905778096, 3905778112]
[3905778176, 3905778240]
[3905778272, 3905778288]
[3905778352, 3905778368]
[3905778432, 3905778496]
[3905778528, 3905778544]
[3905778608, 3905778624]
[3905778688, 3905778752]
[3905778784, 3905778800]
[3905778864, 3905778880]
[3905778944, 3905779008]
[3905779040, 3905779056]
[3905779120, 3905779136]
[3905779200, 3905779264]
[3905779296, 3905779312]
[3905779376, 3905779392]
[3905779456, 3905779520]
[3905779552, 3905779568]
[3905779632, 3905779648]
[3905779712, 3905779776]
[3905779808, 3905779824]
[3905779888, 3905779904]
[3905779968, 3905780032]
[3905780064, 3905780080]
[3905780144, 3905780160]
[3905780224, 3905780288]
[3905780320, 3905780336]
[3905780400, 3905780416]
[3905780480, 3905780544]
[3905780576, 3905780592]
[3905780656, 3905780672]
[3905780736, 3905780800]
[3905780832, 3905780848]
[3905780912, 3905780928]
[3905780992, 3905781056]
[3905781088, 3905781104]
[3905781168, 3905781184]
[3905781248, 3905781312]
[3905781344, 3905781360]
[3905781424, 3905781440]
[3905781504, 3905781568]
[3905781600, 3905781616]
[3905781680, 3905781696]
[3905781760, 3905781824]
[3905781856, 3905781872]
[3905781936, 3905781952]
[3905782016, 3905782080]
[3905782112, 3905782128]
[3905782192, 3905782208]
[3905782272, 3905782336]
[3905782368, 3905782384]
[3905782448, 3905782464]
[3905782528, 3905782592]
[3905782624, 3905782640]
[3905782704, 3905782720]
[3905782784, 3905782848]
[3905782880, 3905782896]
[3905782960, 3905782976]
[3905783040, 3905783104]
[3905783136, 3905783152]
[3905783216, 3905783232]
[3905783296, 3905783360]
[3905783392, 3905783408]
[3905783472, 3905783488]
[3905783552, 3905783616]
[3905783648, 3905783664]
[3905783728, 3905783744]
[3905783808, 3905783872]
[3905783904, 3905783920]
[3905783984, 3905784000]
[3905784064, 3905784128]
[3905784160, 3905784176]
[3905784240, 3905784256]
[3905784320, 3905784384]
[3905784416, 3905784432]
[3905784496, 3905784512]
[3905784576, 3905784640]
[3905784672, 3905784688]
[3905784752, 3905784768]
[3905784832, 3905784896]
[3905784928, 3905784944]
[3905785008, 3905785024]
[3905785088, 3905785152]
[3905785184, 3905785200]
[3905785264, 3905785280]
[3905785344, 3905785408]
[3905785440, 3905785456]
[3905785520, 3905785536]
[3905785600, 3905785664]
[3905785696, 3905785712]
[3905785776, 3905785792]
[3905785856, 3905785920]
[3905785952, 3905785968]
[3905786032, 3905786048]
[3905786112, 3905786176]
[3905786208, 3905786224]
[3905786288, 3905786304]
[3905786368, 3905786432]
[3905786464, 3905786480]
[3905786544, 3905786560]
[3905786624, 3905786688]
[3905786720, 3905786736]
[3905786800, 3905786816]
[3905786880, 3905786944]
[3905786976, 3905786992]
[3905787056, 3905787072]
[3905787136, 3905787200]
[3905787232, 3905787248]
[3905787312, 3905787328]
[3905787392, 3905787456]
[3905787488, 3905787504]
[3905787568, 3905787584]
[3905787648, 3905787712]
[3905787744, 3905787760]
[3905787824, 3905787840]
[3905787904, 3905787968]
[3905788000, 3905788016]
[3905788080, 3905788096]
[3905788160, 3905788224]
[3905788256, 3905788272]
[3905788336, 3905788352]
[3905788416, 3905788480]
[3905788512, 3905788528]
[3905788592, 3905788608]
[3905788672, 3905788736]
[3905788768, 3905788784]
[3905788848, 3905788864]
[3905788928, 3905788992]
[3905789024, 3905789040]
[3905789104, 3905789120]
[3905789184, 3905789248]
[3905789280, 3905789296]
[3905789360, 3905789376]
[3905789440, 3905789504]
[3905789536, 3905789552]
[3905789616, 3905789632]
[3905789696, 3905789760]
[3905789792, 3905789808]
[3905789872, 3905789888]
[3905789952, 3905790016]
[3905790048, 3905790064]
[3905790128, 3905790144]
[3905790208, 3905790272]
[3905790304, 3905790320]
[3905790384, 3905790400]
[3905790464, 3905790528]
[3905790560, 3905790576]
[3905790640, 3905790656]
[3905790720, 3905790784]
[3905790816, 3905790832]
[3905790896, 3905790912]
[3905790976, 3905791040]
[3905791072, 3905791088]
[3905791152, 3905791168]
[3905791232, 3905791296]
[3905791328, 3905791344]
[3905791408, 3905791424]
[3905791488, 3905791552]
[3905791584, 3905791600]
[3905791664, 3905791680]
[3905791744, 3905791808]
[3905791840, 3905791856]
[3905791920, 3905791936]
[3905792000, 3905792064]
[3905792096, 3905792112]
[3905792176, 3905792192]
[3905792256, 3905792320]
[3905792352, 3905792368]
[3905792432, 3905792448]
[3905792512, 3905792576]
[3905792608, 3905792624]
[3905792688, 3905792704]
[3905792768, 3905792832]
[3905792864, 3905792880]
[3905792944, 3905792960]
[3905793024, 3905793088]
[3905793120, 3905793136]
[3905793200, 3905793216]
[3905793280, 3905793344]
[3905793376, 3905793392]
[3905793456, 3905793472]
[3905793536, 3905793600]
[3905793632, 3905793648]
[3905793712, 3905793728]
[3905793792, 3905793856]
[3905793888, 3905793904]
[3905793968, 3905793984]
[3905794048, 3905794112]
[3905794144, 3905794160]
[3905794224, 3905794240]
[3905794304, 3905794368]
[3905794400, 3905794416]
[3905794480, 3905794496]
[3905794560, 3905794624]
[3905794656, 3905794672]
[3905794736, 3905794752]
[3905794816, 3905794880]
[3905794912, 3905794928]
[3905794992, 3905795008]
[3905795072, 3905795136]
[3905795168, 3905795184]
[3905795248, 3905795264]
[3905795328, 3905795392]
[3905795424, 3905795440]
[3905795504, 3905795520]
[3905795584, 3905795648]
[3905795680, 3905795696]
[3905795760, 3905795776]
[3905795840, 3905795904]
[3905795936, 3905795952]
[3905796016, 3905796032]
[3905796096, 3905796160]
[3905796192, 3905796208]
[3905796272, 3905796288]
[3905796352, 3905796416]
[3905796448, 3905796464]
[3905796528, 3905796544]
[3905796608, 3905796672]
[3905796704, 3905796720]
[3905796784, 3905796800]
[3905796864, 3905796928]
[3905796960, 3905796976]
[3905797040, 3905797056]
[3905797120, 3905797184]
[3905797216, 3905797232]
[3905797296, 3905797312]
[3905797376, 3905797440]
[3905797472, 3905797488]
[3905797552, 3905797568]
[3905797632, 3905797696]
[3905797728, 3905797744]
[3905797808, 3905797824]
[3905797888, 3905797952]
[3905797984, 3905798000]
[3905798064, 3905798080]
[3905798144, 3905798208]
[3905798240, 3905798256]
[3905798320, 3905798336]
[3905798400, 3905798464]
[3905798496, 3905798512]
[3905798576, 3905798592]
[3905798656, 3905798720]
[3905798752, 3905798768]
[3905798832, 3905798848]
[3905798912, 3905798976]
[3905799008, 3905799024]
[3905799088, 3905799104]
[3905799168, 3905799232]
[3905799264, 3905799280]
[3905799344, 3905799360]
[3905799424, 3905799488]
[3905799520, 3905799536]
[3905799600, 3905799616]
[3905799680, 3905799744]
[3905799776, 3905799792]
[3905799856, 3905799872]
[3905799936, 3905800000]
[3905800032, 3905800048]
[3905800112, 3905800128]
[3905800192, 3905800256]
[3905800288, 3905800304]
[3905800368, 3905800384]
[3905800448, 3905800512]
[3905800544, 3905800560]
[3905800624, 3905800640]
[3905800704, 3905800768]
[3905800800, 3905800816]
[3905800880, 3905800896]
[3905800960, 3905801024]
[3905801056, 3905801072]
[3905801136, 3905801152]
[3905801216, 3905801280]
[3905801312, 3905801328]
[3905801392, 3905801408]
[3905801472, 3905801536]
[3905801568, 3905801584]
[3905801648, 3905801664]
[3905801728, 3905801792]
[3905801824, 3905801840]
[3905801904, 3905801920]
[3905801984, 3905802048]
[3905802080, 3905802096]
[3905802160, 3905802176]
[3905802240, 3905802304]
[3905802336, 3905802352]
[3905802416, 3905802432]
[3905802496, 3905802560]
[3905802592, 3905802608]
[3905802672, 3905802688]
[3905802752, 3905802816]
[3905802848, 3905802864]
[3905802928, 3905802944]
[3905803008, 3905803072]
[3905803104, 3905803120]
[3905803184, 3905803200]
[3905803264, 3905803328]
[3905803360, 3905803376]
[3905803440, 3905803456]
[3905803520, 3905803584]
[3905803616, 3905803632]
[3905803696, 3905803712]
[3905803776, 3905803840]
[3905803872, 3905803888]
[3905803952, 3905803968]
[3905804032, 3905804096]
[3905804128, 3905804144]
[3905804208, 3905804224]
[3905804288, 3905804352]
[3905804384, 3905804400]
[3905804464, 3905804480]
[3905804544, 3905804608]
[3905804640, 3905804656]
[3905804720, 3905804736]
[3905804800, 3905804864]
[3905804896, 3905804912]
[3905804976, 3905804992]
[3905805056, 3905805120]
[3905805152, 3905805168]
[3905805232, 3905805248]
[3905805312, 3905805376]
[3905805408, 3905805424]
[3905805488, 3905805504]
[3905805568, 3905805632]
[3905805664, 3905805680]
[3905805744, 3905805760]
[3905805824, 3905805888]
[3905805920, 3905805936]
[3905806000, 3905806016]
[3905806080, 3905806144]
[3905806176, 3905806192]
[3905806256, 3905806272]
[3905806336, 3905806400]
[3905806432, 3905806448]
[3905806512, 3905806528]
[3905806592, 3905806656]
[3905806688, 3905806704]
[3905806768, 3905806784]
[3905806848, 3905806912]
[3905806944, 3905806960]
[3905807024, 3905807040]
[3905807104, 3905807168]
[3905807200, 3905807216]
[3905807280, 3905807296]
[3905807360, 3905807424]
[3905807456, 3905807472]
[3905807536, 3905807552]
[3905807616, 3905807680]
[3905807712, 3905807728]
[3905807792, 3905807808]
[3905807872, 3905807936]
[3905807968, 3905807984]
[3905808048, 3905808064]
[3905808128, 3905808192]
[3905808224, 3905808240]
[3905808304, 3905808320]
[3905808384, 3905808448]
[3905808480, 3905808496]
[3905808560, 3905808576]
[3905808640, 3905808704]
[3905808736, 3905808752]
[3905808816, 3905808832]
[3905808896, 3905808960]
[3905808992, 3905809008]
[3905809072, 3905809088]
[3905809152, 3905809216]
[3905809248, 3905809264]
[3905809328, 3905809344]
[3905809408, 3905809472]
[3905809504, 3905809520]
[3905809584, 3905809600]
[3905809664, 3905809728]
[3905809760, 3905809776]
[3905809840, 3905809856]
[3905809920, 3905809984]
[3905810016, 3905810032]
[3905810096, 3905810112]
[3905810176, 3905810240]
[3905810272, 3905810288]
[3905810352, 3905810368]
[3905810432, 3905810496]
[3905810528, 3905810544]
[3905810608, 3905810624]
[3905810688, 3905810752]
[3905810784, 3905810800]
[3905810864, 3905810880]
[3905810944, 3905811008]
[3905811040, 3905811056]
[3905811120, 3905811136]
[3905811200, 3905811264]
[3905811296, 3905811312]
[3905811376, 3905811392]
[3905811456, 3905811520]
[3905811552, 3905811568]
[3905811632, 3905811648]
[3905811712, 3905811776]
[3905811808, 3905811824]
[3905811888, 3905811904]
[3905811968, 3905812032]
[3905812064, 3905812080]
[3905812144, 3905812160]
[3905812224, 3905812288]
[3905812320, 3905812336]
[3905812400, 3905812416]
[3905812480, 3905812544]
[3905812576, 3905812592]
[3905812656, 3905812672]
[3905812736, 3905812800]
[3905812832, 3905812848]
[3905812912, 3905812928]
[3905812992, 3905813056]
[3905813088, 3905813104]
[3905813168, 3905813184]
[3905813248, 3905813312]
[3905813344, 3905813360]
[3905813424, 3905813440]
[3905813504, 3905813568]
[3905813600, 3905813616]
[3905813680, 3905813696]
[3905813760, 3905813824]
[3905813856, 3905813872]
[3905813936, 3905813952]
[3905814016, 3905814080]
[3905814112, 3905814128]
[3905814192, 3905814208]
[3905814272, 3905814336]
[3905814368, 3905814384]
[3905814448, 3905814464]
[3905814528, 3905814592]
[3905814624, 3905814640]
[3905814704, 3905814720]
[3905814784, 3905814848]
[3905814880, 3905814896]
[3905814960, 3905814976]
[3905815040, 3905815104]
[3905815136, 3905815152]
[3905815216, 3905815232]
[3905815296, 3905815360]
[3905815392, 3905815408]
[3905815472, 3905815488]
[3905815552, 3905815616]
[3905815648, 3905815664]
[3905815728, 3905815744]
[3905815808, 3905815872]
[3905815904, 3905815920]
[3905815984, 3905816000]
[3905816064, 3905816128]
[3905816160, 3905816176]
[3905816240, 3905816256]
[3905816320, 3905816384]
[3905816416, 3905816432]
[3905816496, 3905816512]
[3905816576, 3905816640]
[3905816672, 3905816688]
[3905816752, 3905816768]
[3905816832, 3905816896]
[3905816928, 3905816944]
[3905817008, 3905817024]
[3905817088, 3905817152]
[3905817184, 3905817200]
[3905817264, 3905817280]
[3905817344, 3905817408]
[3905817440, 3905817456]
[3905817520, 3905817536]
[3905817600, 3905817664]
[3905817696, 3905817712]
[3905817776, 3905817792]
[3905817856, 3905817920]
[3905817952, 3905817968]
[3905818032, 3905818048]
[3905818112, 3905818176]
[3905818208, 3905818224]
[3905818288, 3905818304]
[3905818368, 3905818432]
[3905818464, 3905818480]
[3905818544, 3905818560]
[3905818624, 3905818688]
[3905818720, 3905818736]
[3905818800, 3905818816]
[3905818880, 3905818944]
[3905818976, 3905818992]
[3905819056, 3905819072]
[3905819136, 3905819200]
[3905819232, 3905819248]
[3905819312, 3905819328]
[3905819392, 3905819456]
[3905819488, 3905819504]
[3905819568, 3905819584]
[3905819648, 3905819712]
[3905819744, 3905819760]
[3905819824, 3905819840]
[3905819904, 3905819968]
[3905820000, 3905820016]
[3905820080, 3905820096]
[3905820160, 3905820224]
[3905820256, 3905820272]
[3905820336, 3905820352]
[3905820416, 3905820480]
[3905820512, 3905820528]
[3905820592, 3905820608]
[3905820672, 3905820736]
[3905820768, 3905820784]
[3905820848, 3905820864]
[3905820928, 3905820992]
[3905821024, 3905821040]
[3905821104, 3905821120]
[3905821184, 3905821248]
[3905821280, 3905821296]
[3905821360, 3905821376]
[3905821440, 3905821504]
[3905821536, 3905821552]
[3905821616, 3905821632]
[3905821696, 3905821760]
[3905821792, 3905821808]
[3905821872, 3905821888]
[3905821952, 3905822016]
[3905822048, 3905822064]
[3905822128, 3905822144]
[3905822208, 3905822272]
[3905822304, 3905822320]
[3905822384, 3905822400]
[3905822464, 3905822528]
[3905822560, 3905822576]
[3905822640, 3905822656]
[3905822720, 3905822784]
[3905822816, 3905822832]
[3905822896, 3905822912]
[3905822976, 3905823040]
[3905823072, 3905823088]
[3905823152, 3905823168]
[3905823232, 3905823296]
[3905823328, 3905823344]
[3905823408, 3905823424]
[3905823488, 3905823552]
[3905823584, 3905823600]
[3905823664, 3905823680]
[3905823744, 3905823808]
[3905823840, 3905823856]
[3905823920, 3905823936]
[3905824000, 3905824064]
[3905824096, 3905824112]
[3905824176, 3905824192]
[3905824256, 3905824320]
[3905824352, 3905824368]
[3905824432, 3905824448]
[3905824512, 3905824576]
[3905824608, 3905824624]
[3905824688, 3905824704]
[3905824768, 3905824832]
[3905824864, 3905824880]
[3905824944, 3905824960]
[3905825024, 3905825088]
[3905825120, 3905825136]
[3905825200, 3905825216]
[3905825280, 3905825344]
[3905825376, 3905825392]
[3905825456, 3905825472]
[3905825536, 3905825600]
[3905825632, 3905825648]
[3905825712, 3905825728]
[3905825792, 3905825856]
[3905825888, 3905825904]
[3905825968, 3905825984]
[3905826048, 3905826112]
[3905826144, 3905826160]
[3905826224, 3905826240]
[3905826304, 3905826368]
[3905826400, 3905826416]
[3905826480, 3905826496]
[3905826560, 3905826624]
[3905826656, 3905826672]
[3905826736, 3905826752]
[3905826816, 3905826880]
[3905826912, 3905826928]
[3905826992, 3905827008]
[3905827072, 3905827136]
[3905827168, 3905827184]
[3905827248, 3905827264]
[3905827328, 3905827392]
[3905827424, 3905827440]
[3905827504, 3905827520]
[3905827584, 3905827648]
[3905827680, 3905827696]
[3905827760, 3905827776]
[3905827840, 3905827904]
[3905827936, 3905827952]
[3905828016, 3905828032]
[3905828096, 3905828160]
[3905828192, 3905828208]
[3905828272, 3905828288]
[3905828352, 3905828416]
[3905828448, 3905828464]
[3905828528, 3905828544]
[3905828608, 3905828672]
[3905828704, 3905828720]
[3905828784, 3905828800]
[3905828864, 3905828928]
[3905828960, 3905828976]
[3905829040, 3905829056]
[3905829120, 3905829184]
[3905829216, 3905829232]
[3905829296, 3905829312]
[3905829376, 3905829440]
[3905829472, 3905829488]
[3905829552, 3905829568]
[3905829632, 3905829696]
[3905829728, 3905829744]
[3905829808, 3905829824]
[3905829888, 3905829952]
[3905829984, 3905830000]
[3905830064, 3905830080]
[3905830144, 3905830208]
[3905830240, 3905830256]
[3905830320, 3905830336]
[3905830400, 3905830464]
[3905830496, 3905830512]
[3905830576, 3905830592]
[3905830656, 3905830720]
[3905830752, 3905830768]
[3905830832, 3905830848]
[3905830912, 3905830976]
[3905831008, 3905831024]
[3905831088, 3905831104]
[3905831168, 3905831232]
[3905831264, 3905831280]
[3905831344, 3905831360]
[3905831424, 3905831488]
[3905831520, 3905831536]
[3905831600, 3905831616]
[3905831680, 3905831744]
[3905831776, 3905831792]
[3905831856, 3905831872]
[3905831936, 3905832000]
[3905832032, 3905832048]
[3905832112, 3905832128]
[3905832192, 3905832256]
[3905832288, 3905832304]
[3905832368, 3905832384]
[3905832448, 3905832512]
[3905832544, 3905832560]
[3905832624, 3905832640]
[3905832704, 3905832768]
[3905832800, 3905832816]
[3905832880, 3905832896]
[3905832960, 3905833024]
[3905833056, 3905833072]
[3905833136, 3905833152]
[3905833216, 3905833280]
[3905833312, 3905833328]
[3905833392, 3905833408]
[3905833472, 3905833536]
[3905833568, 3905833584]
[3905833648, 3905833664]
[3905833728, 3905833792]
[3905833824, 3905833840]
[3905833904, 3905833920]
[3905833984, 3905834048]
[3905834080, 3905834096]
[3905834160, 3905834176]
[3905834240, 3905834304]
[3905834336, 3905834352]
[3905834416, 3905834432]
[3905834496, 3905834560]
[3905834592, 3905834608]
[3905834672, 3905834688]
[3905834752, 3905834816]
[3905834848, 3905834864]
[3905834928, 3905834944]
[3905835008, 3905835072]
[3905835104, 3905835120]
[3905835184, 3905835200]
[3905835264, 3905835328]
[3905835360, 3905835376]
[3905835440, 3905835456]
[3905835520, 3905835584]
[3905835616, 3905835632]
[3905835696, 3905835712]
[3905835776, 3905835840]
[3905835872, 3905835888]
[3905835952, 3905835968]
[3905836032, 3905836096]
[3905836128, 3905836144]
[3905836208, 3905836224]
[3905836288, 3905836352]
[3905836384, 3905836400]
[3905836464, 3905836480]
[3905836544, 3905836608]
[3905836640, 3905836656]
[3905836720, 3905836736]
[3905836800, 3905836864]
[3905836896, 3905836912]
[3905836976, 3905836992]
[3905837056, 3905837120]
[3905837152, 3905837168]
[3905837232, 3905837248]
[3905837312, 3905837376]
[3905837408, 3905837424]
[3905837488, 3905837504]
[3905837568, 3905837632]
[3905837664, 3905837680]
[3905837744, 3905837760]
[3905837824, 3905837888]
[3905837920, 3905837936]
[3905838000, 3905838016]
[3905838080, 3905838144]
[3905838176, 3905838192]
[3905838256, 3905838272]
[3905838336, 3905838400]
[3905838432, 3905838448]
[3905838512, 3905838528]
[3905838592, 3905838656]
[3905838688, 3905838704]
[3905838768, 3905838784]
[3905838848, 3905838912]
[3905838944, 3905838960]
[3905839024, 3905839040]
[3905839104, 3905839168]
[3905839200, 3905839216]
[3905839280, 3905839296]
[3905839360, 3905839424]
[3905839456, 3905839472]
[3905839536, 3905839552]
[3905839616, 3905839680]
[3905839712, 3905839728]
[3905839792, 3905839808]
[3905839872, 3905839936]
[3905839968, 3905839984]
[3905840048, 3905840064]
[3905840128, 3905840192]
[3905840224, 3905840240]
[3905840304, 3905840320]
[3905840384, 3905840448]
[3905840480, 3905840496]
[3905840560, 3905840576]
[3905840640, 3905840704]
[3905840736, 3905840752]
[3905840816, 3905840832]
[3905840896, 3905840960]
[3905840992, 3905841008]
[3905841072, 3905841088]
[3905841152, 3905841216]
[3905841248, 3905841264]
[3905841328, 3905841344]
[3905841408, 3905841472]
[3905841504, 3905841520]
[3905841584, 3905841600]
[3905841664, 3905841728]
[3905841760, 3905841776]
[3905841840, 3905841856]
[3905841920, 3905841984]
[3905842016, 3905842032]
[3905842096, 3905842112]
[3905842176, 3905842240]
[3905842272, 3905842288]
[3905842352, 3905842368]
[3905842432, 3905842496]
[3905842528, 3905842544]
[3905842608, 3905842624]
[3905842688, 3905842752]
[3905842784, 3905842800]
[3905842864, 3905842880]
[3905842944, 3905843008]
[3905843040, 3905843056]
[3905843120, 3905843136]
[3905843200, 3905843264]
[3905843296, 3905843312]
[3905843376, 3905843392]
[3905843456, 3905843520]
[3905843552, 3905843568]
[3905843632, 3905843648]
[3905843712, 3905843776]
[3905843808, 3905843824]
[3905843888, 3905843904]
[3905843968, 3905844032]
[3905844064, 3905844080]
[3905844144, 3905844160]
[3905844224, 3905844288]
[3905844320, 3905844336]
[3905844400, 3905844416]
[3905844480, 3905844544]
[3905844576, 3905844592]
[3905844656, 3905844672]
[3905844736, 3905844800]
[3905844832, 3905844848]
[3905844912, 3905844928]
[3905844992, 3905845056]
[3905845088, 3905845104]
[3905845168, 3905845184]
[3905845248, 3905845312]
[3905845344, 3905845360]
[3905845424, 3905845440]
[3905845504, 3905845568]
[3905845600, 3905845616]
[3905845680, 3905845696]
[3905845760, 3905845824]
[3905845856, 3905845872]
[3905845936, 3905845952]
[3905846016, 3905846080]
[3905846112, 3905846128]
[3905846192, 3905846208]
[3905846272, 3905846336]
[3905846368, 3905846384]
[3905846448, 3905846464]
[3905846528, 3905846592]
[3905846624, 3905846640]
[3905846704, 3905846720]
[3905846784, 3905846848]
[3905846880, 3905846896]
[3905846960, 3905846976]
[3905847040, 3905847104]
[3905847136, 3905847152]
[3905847216, 3905847232]
[3905847296, 3905847360]
[3905847392, 3905847408]
[3905847472, 3905847488]
[3905847552, 3905847616]
[3905847648, 3905847664]
[3905847728, 3905847744]
[3905847808, 3905847872]
[3905847904, 3905847920]
[3905847984, 3905848000]
[3905848064, 3905848128]
[3905848160, 3905848176]
[3905848240, 3905848256]
[3905848320, 3905848384]
[3905848416, 3905848432]
[3905848496, 3905848512]
[3905848576, 3905848640]
[3905848672, 3905848688]
[3905848752, 3905848768]
[3905848832, 3905848896]
[3905848928, 3905848944]
[3905849008, 3905849024]
[3905849088, 3905849152]
[3905849184, 3905849200]
[3905849264, 3905849280]
[3905849344, 3905849408]
[3905849440, 3905849456]
[3905849520, 3905849536]
[3905849600, 3905849664]
[3905849696, 3905849712]
[3905849776, 3905849792]
[3905849856, 3905849920]
[3905849952, 3905849968]
[3905850032, 3905850048]
[3905850112, 3905850176]
[3905850208, 3905850224]
[3905850288, 3905850304]
[3905850368, 3905850432]
[3905850464, 3905850480]
[3905850544, 3905850560]
[3905850624, 3905850688]
[3905850720, 3905850736]
[3905850800, 3905850816]
[3905850880, 3905850944]
[3905850976, 3905850992]
[3905851056, 3905851072]
[3905851136, 3905851200]
[3905851232, 3905851248]
[3905851312, 3905851328]
[3905851392, 3905851456]
[3905851488, 3905851504]
[3905851568, 3905851584]
[3905851648, 3905851712]
[3905851744, 3905851760]
[3905851824, 3905851840]
[3905851904, 3905851968]
[3905852000, 3905852016]
[3905852080, 3905852096]
[3905852160, 3905852224]
[3905852256, 3905852272]
[3905852336, 3905852352]
[3905852416, 3905852480]
[3905852512, 3905852528]
[3905852592, 3905852608]
[3905852672, 3905852736]
[3905852768, 3905852784]
[3905852848, 3905852864]
[3905852928, 3905852992]
[3905853024, 3905853040]
[3905853104, 3905853120]
[3905853184, 3905853248]
[3905853280, 3905853296]
[3905853360, 3905853376]
[3905853440, 3905853504]
[3905853536, 3905853552]
[3905853616, 3905853632]
[3905853696, 3905853760]
[3905853792, 3905853808]
[3905853872, 3905853888]
[3905853952, 3905854016]
[3905854048, 3905854064]
[3905854128, 3905854144]
[3905854208, 3905854272]
[3905854304, 3905854320]
[3905854384, 3905854400]
[3905854464, 3905854528]
[3905854560, 3905854576]
[3905854640, 3905854656]
[3905854720, 3905854784]
[3905854816, 3905854832]
[3905854896, 3905854912]
[3905854976, 3905855040]
[3905855072, 3905855088]
[3905855152, 3905855168]
[3905855232, 3905855296]
[3905855328, 3905855344]
[3905855408, 3905855424]
[3905855488, 3905855552]
[3905855584, 3905855600]
[3905855664, 3905855680]
[3905855744, 3905855808]
[3905855840, 3905855856]
[3905855920, 3905855936]
[3905856000, 3905856064]
[3905856096, 3905856112]
[3905856176, 3905856192]
[3905856256, 3905856320]
[3905856352, 3905856368]
[3905856432, 3905856448]
[3905856512, 3905856576]
[3905856608, 3905856624]
[3905856688, 3905856704]
[3905856768, 3905856832]
[3905856864, 3905856880]
[3905856944, 3905856960]
[3905857024, 3905857088]
[3905857120, 3905857136]
[3905857200, 3905857216]
[3905857280, 3905857344]
[3905857376, 3905857392]
[3905857456, 3905857472]
[3905857536, 3905857600]
[3905857632, 3905857648]
[3905857712, 3905857728]
[3905857792, 3905857856]
[3905857888, 3905857904]
[3905857968, 3905857984]
[3905858048, 3905858112]
[3905858144, 3905858160]
[3905858224, 3905858240]
[3905858304, 3905858368]
[3905858400, 3905858416]
[3905858480, 3905858496]
[3905858560, 3905858624]
[3905858656, 3905858672]
[3905858736, 3905858752]
[3905858816, 3905858880]
[3905858912, 3905858928]
[3905858992, 3905859008]
[3905859072, 3905859136]
[3905859168, 3905859184]
[3905859248, 3905859264]
[3905859328, 3905859392]
[3905859424, 3905859440]
[3905859504, 3905859520]
[3905859584, 3905859648]
[3905859680, 3905859696]
[3905859760, 3905859776]
[3905859840, 3905859904]
[3905859936, 3905859952]
[3905860016, 3905860032]
[3905860096, 3905860160]
[3905860192, 3905860208]
[3905860272, 3905860288]
[3905860352, 3905860416]
[3905860448, 3905860464]
[3905860528, 3905860544]
[3905860608, 3905860672]
[3905860704, 3905860720]
[3905860784, 3905860800]
[3905860864, 3905860928]
[3905860960, 3905860976]
[3905861040, 3905861056]
[3905861120, 3905861184]
[3905861216, 3905861232]
[3905861296, 3905861312]
[3905861376, 3905861440]
[3905861472, 3905861488]
[3905861552, 3905861568]
[3905861632, 3905861696]
[3905861728, 3905861744]
[3905861808, 3905861824]
[3905861888, 3905861952]
[3905861984, 3905862000]
[3905862064, 3905862080]
[3905862144, 3905862208]
[3905862240, 3905862256]
[3905862320, 3905862336]
[3905862400, 3905862464]
[3905862496, 3905862512]
[3905862576, 3905862592]
[3905862656, 3905862720]
[3905862752, 3905862768]
[3905862832, 3905862848]
[3905862912, 3905862976]
[3905863008, 3905863024]
[3905863088, 3905863104]
[3905863168, 3905863232]
[3905863264, 3905863280]
[3905863344, 3905863360]
[3905863424, 3905863488]
[3905863520, 3905863536]
[3905863600, 3905863616]
[3905863680, 3905863744]
[3905863776, 3905863792]
[3905863856, 3905863872]
[3905863936, 3905864000]
[3905864032, 3905864048]
[3905864112, 3905864128]
[3905864192, 3905864256]
[3905864288, 3905864304]
[3905864368, 3905864384]
[3905864448, 3905864512]
[3905864544, 3905864560]
[3905864624, 3905864640]
[3905864704, 3905864768]
[3905864800, 3905864816]
[3905864880, 3905864896]
[3905864960, 3905865024]
[3905865056, 3905865072]
[3905865136, 3905865152]
[3905865216, 3905865280]
[3905865312, 3905865328]
[3905865392, 3905865408]
[3905865472, 3905865536]
[3905865568, 3905865584]
[3905865648, 3905865664]
[3905865728, 3905865792]
[3905865824, 3905865840]
[3905865904, 3905865920]
[3905865984, 3905866048]
[3905866080, 3905866096]
[3905866160, 3905866176]
[3905866240, 3905866304]
[3905866336, 3905866352]
[3905866416, 3905866432]
[3905866496, 3905866560]
[3905866592, 3905866608]
[3905866672, 3905866688]
[3905866752, 3905866816]
[3905866848, 3905866864]
[3905866928, 3905866944]
[3905867008, 3905867072]
[3905867104, 3905867120]
[3905867184, 3905867200]
[3905867264, 3905867328]
[3905867360, 3905867376]
[3905867440, 3905867456]
[3905867520, 3905867584]
[3905867616, 3905867632]
[3905867696, 3905867712]
[3905867776, 3905867840]
[3905867872, 3905867888]
[3905867952, 3905867968]
[3905868032, 3905868096]
[3905868128, 3905868144]
[3905868208, 3905868224]
[3905868288, 3905868352]
[3905868384, 3905868400]
[3905868464, 3905868480]
[3905868544, 3905868608]
[3905868640, 3905868656]
[3905868720, 3905868736]
[3905868800, 3905868864]
[3905868896, 3905868912]
[3905868976, 3905868992]
[3905869056, 3905869120]
[3905869152, 3905869168]
[3905869232, 3905869248]
[3905869312, 3905869376]
[3905869408, 3905869424]
[3905869488, 3905869504]
[3905869568, 3905869632]
[3905869664, 3905869680]
[3905869744, 3905869760]
[3905869824, 3905869888]
[3905869920, 3905869936]
[3905870000, 3905870016]
[3905870080, 3905870144]
[3905870176, 3905870192]
[3905870256, 3905870272]
[3905870336, 3905870400]
[3905870432, 3905870448]
[3905870512, 3905870528]
[3905870592, 3905870656]
[3905870688, 3905870704]
[3905870768, 3905870784]
[3905870848, 3905870912]
[3905870944, 3905870960]
[3905871024, 3905871040]
[3905871104, 3905871168]
[3905871200, 3905871216]
[3905871280, 3905871296]
[3905871360, 3905871424]
[3905871456, 3905871472]
[3905871536, 3905871552]
[3905871616, 3905871680]
[3905871712, 3905871728]
[3905871792, 3905871808]
[3905871872, 3905871936]
[3905871968, 3905871984]
[3905872048, 3905872064]
[3905872128, 3905872192]
[3905872224, 3905872240]
[3905872304, 3905872320]
[3905872384, 3905872448]
[3905872480, 3905872496]
[3905872560, 3905872576]
[3905872640, 3905872704]
[3905872736, 3905872752]
[3905872816, 3905872832]
[3905872896, 3905872960]
[3905872992, 3905873008]
[3905873072, 3905873088]
[3905873152, 3905873216]
[3905873248, 3905873264]
[3905873328, 3905873344]
[3905873408, 3905873472]
[3905873504, 3905873520]
[3905873584, 3905873600]
[3905873664, 3905873728]
[3905873760, 3905873776]
[3905873840, 3905873856]
[3905873920, 3905873984]
[3905874016, 3905874032]
[3905874096, 3905874112]
[3905874176, 3905874240]
[3905874272, 3905874288]
[3905874352, 3905874368]
[3905874432, 3905874496]
[3905874528, 3905874544]
[3905874608, 3905874624]
[3905874688, 3905874752]
[3905874784, 3905874800]
[3905874864, 3905874880]
[3905874944, 3905875008]
[3905875040, 3905875056]
[3905875120, 3905875136]
[3905875200, 3905875264]
[3905875296, 3905875312]
[3905875376, 3905875392]
[3905875456, 3905875520]
[3905875552, 3905875568]
[3905875632, 3905875648]
[3905875712, 3905875776]
[3905875808, 3905875824]
[3905875888, 3905875904]
[3905875968, 3905876032]
[3905876064, 3905876080]
[3905876144, 3905876160]
[3905876224, 3905876288]
[3905876320, 3905876336]
[3905876400, 3905876416]
[3905876480, 3905876544]
[3905876576, 3905876592]
[3905876656, 3905876672]
[3905876736, 3905876800]
[3905876832, 3905876848]
[3905876912, 3905876928]
[3905876992, 3905877056]
[3905877088, 3905877104]
[3905877168, 3905877184]
[3905877248, 3905877312]
[3905877344, 3905877360]
[3905877424, 3905877440]
[3905877504, 3905877568]
[3905877600, 3905877616]
[3905877680, 3905877696]
[3905877760, 3905877824]
[3905877856, 3905877872]
[3905877936, 3905877952]
[3905878016, 3905878080]
[3905878112, 3905878128]
[3905878192, 3905878208]
[3905878272, 3905878336]
[3905878368, 3905878384]
[3905878448, 3905878464]
[3905878528, 3905878592]
[3905878624, 3905878640]
[3905878704, 3905878720]
[3905878784, 3905878848]
[3905878880, 3905878896]
[3905878960, 3905878976]
[3905879040, 3905879104]
[3905879136, 3905879152]
[3905879216, 3905879232]
[3905879296, 3905879360]
[3905879392, 3905879408]
[3905879472, 3905879488]
[3905879552, 3905879616]
[3905879648, 3905879664]
[3905879728, 3905879744]
[3905879808, 3905879872]
[3905879904, 3905879920]
[3905879984, 3905880000]
[3905880064, 3905880128]
[3905880160, 3905880176]
[3905880240, 3905880256]
[3905880320, 3905880384]
[3905880416, 3905880432]
[3905880496, 3905880512]
[3905880576, 3905880640]
[3905880672, 3905880688]
[3905880752, 3905880768]
[3905880832, 3905880896]
[3905880928, 3905880944]
[3905881008, 3905881024]
[3905881088, 3905881152]
[3905881184, 3905881200]
[3905881264, 3905881280]
[3905881344, 3905881408]
[3905881440, 3905881456]
[3905881520, 3905881536]
[3905881600, 3905881664]
[3905881696, 3905881712]
[3905881776, 3905881792]
[3905881856, 3905881920]
[3905881952, 3905881968]
[3905882032, 3905882048]
[3905882112, 3905882176]
[3905882208, 3905882224]
[3905882288, 3905882304]
[3905882368, 3905882432]
[3905882464, 3905882480]
[3905882544, 3905882560]
[3905882624, 3905882688]
[3905882720, 3905882736]
[3905882800, 3905882816]
[3905882880, 3905882944]
[3905882976, 3905882992]
[3905883056, 3905883072]
[3905883136, 3905883200]
[3905883232, 3905883248]
[3905883312, 3905883328]
[3905883392, 3905883456]
[3905883488, 3905883504]
[3905883568, 3905883584]
[3905883648, 3905883712]
[3905883744, 3905883760]
[3905883824, 3905883840]
[3905883904, 3905883968]
[3905884000, 3905884016]
[3905884080, 3905884096]
[3905884160, 3905884224]
[3905884256, 3905884272]
[3905884336, 3905884352]
[3905884416, 3905884480]
[3905884512, 3905884528]
[3905884592, 3905884608]
[3905884672, 3905884736]
[3905884768, 3905884784]
[3905884848, 3905884864]
[3905884928, 3905884992]
[3905885024, 3905885040]
[3905885104, 3905885120]
[3905885184, 3905885248]
[3905885280, 3905885296]
[3905885360, 3905885376]
[3905885440, 3905885504]
[3905885536, 3905885552]
[3905885616, 3905885632]
[3905885696, 3905885760]
[3905885792, 3905885808]
[3905885872, 3905885888]
[3905885952, 3905886016]
[3905886048, 3905886064]
[3905886128, 3905886144]
[3905886208, 3905886272]
[3905886304, 3905886320]
[3905886384, 3905886400]
[3905886464, 3905886528]
[3905886560, 3905886576]
[3905886640, 3905886656]
[3905886720, 3905886784]
[3905886816, 3905886832]
[3905886896, 3905886912]
[3905886976, 3905887040]
[3905887072, 3905887088]
[3905887152, 3905887168]
[3905887232, 3905887296]
[3905887328, 3905887344]
[3905887408, 3905887424]
[3905887488, 3905887552]
[3905887584, 3905887600]
[3905887664, 3905887680]
[3905887744, 3905887808]
[3905887840, 3905887856]
[3905887920, 3905887936]
[3905888000, 3905888064]
[3905888096, 3905888112]
[3905888176, 3905888192]
[3905888256, 3905888320]
[3905888352, 3905888368]
[3905888432, 3905888448]
[3905888512, 3905888576]
[3905888608, 3905888624]
[3905888688, 3905888704]
[3905888768, 3905888832]
[3905888864, 3905888880]
[3905888944, 3905888960]
[3905889024, 3905889088]
[3905889120, 3905889136]
[3905889200, 3905889216]
[3905889280, 3905889344]
[3905889376, 3905889392]
[3905889456, 3905889472]
[3905889536, 3905889600]
[3905889632, 3905889648]
[3905889712, 3905889728]
[3905889792, 3905889856]
[3905889888, 3905889904]
[3905889968, 3905889984]
[3905890048, 3905890112]
[3905890144, 3905890160]
[3905890224, 3905890240]
[3905890304, 3905890368]
[3905890400, 3905890416]
[3905890480, 3905890496]
[3905890560, 3905890624]
[3905890656, 3905890672]
[3905890736, 3905890752]
[3905890816, 3905890880]
[3905890912, 3905890928]
[3905890992, 3905891008]
[3905891072, 3905891136]
[3905891168, 3905891184]
[3905891248, 3905891264]
[3905891328, 3905891392]
[3905891424, 3905891440]
[3905891504, 3905891520]
[3905891584, 3905891648]
[3905891680, 3905891696]
[3905891760, 3905891776]
[3905891840, 3905891904]
[3905891936, 3905891952]
[3905892016, 3905892032]
[3905892096, 3905892160]
[3905892192, 3905892208]
[3905892272, 3905892288]
[3905892352, 3905892416]
[3905892448, 3905892464]
[3905892528, 3905892544]
[3905892608, 3905892672]
[3905892704, 3905892720]
[3905892784, 3905892800]
[3905892864, 3905892928]
[3905892960, 3905892976]
[3905893040, 3905893056]
[3905893120, 3905893184]
[3905893216, 3905893232]
[3905893296, 3905893312]
[3905893376, 3905893440]
[3905893472, 3905893488]
[3905893552, 3905893568]
[3905893632, 3905893696]
[3905893728, 3905893744]
[3905893808, 3905893824]
[3905893888, 3905893952]
[3905893984, 3905894000]
[3905894064, 3905894080]
[3905894144, 3905894208]
[3905894240, 3905894256]
[3905894320, 3905894336]
[3905894400, 3905894464]
[3905894496, 3905894512]
[3905894576, 3905894592]
[3905894656, 3905894720]
[3905894752, 3905894768]
[3905894832, 3905894848]
[3905894912, 3905894976]
[3905895008, 3905895024]
[3905895088, 3905895104]
[3905895168, 3905895232]
[3905895264, 3905895280]
[3905895344, 3905895360]
[3905895424, 3905895488]
[3905895520, 3905895536]
[3905895600, 3905895616]
[3905895680, 3905895744]
[3905895776, 3905895792]
[3905895856, 3905895872]
[3905895936, 3905896000]
[3905896032, 3905896048]
[3905896112, 3905896128]
[3905896192, 3905896256]
[3905896288, 3905896304]
[3905896368, 3905896384]
[3905896448, 3905896512]
[3905896544, 3905896560]
[3905896624, 3905896640]
[3905896704, 3905896768]
[3905896800, 3905896816]
[3905896880, 3905896896]
[3905896960, 3905897024]
[3905897056, 3905897072]
[3905897136, 3905897152]
[3905897216, 3905897280]
[3905897312, 3905897328]
[3905897392, 3905897408]
[3905897472, 3905897536]
[3905897568, 3905897584]
[3905897648, 3905897664]
[3905897728, 3905897792]
[3905897824, 3905897840]
[3905897904, 3905897920]
[3905897984, 3905898048]
[3905898080, 3905898096]
[3905898160, 3905898176]
[3905898240, 3905898304]
[3905898336, 3905898352]
[3905898416, 3905898432]
[3905898496, 3905898560]
[3905898592, 3905898608]
[3905898672, 3905898688]
[3905898752, 3905898816]
[3905898848, 3905898864]
[3905898928, 3905898944]
[3905899008, 3905899072]
[3905899104, 3905899120]
[3905899184, 3905899200]
[3905899264, 3905899328]
[3905899360, 3905899376]
[3905899440, 3905899456]
[3905899520, 3905899584]
[3905899616, 3905899632]
[3905899696, 3905899712]
[3905899776, 3905899840]
[3905899872, 3905899888]
[3905899952, 3905899968]
[3905900032, 3905900096]
[3905900128, 3905900144]
[3905900208, 3905900224]
[3905900288, 3905900352]
[3905900384, 3905900400]
[3905900464, 3905900480]
[3905900544, 3905900608]
[3905900640, 3905900656]
[3905900720, 3905900736]
[3905900800, 3905900864]
[3905900896, 3905900912]
[3905900976, 3905900992]
[3905901056, 3905901120]
[3905901152, 3905901168]
[3905901232, 3905901248]
[3905901312, 3905901376]
[3905901408, 3905901424]
[3905901488, 3905901504]
[3905901568, 3905901632]
[3905901664, 3905901680]
[3905901744, 3905901760]
[3905901824, 3905901888]
[3905901920, 3905901936]
[3905902000, 3905902016]
[3905902080, 3905902144]
[3905902176, 3905902192]
[3905902256, 3905902272]
[3905902336, 3905902400]
[3905902432, 3905902448]
[3905902512, 3905902528]
[3905902592, 3905902656]
[3905902688, 3905902704]
[3905902768, 3905902784]
[3905902848, 3905902912]
[3905902944, 3905902960]
[3905903024, 3905903040]
[3905903104, 3905903168]
[3905903200, 3905903216]
[3905903280, 3905903296]
[3905903360, 3905903424]
[3905903456, 3905903472]
[3905903536, 3905903552]
[3905903616, 3905903680]
[3905903712, 3905903728]
[3905903792, 3905903808]
[3905903872, 3905903936]
[3905903968, 3905903984]
[3905904048, 3905904064]
[3905904128, 3905904192]
[3905904224, 3905904240]
[3905904304, 3905904320]
[3905904384, 3905904448]
[3905904480, 3905904496]
[3905904560, 3905904576]
[3905904640, 3905904704]
[3905904736, 3905904752]
[3905904816, 3905904832]
[3905904896, 3905904960]
[3905904992, 3905905008]
[3905905072, 3905905088]
[3905905152, 3905905216]
[3905905248, 3905905264]
[3905905328, 3905905344]
[3905905408, 3905905472]
[3905905504, 3905905520]
[3905905584, 3905905600]
[3905905664, 3905905728]
[3905905760, 3905905776]
[3905905840, 3905905856]
[3905905920, 3905905984]
[3905906016, 3905906032]
[3905906096, 3905906112]
[3905906176, 3905906240]
[3905906272, 3905906288]
[3905906352, 3905906368]
[3905906432, 3905906496]
[3905906528, 3905906544]
[3905906608, 3905906624]
[3905906688, 3905906752]
[3905906784, 3905906800]
[3905906864, 3905906880]
[3905906944, 3905907008]
[3905907040, 3905907056]
[3905907120, 3905907136]
[3905907200, 3905907264]
[3905907296, 3905907312]
[3905907376, 3905907392]
[3905907456, 3905907520]
[3905907552, 3905907568]
[3905907632, 3905907648]
[3905907712, 3905907776]
[3905907808, 3905907824]
[3905907888, 3905907904]
[3905907968, 3905908032]
[3905908064, 3905908080]
[3905908144, 3905908160]
[3905908224, 3905908288]
[3905908320, 3905908336]
[3905908400, 3905908416]
[3905908480, 3905908544]
[3905908576, 3905908592]
[3905908656, 3905908672]
[3905908736, 3905908800]
[3905908832, 3905908848]
[3905908912, 3905908928]
[3905908992, 3905909056]
[3905909088, 3905909104]
[3905909168, 3905909184]
[3905909248, 3905909312]
[3905909344, 3905909360]
[3905909424, 3905909440]
[3905909504, 3905909568]
[3905909600, 3905909616]
[3905909680, 3905909696]
[3905909760, 3905909824]
[3905909856, 3905909872]
[3905909936, 3905909952]
[3905910016, 3905910080]
[3905910112, 3905910128]
[3905910192, 3905910208]
[3905910272, 3905910336]
[3905910368, 3905910384]
[3905910448, 3905910464]
[3905910528, 3905910592]
[3905910624, 3905910640]
[3905910704, 3905910720]
[3905910784, 3905910848]
[3905910880, 3905910896]
[3905910960, 3905910976]
[3905911040, 3905911104]
[3905911136, 3905911152]
[3905911216, 3905911232]
[3905911296, 3905911360]
[3905911392, 3905911408]
[3905911472, 3905911488]
[3905911552, 3905911616]
[3905911648, 3905911664]
[3905911728, 3905911744]
[3905911808, 3905911872]
[3905911904, 3905911920]
[3905911984, 3905912000]
[3905912064, 3905912128]
[3905912160, 3905912176]
[3905912240, 3905912256]
[3905912320, 3905912384]
[3905912416, 3905912432]
[3905912496, 3905912512]
[3905912576, 3905912640]
[3905912672, 3905912688]
[3905912752, 3905912768]
[3905912832, 3905912896]
[3905912928, 3905912944]
[3905913008, 3905913024]
[3905913088, 3905913152]
[3905913184, 3905913200]
[3905913264, 3905913280]
[3905913344, 3905913408]
[3905913440, 3905913456]
[3905913520, 3905913536]
[3905913600, 3905913664]
[3905913696, 3905913712]
[3905913776, 3905913792]
[3905913856, 3905913920]
[3905913952, 3905913968]
[3905914032, 3905914048]
[3905914112, 3905914176]
[3905914208, 3905914224]
[3905914288, 3905914304]
[3905914368, 3905914432]
[3905914464, 3905914480]
[3905914544, 3905914560]
[3905914624, 3905914688]
[3905914720, 3905914736]
[3905914800, 3905914816]
[3905914880, 3905914944]
[3905914976, 3905914992]
[3905915056, 3905915072]
[3905915136, 3905915200]
[3905915232, 3905915248]
[3905915312, 3905915328]
[3905915392, 3905915456]
[3905915488, 3905915504]
[3905915568, 3905915584]
[3905915648, 3905915712]
[3905915744, 3905915760]
[3905915824, 3905915840]
[3905915904, 3905915968]
[3905916000, 3905916016]
[3905916080, 3905916096]
[3905916160, 3905916224]
[3905916256, 3905916272]
[3905916336, 3905916352]
[3905916416, 3905916480]
[3905916512, 3905916528]
[3905916592, 3905916608]
[3905916672, 3905916736]
[3905916768, 3905916784]
[3905916848, 3905916864]
[3905916928, 3905916992]
[3905917024, 3905917040]
[3905917104, 3905917120]
[3905917184, 3905917248]
[3905917280, 3905917296]
[3905917360, 3905917376]
[3905917440, 3905917504]
[3905917536, 3905917552]
[3905917616, 3905917632]
[3905917696, 3905917760]
[3905917792, 3905917808]
[3905917872, 3905917888]
[3905917952, 3905918016]
[3905918048, 3905918064]
[3905918128, 3905918144]
[3905918208, 3905918272]
[3905918304, 3905918320]
[3905918384, 3905918400]
[3905918464, 3905918528]
[3905918560, 3905918576]
[3905918640, 3905918656]
[3905918720, 3905918784]
[3905918816, 3905918832]
[3905918896, 3905918912]
[3905918976, 3905919040]
[3905919072, 3905919088]
[3905919152, 3905919168]
[3905919232, 3905919296]
[3905919328, 3905919344]
[3905919408, 3905919424]
[3905919488, 3905919552]
[3905919584, 3905919600]
[3905919664, 3905919680]
[3905919744, 3905919808]
[3905919840, 3905919856]
[3905919920, 3905919936]
[3905920000, 3905920064]
[3905920096, 3905920112]
[3905920176, 3905920192]
[3905920256, 3905920320]
[3905920352, 3905920368]
[3905920432, 3905920448]
[3905920512, 3905920576]
[3905920608, 3905920624]
[3905920688, 3905920704]
[3905920768, 3905920832]
[3905920864, 3905920880]
[3905920944, 3905920960]
[3905921024, 3905921088]
[3905921120, 3905921136]
[3905921200, 3905921216]
[3905921280, 3905921344]
[3905921376, 3905921392]
[3905921456, 3905921472]
[3905921536, 3905921600]
[3905921632, 3905921648]
[3905921712, 3905921728]
[3905921792, 3905921856]
[3905921888, 3905921904]
[3905921968, 3905921984]
[3905922048, 3905922112]
[3905922144, 3905922160]
[3905922224, 3905922240]
[3905922304, 3905922368]
[3905922400, 3905922416]
[3905922480, 3905922496]
[3905922560, 3905922624]
[3905922656, 3905922672]
[3905922736, 3905922752]
[3905922816, 3905922880]
[3905922912, 3905922928]
[3905922992, 3905923008]
[3905923072, 3905923136]
[3905923168, 3905923184]
[3905923248, 3905923264]
[3905923328, 3905923392]
[3905923424, 3905923440]
[3905923504, 3905923520]
[3905923584, 3905923648]
[3905923680, 3905923696]
[3905923760, 3905923776]
[3905923840, 3905923904]
[3905923936, 3905923952]
[3905924016, 3905924032]
[3905924096, 3905924160]
[3905924192, 3905924208]
[3905924272, 3905924288]
[3905924352, 3905924416]
[3905924448, 3905924464]
[3905924528, 3905924544]
[3905924608, 3905924672]
[3905924704, 3905924720]
[3905924784, 3905924800]
[3905924864, 3905924928]
[3905924960, 3905924976]
[3905925040, 3905925056]
[3905925120, 3905925184]
[3905925216, 3905925232]
[3905925296, 3905925312]
[3905925376, 3905925440]
[3905925472, 3905925488]
[3905925552, 3905925568]
[3905925632, 3905925696]
[3905925728, 3905925744]
[3905925808, 3905925824]
[3905925888, 3905925952]
[3905925984, 3905926000]
[3905926064, 3905926080]
[3905926144, 3905926208]
[3905926240, 3905926256]
[3905926320, 3905926336]
[3905926400, 3905926464]
[3905926496, 3905926512]
[3905926576, 3905926592]
[3905926656, 3905926720]
[3905926752, 3905926768]
[3905926832, 3905926848]
[3905926912, 3905926976]
[3905927008, 3905927024]
[3905927088, 3905927104]
[3905927168, 3905927232]
[3905927264, 3905927280]
[3905927344, 3905927360]
[3905927424, 3905927488]
[3905927520, 3905927536]
[3905927600, 3905927616]
[3905927680, 3905927744]
[3905927776, 3905927792]
[3905927856, 3905927872]
[3905927936, 3905928000]
[3905928032, 3905928048]
[3905928112, 3905928128]
[3905928192, 3905928256]
[3905928288, 3905928304]
[3905928368, 3905928384]
[3905928448, 3905928512]
[3905928544, 3905928560]
[3905928624, 3905928640]
[3905928704, 3905928768]
[3905928800, 3905928816]
[3905928880, 3905928896]
[3905928960, 3905929024]
[3905929056, 3905929072]
[3905929136, 3905929152]
[3905929216, 3905929280]
[3905929312, 3905929328]
[3905929392, 3905929408]
[3905929472, 3905929536]
[3905929568, 3905929584]
[3905929648, 3905929664]
[3905929728, 3905929792]
[3905929824, 3905929840]
[3905929904, 3905929920]
[3905929984, 3905930048]
[3905930080, 3905930096]
[3905930160, 3905930176]
[3905930240, 3905930304]
[3905930336, 3905930352]
[3905930416, 3905930432]
[3905930496, 3905930560]
[3905930592, 3905930608]
[3905930672, 3905930688]
[3905930752, 3905930816]
[3905930848, 3905930864]
[3905930928, 3905930944]
[3905931008, 3905931072]
[3905931104, 3905931120]
[3905931184, 3905931200]
[3905931264, 3905931328]
[3905931360, 3905931376]
[3905931440, 3905931456]
[3905931520, 3905931584]
[3905931616, 3905931632]
[3905931696, 3905931712]
[3905931776, 3905931840]
[3905931872, 3905931888]
[3905931952, 3905931968]
[3905932032, 3905932096]
[3905932128, 3905932144]
[3905932208, 3905932224]
[3905932288, 3905932352]
[3905932384, 3905932400]
[3905932464, 3905932480]
[3905932544, 3905932608]
[3905932640, 3905932656]
[3905932720, 3905932736]
[3905932800, 3905932864]
[3905932896, 3905932912]
[3905932976, 3905932992]
[3905933056, 3905933120]
[3905933152, 3905933168]
[3905933232, 3905933248]
[3905933312, 3905933376]
[3905933408, 3905933424]
[3905933488, 3905933504]
[3905933568, 3905933632]
[3905933664, 3905933680]
[3905933744, 3905933760]
[3905933824, 3905933888]
[3905933920, 3905933936]
[3905934000, 3905934016]
[3905934080, 3905934144]
[3905934176, 3905934192]
[3905934256, 3905934272]
[3905934336, 3905934400]
[3905934432, 3905934448]
[3905934512, 3905934528]
[3905934592, 3905934656]
[3905934688, 3905934704]
[3905934768, 3905934784]
[3905934848, 3905934912]
[3905934944, 3905934960]
[3905935024, 3905935040]
[3905935104, 3905935168]
[3905935200, 3905935216]
[3905935280, 3905935296]
[3905935360, 3905935424]
[3905935456, 3905935472]
[3905935536, 3905935552]
[3905935616, 3905935680]
[3905935712, 3905935728]
[3905935792, 3905935808]
[3905935872, 3905935936]
[3905935968, 3905935984]
[3905936048, 3905936064]
[3905936128, 3905936192]
[3905936224, 3905936240]
[3905936304, 3905936320]
[3905936384, 3905936448]
[3905936480, 3905936496]
[3905936560, 3905936576]
[3905936640, 3905936704]
[3905936736, 3905936752]
[3905936816, 3905936832]
[3905936896, 3905936960]
[3905936992, 3905937008]
[3905937072, 3905937088]
[3905937152, 3905937216]
[3905937248, 3905937264]
[3905937328, 3905937344]
[3905937408, 3905937472]
[3905937504, 3905937520]
[3905937584, 3905937600]
[3905937664, 3905937728]
[3905937760, 3905937776]
[3905937840, 3905937856]
[3905937920, 3905937984]
[3905938016, 3905938032]
[3905938096, 3905938112]
[3905938176, 3905938240]
[3905938272, 3905938288]
[3905938352, 3905938368]
[3905938432, 3905938496]
[3905938528, 3905938544]
[3905938608, 3905938624]
[3905938688, 3905938752]
[3905938784, 3905938800]
[3905938864, 3905938880]
[3905938944, 3905939008]
[3905939040, 3905939056]
[3905939120, 3905939136]
[3905939200, 3905939264]
[3905939296, 3905939312]
[3905939376, 3905939392]
[3905939456, 3905939520]
[3905939552, 3905939568]
[3905939632, 3905939648]
[3905939712, 3905939776]
[3905939808, 3905939824]
[3905939888, 3905939904]
[3905939968, 3905940032]
[3905940064, 3905940080]
[3905940144, 3905940160]
[3905940224, 3905940288]
[3905940320, 3905940336]
[3905940400, 3905940416]
[3905940480, 3905940544]
[3905940576, 3905940592]
[3905940656, 3905940672]
[3905940736, 3905940800]
[3905940832, 3905940848]
[3905940912, 3905940928]
[3905940992, 3905941056]
[3905941088, 3905941104]
[3905941168, 3905941184]
[3905941248, 3905941312]
[3905941344, 3905941360]
[3905941424, 3905941440]
[3905941504, 3905941568]
[3905941600, 3905941616]
[3905941680, 3905941696]
[3905941760, 3905941824]
[3905941856, 3905941872]
[3905941936, 3905941952]
[3905942016, 3905942080]
[3905942112, 3905942128]
[3905942192, 3905942208]
[3905942272, 3905942336]
[3905942368, 3905942384]
[3905942448, 3905942464]
[3905942528, 3905942592]
[3905942624, 3905942640]
[3905942704, 3905942720]
[3905942784, 3905942848]
[3905942880, 3905942896]
[3905942960, 3905942976]
[3905943040, 3905943104]
[3905943136, 3905943152]
[3905943216, 3905943232]
[3905943296, 3905943360]
[3905943392, 3905943408]
[3905943472, 3905943488]
[3905943552, 3905943616]
[3905943648, 3905943664]
[3905943728, 3905943744]
[3905943808, 3905943872]
[3905943904, 3905943920]
[3905943984, 3905944000]
[3905944064, 3905944128]
[3905944160, 3905944176]
[3905944240, 3905944256]
[3905944320, 3905944384]
[3905944416, 3905944432]
[3905944496, 3905944512]
[3905944576, 3905944640]
[3905944672, 3905944688]
[3905944752, 3905944768]
[3905944832, 3905944896]
[3905944928, 3905944944]
[3905945008, 3905945024]
[3905945088, 3905945152]
[3905945184, 3905945200]
[3905945264, 3905945280]
[3905945344, 3905945408]
[3905945440, 3905945456]
[3905945520, 3905945536]
[3905945632, 3905945664]
[3905945696, 3905945712]
[3905945776, 3905945792]
[3905945888, 3905945920]
[3905945952, 3905945968]
[3905946032, 3905946048]
[3905946144, 3905946176]
[3905946208, 3905946224]
[3905946288, 3905946304]
[3905946400, 3905946432]
[3905946464, 3905946480]
[3905946544, 3905946560]
[3905946656, 3905946688]
[3905946720, 3905946736]
[3905946800, 3905946816]
[3905946912, 3905946944]
[3905946976, 3905946992]
[3905947056, 3905947072]
[3905947168, 3905947200]
[3905947232, 3905947248]
[3905947312, 3905947328]
[3905947424, 3905947456]
[3905947488, 3905947504]
[3905947568, 3905947584]
[3905947680, 3905947712]
[3905947744, 3905947760]
[3905947824, 3905947840]
[3905947936, 3905947968]
[3905948000, 3905948016]
[3905948080, 3905948096]
[3905948192, 3905948224]
[3905948256, 3905948272]
[3905948336, 3905948352]
[3905948448, 3905948480]
[3905948512, 3905948528]
[3905948592, 3905948608]
[3905948704, 3905948736]
[3905948768, 3905948784]
[3905948848, 3905948864]
[3905948960, 3905948992]
[3905949024, 3905949040]
[3905949104, 3905949120]
[3905949216, 3905949248]
[3905949280, 3905949296]
[3905949360, 3905949376]
[3905949472, 3905949504]
[3905949536, 3905949552]
[3905949616, 3905949632]
[3905949728, 3905949760]
[3905949792, 3905949808]
[3905949872, 3905949888]
[3905949984, 3905950016]
[3905950048, 3905950064]
[3905950128, 3905950144]
[3905950240, 3905950272]
[3905950304, 3905950320]
[3905950384, 3905950400]
[3905950496, 3905950528]
[3905950560, 3905950576]
[3905950640, 3905950656]
[3905950752, 3905950784]
[3905950816, 3905950832]
[3905950896, 3905950912]
[3905951008, 3905951040]
[3905951072, 3905951088]
[3905951152, 3905951168]
[3905951264, 3905951296]
[3905951328, 3905951344]
[3905951408, 3905951424]
[3905951520, 3905951552]
[3905951584, 3905951600]
[3905951664, 3905951680]
[3905951776, 3905951808]
[3905951840, 3905951856]
[3905951920, 3905951936]
[3905952032, 3905952064]
[3905952096, 3905952112]
[3905952176, 3905952192]
[3905952288, 3905952320]
[3905952352, 3905952368]
[3905952432, 3905952448]
[3905952544, 3905952576]
[3905952608, 3905952624]
[3905952688, 3905952704]
[3905952800, 3905952832]
[3905952864, 3905952880]
[3905952944, 3905952960]
[3905953056, 3905953088]
[3905953120, 3905953136]
[3905953200, 3905953216]
[3905953312, 3905953344]
[3905953376, 3905953392]
[3905953456, 3905953472]
[3905953568, 3905953600]
[3905953632, 3905953648]
[3905953712, 3905953728]
[3905953824, 3905953856]
[3905953888, 3905953904]
[3905953968, 3905953984]
[3905954080, 3905954112]
[3905954144, 3905954160]
[3905954224, 3905954240]
[3905954336, 3905954368]
[3905954400, 3905954416]
[3905954480, 3905954496]
[3905954592, 3905954624]
[3905954656, 3905954672]
[3905954736, 3905954752]
[3905954848, 3905954880]
[3905954912, 3905954928]
[3905954992, 3905955008]
[3905955104, 3905955136]
[3905955168, 3905955184]
[3905955248, 3905955264]
[3905955360, 3905955392]
[3905955424, 3905955440]
[3905955504, 3905955520]
[3905955616, 3905955648]
[3905955680, 3905955696]
[3905955760, 3905955776]
[3905955872, 3905955904]
[3905955936, 3905955952]
[3905956016, 3905956032]
[3905956128, 3905956160]
[3905956192, 3905956208]
[3905956272, 3905956288]
[3905956384, 3905956416]
[3905956448, 3905956464]
[3905956528, 3905956544]
[3905956640, 3905956672]
[3905956704, 3905956720]
[3905956784, 3905956800]
[3905956896, 3905956928]
[3905956960, 3905956976]
[3905957040, 3905957056]
[3905957152, 3905957184]
[3905957216, 3905957232]
[3905957296, 3905957312]
[3905957408, 3905957440]
[3905957472, 3905957488]
[3905957552, 3905957568]
[3905957664, 3905957696]
[3905957728, 3905957744]
[3905957808, 3905957824]
[3905957920, 3905957952]
[3905957984, 3905958000]
[3905958064, 3905958080]
[3905958176, 3905958208]
[3905958240, 3905958256]
[3905958320, 3905958336]
[3905958432, 3905958464]
[3905958496, 3905958512]
[3905958576, 3905958592]
[3905958688, 3905958720]
[3905958752, 3905958768]
[3905958832, 3905958848]
[3905958944, 3905958976]
[3905959008, 3905959024]
[3905959088, 3905959104]
[3905959200, 3905959232]
[3905959264, 3905959280]
[3905959344, 3905959360]
[3905959456, 3905959488]
[3905959520, 3905959536]
[3905959600, 3905959616]
[3905959712, 3905959744]
[3905959776, 3905959792]
[3905959856, 3905959872]
[3905959968, 3905960000]
[3905960032, 3905960048]
[3905960112, 3905960128]
[3905960224, 3905960256]
[3905960288, 3905960304]
[3905960368, 3905960384]
[3905960480, 3905960512]
[3905960544, 3905960560]
[3905960624, 3905960640]
[3905960736, 3905960768]
[3905960800, 3905960816]
[3905960880, 3905960896]
[3905960992, 3905961024]
[3905961056, 3905961072]
[3905961136, 3905961152]
[3905961248, 3905961280]
[3905961312, 3905961328]
[3905961392, 3905961408]
[3905961504, 3905961536]
[3905961568, 3905961584]
[3905961648, 3905961664]
[3905961760, 3905961792]
[3905961824, 3905961840]
[3905961904, 3905961920]
[3905962016, 3905962048]
[3905962080, 3905962096]
[3905962160, 3905962176]
[3905962272, 3905962304]
[3905962336, 3905962352]
[3905962416, 3905962432]
[3905962528, 3905962560]
[3905962592, 3905962608]
[3905962672, 3905962688]
[3905962784, 3905962816]
[3905962848, 3905962864]
[3905962928, 3905962944]
[3905963040, 3905963072]
[3905963104, 3905963120]
[3905963184, 3905963200]
[3905963296, 3905963328]
[3905963360, 3905963376]
[3905963440, 3905963456]
[3905963552, 3905963584]
[3905963616, 3905963632]
[3905963696, 3905963712]
[3905963808, 3905963840]
[3905963872, 3905963888]
[3905963952, 3905963968]
[3905964064, 3905964096]
[3905964128, 3905964144]
[3905964208, 3905964224]
[3905964320, 3905964352]
[3905964384, 3905964400]
[3905964464, 3905964480]
[3905964576, 3905964608]
[3905964640, 3905964656]
[3905964720, 3905964736]
[3905964832, 3905964864]
[3905964896, 3905964912]
[3905964976, 3905964992]
[3905965088, 3905965120]
[3905965152, 3905965168]
[3905965232, 3905965248]
[3905965344, 3905965376]
[3905965408, 3905965424]
[3905965488, 3905965504]
[3905965600, 3905965632]
[3905965664, 3905965680]
[3905965744, 3905965760]
[3905965856, 3905965888]
[3905965920, 3905965936]
[3905966000, 3905966016]
[3905966112, 3905966144]
[3905966176, 3905966192]
[3905966256, 3905966272]
[3905966368, 3905966400]
[3905966432, 3905966448]
[3905966512, 3905966528]
[3905966624, 3905966656]
[3905966688, 3905966704]
[3905966768, 3905966784]
[3905966880, 3905966912]
[3905966944, 3905966960]
[3905967024, 3905967040]
[3905967136, 3905967168]
[3905967200, 3905967216]
[3905967280, 3905967296]
[3905967392, 3905967424]
[3905967456, 3905967472]
[3905967536, 3905967552]
[3905967648, 3905967680]
[3905967712, 3905967728]
[3905967792, 3905967808]
[3905967904, 3905967936]
[3905967968, 3905967984]
[3905968048, 3905968064]
[3905968160, 3905968192]
[3905968224, 3905968240]
[3905968304, 3905968320]
[3905968416, 3905968448]
[3905968480, 3905968496]
[3905968560, 3905968576]
[3905968672, 3905968704]
[3905968736, 3905968752]
[3905968816, 3905968832]
[3905968928, 3905968960]
[3905968992, 3905969008]
[3905969072, 3905969088]
[3905969184, 3905969216]
[3905969248, 3905969264]
[3905969328, 3905969344]
[3905969440, 3905969472]
[3905969504, 3905969520]
[3905969584, 3905969600]
[3905969696, 3905969728]
[3905969760, 3905969776]
[3905969840, 3905969856]
[3905969952, 3905969984]
[3905970016, 3905970032]
[3905970096, 3905970112]
[3905970208, 3905970240]
[3905970272, 3905970288]
[3905970352, 3905970368]
[3905970464, 3905970496]
[3905970528, 3905970544]
[3905970608, 3905970624]
[3905970720, 3905970752]
[3905970784, 3905970800]
[3905970864, 3905970880]
[3905970976, 3905971008]
[3905971040, 3905971056]
[3905971120, 3905971136]
[3905971232, 3905971264]
[3905971296, 3905971312]
[3905971376, 3905971392]
[3905971488, 3905971520]
[3905971552, 3905971568]
[3905971632, 3905971648]
[3905971744, 3905971776]
[3905971808, 3905971824]
[3905971888, 3905971904]
[3905972000, 3905972032]
[3905972064, 3905972080]
[3905972144, 3905972160]
[3905972256, 3905972288]
[3905972320, 3905972336]
[3905972400, 3905972416]
[3905972512, 3905972544]
[3905972576, 3905972592]
[3905972656, 3905972672]
[3905972768, 3905972800]
[3905972832, 3905972848]
[3905972912, 3905972928]
[3905973024, 3905973056]
[3905973088, 3905973104]
[3905973168, 3905973184]
[3905973280, 3905973312]
[3905973344, 3905973360]
[3905973424, 3905973440]
[3905973536, 3905973568]
[3905973600, 3905973616]
[3905973680, 3905973696]
[3905973792, 3905973824]
[3905973856, 3905973872]
[3905973936, 3905973952]
[3905974048, 3905974080]
[3905974112, 3905974128]
[3905974192, 3905974208]
[3905974304, 3905974336]
[3905974368, 3905974384]
[3905974448, 3905974464]
[3905974560, 3905974592]
[3905974624, 3905974640]
[3905974704, 3905974720]
[3905974816, 3905974848]
[3905974880, 3905974896]
[3905974960, 3905974976]
[3905975072, 3905975104]
[3905975136, 3905975152]
[3905975216, 3905975232]
[3905975328, 3905975360]
[3905975392, 3905975408]
[3905975472, 3905975488]
[3905975584, 3905975616]
[3905975648, 3905975664]
[3905975728, 3905975744]
[3905975840, 3905975872]
[3905975904, 3905975920]
[3905975984, 3905976000]
[3905976096, 3905976128]
[3905976160, 3905976176]
[3905976240, 3905976256]
[3905976352, 3905976384]
[3905976416, 3905976432]
[3905976496, 3905976512]
[3905976608, 3905976640]
[3905976672, 3905976688]
[3905976752, 3905976768]
[3905976864, 3905976896]
[3905976928, 3905976944]
[3905977008, 3905977024]
[3905977120, 3905977152]
[3905977184, 3905977200]
[3905977264, 3905977280]
[3905977376, 3905977408]
[3905977440, 3905977456]
[3905977520, 3905977536]
[3905977632, 3905977664]
[3905977696, 3905977712]
[3905977776, 3905977792]
[3905977888, 3905977920]
[3905977952, 3905977968]
[3905978032, 3905978048]
[3905978144, 3905978176]
[3905978208, 3905978224]
[3905978288, 3905978304]
[3905978400, 3905978432]
[3905978464, 3905978480]
[3905978544, 3905978560]
[3905978656, 3905978688]
[3905978720, 3905978736]
[3905978800, 3905978816]
[3905978912, 3905978944]
[3905978976, 3905978992]
[3905979056, 3905979072]
[3905979168, 3905979200]
[3905979232, 3905979248]
[3905979312, 3905979328]
[3905979424, 3905979456]
[3905979488, 3905979504]
[3905979568, 3905979584]
[3905979680, 3905979712]
[3905979744, 3905979760]
[3905979824, 3905979840]
[3905979936, 3905979968]
[3905980000, 3905980016]
[3905980080, 3905980096]
[3905980192, 3905980224]
[3905980256, 3905980272]
[3905980336, 3905980352]
[3905980448, 3905980480]
[3905980512, 3905980528]
[3905980592, 3905980608]
[3905980704, 3905980736]
[3905980768, 3905980784]
[3905980848, 3905980864]
[3905980960, 3905980992]
[3905981024, 3905981040]
[3905981104, 3905981120]
[3905981216, 3905981248]
[3905981280, 3905981296]
[3905981360, 3905981376]
[3905981472, 3905981504]
[3905981536, 3905981552]
[3905981616, 3905981632]
[3905981728, 3905981760]
[3905981792, 3905981808]
[3905981872, 3905981888]
[3905981984, 3905982016]
[3905982048, 3905982064]
[3905982128, 3905982144]
[3905982240, 3905982272]
[3905982304, 3905982320]
[3905982384, 3905982400]
[3905982496, 3905982528]
[3905982560, 3905982576]
[3905982640, 3905982656]
[3905982752, 3905982784]
[3905982816, 3905982832]
[3905982896, 3905982912]
[3905983008, 3905983040]
[3905983072, 3905983088]
[3905983152, 3905983168]
[3905983264, 3905983296]
[3905983328, 3905983344]
[3905983408, 3905983424]
[3905983520, 3905983552]
[3905983584, 3905983600]
[3905983664, 3905983680]
[3905983776, 3905983808]
[3905983840, 3905983856]
[3905983920, 3905983936]
[3905984032, 3905984064]
[3905984096, 3905984112]
[3905984176, 3905984192]
[3905984288, 3905984320]
[3905984352, 3905984368]
[3905984432, 3905984448]
[3905984544, 3905984576]
[3905984608, 3905984624]
[3905984688, 3905984704]
[3905984800, 3905984832]
[3905984864, 3905984880]
[3905984944, 3905984960]
[3905985056, 3905985088]
[3905985120, 3905985136]
[3905985200, 3905985216]
[3905985312, 3905985344]
[3905985376, 3905985392]
[3905985456, 3905985472]
[3905985568, 3905985600]
[3905985632, 3905985648]
[3905985712, 3905985728]
[3905985824, 3905985856]
[3905985888, 3905985904]
[3905985968, 3905985984]
[3905986080, 3905986112]
[3905986144, 3905986160]
[3905986224, 3905986240]
[3905986336, 3905986368]
[3905986400, 3905986416]
[3905986480, 3905986496]
[3905986592, 3905986624]
[3905986656, 3905986672]
[3905986736, 3905986752]
[3905986848, 3905986880]
[3905986912, 3905986928]
[3905986992, 3905987008]
[3905987104, 3905987136]
[3905987168, 3905987184]
[3905987248, 3905987264]
[3905987360, 3905987392]
[3905987424, 3905987440]
[3905987504, 3905987520]
[3905987616, 3905987648]
[3905987680, 3905987696]
[3905987760, 3905987776]
[3905987872, 3905987904]
[3905987936, 3905987952]
[3905988016, 3905988032]
[3905988128, 3905988160]
[3905988192, 3905988208]
[3905988272, 3905988288]
[3905988384, 3905988416]
[3905988448, 3905988464]
[3905988528, 3905988544]
[3905988640, 3905988672]
[3905988704, 3905988720]
[3905988784, 3905988800]
[3905988896, 3905988928]
[3905988960, 3905988976]
[3905989040, 3905989056]
[3905989152, 3905989184]
[3905989216, 3905989232]
[3905989296, 3905989312]
[3905989408, 3905989440]
[3905989472, 3905989488]
[3905989552, 3905989568]
[3905989664, 3905989696]
[3905989728, 3905989744]
[3905989808, 3905989824]
[3905989920, 3905989952]
[3905989984, 3905990000]
[3905990064, 3905990080]
[3905990176, 3905990208]
[3905990240, 3905990256]
[3905990320, 3905990336]
[3905990432, 3905990464]
[3905990496, 3905990512]
[3905990576, 3905990592]
[3905990688, 3905990720]
[3905990752, 3905990768]
[3905990832, 3905990848]
[3905990944, 3905990976]
[3905991008, 3905991024]
[3905991088, 3905991104]
[3905991200, 3905991232]
[3905991264, 3905991280]
[3905991344, 3905991360]
[3905991456, 3905991488]
[3905991520, 3905991536]
[3905991600, 3905991616]
[3905991712, 3905991744]
[3905991776, 3905991792]
[3905991856, 3905991872]
[3905991968, 3905992000]
[3905992032, 3905992048]
[3905992112, 3905992128]
[3905992224, 3905992256]
[3905992288, 3905992304]
[3905992368, 3905992384]
[3905992480, 3905992512]
[3905992544, 3905992560]
[3905992624, 3905992640]
[3905992736, 3905992768]
[3905992800, 3905992816]
[3905992880, 3905992896]
[3905992992, 3905993024]
[3905993056, 3905993072]
[3905993136, 3905993152]
[3905993248, 3905993280]
[3905993312, 3905993328]
[3905993392, 3905993408]
[3905993504, 3905993536]
[3905993568, 3905993584]
[3905993648, 3905993664]
[3905993760, 3905993792]
[3905993824, 3905993840]
[3905993904, 3905993920]
[3905994016, 3905994048]
[3905994080, 3905994096]
[3905994160, 3905994176]
[3905994272, 3905994304]
[3905994336, 3905994352]
[3905994416, 3905994432]
[3905994528, 3905994560]
[3905994592, 3905994608]
[3905994672, 3905994688]
[3905994784, 3905994816]
[3905994848, 3905994864]
[3905994928, 3905994944]
[3905995040, 3905995072]
[3905995104, 3905995120]
[3905995184, 3905995200]
[3905995296, 3905995328]
[3905995360, 3905995376]
[3905995440, 3905995456]
[3905995552, 3905995584]
[3905995616, 3905995632]
[3905995696, 3905995712]
[3905995808, 3905995840]
[3905995872, 3905995888]
[3905995952, 3905995968]
[3905996064, 3905996096]
[3905996128, 3905996144]
[3905996208, 3905996224]
[3905996320, 3905996352]
[3905996384, 3905996400]
[3905996464, 3905996480]
[3905996576, 3905996608]
[3905996640, 3905996656]
[3905996720, 3905996736]
[3905996832, 3905996864]
[3905996896, 3905996912]
[3905996976, 3905996992]
[3905997088, 3905997120]
[3905997152, 3905997168]
[3905997232, 3905997248]
[3905997344, 3905997376]
[3905997408, 3905997424]
[3905997488, 3905997504]
[3905997600, 3905997632]
[3905997664, 3905997680]
[3905997744, 3905997760]
[3905997856, 3905997888]
[3905997920, 3905997936]
[3905998000, 3905998016]
[3905998112, 3905998144]
[3905998176, 3905998192]
[3905998256, 3905998272]
[3905998368, 3905998400]
[3905998432, 3905998448]
[3905998512, 3905998528]
[3905998624, 3905998656]
[3905998688, 3905998704]
[3905998768, 3905998784]
[3905998880, 3905998912]
[3905998944, 3905998960]
[3905999024, 3905999040]
[3905999136, 3905999168]
[3905999200, 3905999216]
[3905999280, 3905999296]
[3905999392, 3905999424]
[3905999456, 3905999472]
[3905999536, 3905999552]
[3905999648, 3905999680]
[3905999712, 3905999728]
[3905999792, 3905999808]
[3905999904, 3905999936]
[3905999968, 3905999984]
[3906000048, 3906000064]
[3906000160, 3906000192]
[3906000224, 3906000240]
[3906000304, 3906000320]
[3906000416, 3906000448]
[3906000480, 3906000496]
[3906000560, 3906000576]
[3906000672, 3906000704]
[3906000736, 3906000752]
[3906000816, 3906000832]
[3906000928, 3906000960]
[3906000992, 3906001008]
[3906001072, 3906001088]
[3906001184, 3906001216]
[3906001248, 3906001264]
[3906001328, 3906001344]
[3906001440, 3906001472]
[3906001504, 3906001520]
[3906001584, 3906001600]
[3906001696, 3906001728]
[3906001760, 3906001776]
[3906001840, 3906001856]
[3906001952, 3906001984]
[3906002016, 3906002032]
[3906002096, 3906002112]
[3906002208, 3906002240]
[3906002272, 3906002288]
[3906002352, 3906002368]
[3906002464, 3906002496]
[3906002528, 3906002544]
[3906002608, 3906002624]
[3906002720, 3906002752]
[3906002784, 3906002800]
[3906002864, 3906002880]
[3906002976, 3906003008]
[3906003040, 3906003056]
[3906003120, 3906003136]
[3906003232, 3906003264]
[3906003296, 3906003312]
[3906003376, 3906003392]
[3906003488, 3906003520]
[3906003552, 3906003568]
[3906003632, 3906003648]
[3906003744, 3906003776]
[3906003808, 3906003824]
[3906003888, 3906003904]
[3906004000, 3906004032]
[3906004064, 3906004080]
[3906004144, 3906004160]
[3906004256, 3906004288]
[3906004320, 3906004336]
[3906004400, 3906004416]
[3906004512, 3906004544]
[3906004576, 3906004592]
[3906004656, 3906004672]
[3906004768, 3906004800]
[3906004832, 3906004848]
[3906004912, 3906004928]
[3906005024, 3906005056]
[3906005088, 3906005104]
[3906005168, 3906005184]
[3906005280, 3906005312]
[3906005344, 3906005360]
[3906005424, 3906005440]
[3906005536, 3906005568]
[3906005600, 3906005616]
[3906005680, 3906005696]
[3906005792, 3906005824]
[3906005856, 3906005872]
[3906005936, 3906005952]
[3906006048, 3906006080]
[3906006112, 3906006128]
[3906006192, 3906006208]
[3906006304, 3906006336]
[3906006368, 3906006384]
[3906006448, 3906006464]
[3906006560, 3906006592]
[3906006624, 3906006640]
[3906006704, 3906006720]
[3906006816, 3906006848]
[3906006880, 3906006896]
[3906006960, 3906006976]
[3906007072, 3906007104]
[3906007136, 3906007152]
[3906007216, 3906007232]
[3906007328, 3906007360]
[3906007392, 3906007408]
[3906007472, 3906007488]
[3906007584, 3906007616]
[3906007648, 3906007664]
[3906007728, 3906007744]
[3906007840, 3906007872]
[3906007904, 3906007920]
[3906007984, 3906008000]
[3906008096, 3906008128]
[3906008160, 3906008176]
[3906008240, 3906008256]
[3906008352, 3906008384]
[3906008416, 3906008432]
[3906008496, 3906008512]
[3906008608, 3906008640]
[3906008672, 3906008688]
[3906008752, 3906008768]
[3906008864, 3906008896]
[3906008928, 3906008944]
[3906009008, 3906009024]
[3906009120, 3906009152]
[3906009184, 3906009200]
[3906009264, 3906009280]
[3906009376, 3906009408]
[3906009440, 3906009456]
[3906009520, 3906009536]
[3906009632, 3906009664]
[3906009696, 3906009712]
[3906009776, 3906009792]
[3906009888, 3906009920]
[3906009952, 3906009968]
[3906010032, 3906010048]
[3906010144, 3906010176]
[3906010208, 3906010224]
[3906010288, 3906010304]
[3906010400, 3906010432]
[3906010464, 3906010480]
[3906010544, 3906010560]
[3906010656, 3906010688]
[3906010720, 3906010736]
[3906010800, 3906010816]
[3906010912, 3906010944]
[3906010976, 3906010992]
[3906011056, 3906011072]
[3906011168, 3906011200]
[3906011232, 3906011248]
[3906011312, 3906011328]
[3906011424, 3906011456]
[3906011488, 3906011504]
[3906011568, 3906011584]
[3906011680, 3906011712]
[3906011744, 3906011760]
[3906011824, 3906011840]
[3906011936, 3906011968]
[3906012000, 3906012016]
[3906012080, 3906012096]
[3906012192, 3906012224]
[3906012256, 3906012272]
[3906012336, 3906012352]
[3906012448, 3906012480]
[3906012512, 3906012528]
[3906012592, 3906012608]
[3906012704, 3906012736]
[3906012768, 3906012784]
[3906012848, 3906012864]
[3906012960, 3906012992]
[3906013024, 3906013040]
[3906013104, 3906013120]
[3906013216, 3906013248]
[3906013280, 3906013296]
[3906013360, 3906013376]
[3906013472, 3906013504]
[3906013536, 3906013552]
[3906013616, 3906013632]
[3906013728, 3906013760]
[3906013792, 3906013808]
[3906013872, 3906013888]
[3906013984, 3906014016]
[3906014048, 3906014064]
[3906014128, 3906014144]
[3906014240, 3906014272]
[3906014304, 3906014320]
[3906014384, 3906014400]
[3906014496, 3906014528]
[3906014560, 3906014576]
[3906014640, 3906014656]
[3906014752, 3906014784]
[3906014816, 3906014832]
[3906014896, 3906014912]
[3906015008, 3906015040]
[3906015072, 3906015088]
[3906015152, 3906015168]
[3906015264, 3906015296]
[3906015328, 3906015344]
[3906015408, 3906015424]
[3906015520, 3906015552]
[3906015584, 3906015600]
[3906015664, 3906015680]
[3906015776, 3906015808]
[3906015840, 3906015856]
[3906015920, 3906015936]
[3906016032, 3906016064]
[3906016096, 3906016112]
[3906016176, 3906016192]
[3906016288, 3906016320]
[3906016352, 3906016368]
[3906016432, 3906016448]
[3906016544, 3906016576]
[3906016608, 3906016624]
[3906016688, 3906016704]
[3906016800, 3906016832]
[3906016864, 3906016880]
[3906016944, 3906016960]
[3906017056, 3906017088]
[3906017120, 3906017136]
[3906017200, 3906017216]
[3906017312, 3906017344]
[3906017376, 3906017392]
[3906017456, 3906017472]
[3906017568, 3906017600]
[3906017632, 3906017648]
[3906017712, 3906017728]
[3906017824, 3906017856]
[3906017888, 3906017904]
[3906017968, 3906017984]
[3906018080, 3906018112]
[3906018144, 3906018160]
[3906018224, 3906018240]
[3906018336, 3906018368]
[3906018400, 3906018416]
[3906018480, 3906018496]
[3906018592, 3906018624]
[3906018656, 3906018672]
[3906018736, 3906018752]
[3906018848, 3906018880]
[3906018912, 3906018928]
[3906018992, 3906019008]
[3906019104, 3906019136]
[3906019168, 3906019184]
[3906019248, 3906019264]
[3906019360, 3906019392]
[3906019424, 3906019440]
[3906019504, 3906019520]
[3906019616, 3906019648]
[3906019680, 3906019696]
[3906019760, 3906019776]
[3906019872, 3906019904]
[3906019936, 3906019952]
[3906020016, 3906020032]
[3906020128, 3906020160]
[3906020192, 3906020208]
[3906020272, 3906020288]
[3906020384, 3906020416]
[3906020448, 3906020464]
[3906020528, 3906020544]
[3906020640, 3906020672]
[3906020704, 3906020720]
[3906020784, 3906020800]
[3906020896, 3906020928]
[3906020960, 3906020976]
[3906021040, 3906021056]
[3906021152, 3906021184]
[3906021216, 3906021232]
[3906021296, 3906021312]
[3906021408, 3906021440]
[3906021472, 3906021488]
[3906021552, 3906021568]
[3906021664, 3906021696]
[3906021728, 3906021744]
[3906021808, 3906021824]
[3906021920, 3906021952]
[3906021984, 3906022000]
[3906022064, 3906022080]
[3906022176, 3906022208]
[3906022240, 3906022256]
[3906022320, 3906022336]
[3906022432, 3906022464]
[3906022496, 3906022512]
[3906022576, 3906022592]
[3906022688, 3906022720]
[3906022752, 3906022768]
[3906022832, 3906022848]
[3906022944, 3906022976]
[3906023008, 3906023024]
[3906023088, 3906023104]
[3906023200, 3906023232]
[3906023264, 3906023280]
[3906023344, 3906023360]
[3906023456, 3906023488]
[3906023520, 3906023536]
[3906023600, 3906023616]
[3906023712, 3906023744]
[3906023776, 3906023792]
[3906023856, 3906023872]
[3906023968, 3906024000]
[3906024032, 3906024048]
[3906024112, 3906024128]
[3906024224, 3906024256]
[3906024288, 3906024304]
[3906024368, 3906024384]
[3906024480, 3906024512]
[3906024544, 3906024560]
[3906024624, 3906024640]
[3906024736, 3906024768]
[3906024800, 3906024816]
[3906024880, 3906024896]
[3906024992, 3906025024]
[3906025056, 3906025072]
[3906025136, 3906025152]
[3906025248, 3906025280]
[3906025312, 3906025328]
[3906025392, 3906025408]
[3906025504, 3906025536]
[3906025568, 3906025584]
[3906025648, 3906025664]
[3906025760, 3906025792]
[3906025824, 3906025840]
[3906025904, 3906025920]
[3906026016, 3906026048]
[3906026080, 3906026096]
[3906026160, 3906026176]
[3906026272, 3906026304]
[3906026336, 3906026352]
[3906026416, 3906026432]
[3906026528, 3906026560]
[3906026592, 3906026608]
[3906026672, 3906026688]
[3906026784, 3906026816]
[3906026848, 3906026864]
[3906026928, 3906026944]
[3906027040, 3906027072]
[3906027104, 3906027120]
[3906027184, 3906027200]
[3906027296, 3906027328]
[3906027360, 3906027376]
[3906027440, 3906027456]
[3906027552, 3906027584]
[3906027616, 3906027632]
[3906027696, 3906027712]
[3906027808, 3906027840]
[3906027872, 3906027888]
[3906027952, 3906027968]
[3906028064, 3906028096]
[3906028128, 3906028144]
[3906028208, 3906028224]
[3906028320, 3906028352]
[3906028384, 3906028400]
[3906028464, 3906028480]
[3906028576, 3906028608]
[3906028640, 3906028656]
[3906028720, 3906028736]
[3906028832, 3906028864]
[3906028896, 3906028912]
[3906028976, 3906028992]
[3906029088, 3906029120]
[3906029152, 3906029168]
[3906029232, 3906029248]
[3906029344, 3906029376]
[3906029408, 3906029424]
[3906029488, 3906029504]
[3906029600, 3906029632]
[3906029664, 3906029680]
[3906029744, 3906029760]
[3906029856, 3906029888]
[3906029920, 3906029936]
[3906030000, 3906030016]
[3906030112, 3906030144]
[3906030176, 3906030192]
[3906030256, 3906030272]
[3906030368, 3906030400]
[3906030432, 3906030448]
[3906030512, 3906030528]
[3906030624, 3906030656]
[3906030688, 3906030704]
[3906030768, 3906030784]
[3906030880, 3906030912]
[3906030944, 3906030960]
[3906031024, 3906031040]
[3906031136, 3906031168]
[3906031200, 3906031216]
[3906031280, 3906031296]
[3906031392, 3906031424]
[3906031456, 3906031472]
[3906031536, 3906031552]
[3906031648, 3906031680]
[3906031712, 3906031728]
[3906031792, 3906031808]
[3906031904, 3906031936]
[3906031968, 3906031984]
[3906032048, 3906032064]
[3906032160, 3906032192]
[3906032224, 3906032240]
[3906032304, 3906032320]
[3906032416, 3906032448]
[3906032480, 3906032496]
[3906032560, 3906032576]
[3906032672, 3906032704]
[3906032736, 3906032752]
[3906032816, 3906032832]
[3906032928, 3906032960]
[3906032992, 3906033008]
[3906033072, 3906033088]
[3906033184, 3906033216]
[3906033248, 3906033264]
[3906033328, 3906033344]
[3906033440, 3906033472]
[3906033504, 3906033520]
[3906033584, 3906033600]
[3906033696, 3906033728]
[3906033760, 3906033776]
[3906033840, 3906033856]
[3906033952, 3906033984]
[3906034016, 3906034032]
[3906034096, 3906034112]
[3906034208, 3906034240]
[3906034272, 3906034288]
[3906034352, 3906034368]
[3906034464, 3906034496]
[3906034528, 3906034544]
[3906034608, 3906034624]
[3906034720, 3906034752]
[3906034784, 3906034800]
[3906034864, 3906034880]
[3906034976, 3906035008]
[3906035040, 3906035056]
[3906035120, 3906035136]
[3906035232, 3906035264]
[3906035296, 3906035312]
[3906035376, 3906035392]
[3906035488, 3906035520]
[3906035552, 3906035568]
[3906035632, 3906035648]
[3906035744, 3906035776]
[3906035808, 3906035824]
[3906035888, 3906035904]
[3906036000, 3906036032]
[3906036064, 3906036080]
[3906036144, 3906036160]
[3906036256, 3906036288]
[3906036320, 3906036336]
[3906036400, 3906036416]
[3906036512, 3906036544]
[3906036576, 3906036592]
[3906036656, 3906036672]
[3906036768, 3906036800]
[3906036832, 3906036848]
[3906036912, 3906036928]
[3906037024, 3906037056]
[3906037088, 3906037104]
[3906037168, 3906037184]
[3906037280, 3906037312]
[3906037344, 3906037360]
[3906037424, 3906037440]
[3906037536, 3906037568]
[3906037600, 3906037616]
[3906037680, 3906037696]
[3906037792, 3906037824]
[3906037856, 3906037872]
[3906037936, 3906037952]
[3906038048, 3906038080]
[3906038112, 3906038128]
[3906038192, 3906038208]
[3906038304, 3906038336]
[3906038368, 3906038384]
[3906038448, 3906038464]
[3906038560, 3906038592]
[3906038624, 3906038640]
[3906038704, 3906038720]
[3906038816, 3906038848]
[3906038880, 3906038896]
[3906038960, 3906038976]
[3906039072, 3906039104]
[3906039136, 3906039152]
[3906039216, 3906039232]
[3906039328, 3906039360]
[3906039392, 3906039408]
[3906039472, 3906039488]
[3906039584, 3906039616]
[3906039648, 3906039664]
[3906039728, 3906039744]
[3906039840, 3906039872]
[3906039904, 3906039920]
[3906039984, 3906040000]
[3906040096, 3906040128]
[3906040160, 3906040176]
[3906040240, 3906040256]
[3906040352, 3906040384]
[3906040416, 3906040432]
[3906040496, 3906040512]
[3906040608, 3906040640]
[3906040672, 3906040688]
[3906040752, 3906040768]
[3906040864, 3906040896]
[3906040928, 3906040944]
[3906041008, 3906041024]
[3906041120, 3906041152]
[3906041184, 3906041200]
[3906041264, 3906041280]
[3906041376, 3906041408]
[3906041440, 3906041456]
[3906041520, 3906041536]
[3906041632, 3906041664]
[3906041696, 3906041712]
[3906041776, 3906041792]
[3906041888, 3906041920]
[3906041952, 3906041968]
[3906042032, 3906042048]
[3906042144, 3906042176]
[3906042208, 3906042224]
[3906042288, 3906042304]
[3906042400, 3906042432]
[3906042464, 3906042480]
[3906042544, 3906042560]
[3906042656, 3906042688]
[3906042720, 3906042736]
[3906042800, 3906042816]
[3906042912, 3906042944]
[3906042976, 3906042992]
[3906043056, 3906043072]
[3906043168, 3906043200]
[3906043232, 3906043248]
[3906043312, 3906043328]
[3906043424, 3906043456]
[3906043488, 3906043504]
[3906043568, 3906043584]
[3906043680, 3906043712]
[3906043744, 3906043760]
[3906043824, 3906043840]
[3906043936, 3906043968]
[3906044000, 3906044016]
[3906044080, 3906044096]
[3906044192, 3906044224]
[3906044256, 3906044272]
[3906044336, 3906044352]
[3906044448, 3906044480]
[3906044512, 3906044528]
[3906044592, 3906044608]
[3906044704, 3906044736]
[3906044768, 3906044784]
[3906044848, 3906044864]
[3906044960, 3906044992]
[3906045024, 3906045040]
[3906045104, 3906045120]
[3906045216, 3906045248]
[3906045280, 3906045296]
[3906045360, 3906045376]
[3906045472, 3906045504]
[3906045536, 3906045552]
[3906045616, 3906045632]
[3906045728, 3906045760]
[3906045792, 3906045808]
[3906045872, 3906045888]
[3906045984, 3906046016]
[3906046048, 3906046064]
[3906046128, 3906046144]
[3906046240, 3906046272]
[3906046304, 3906046320]
[3906046384, 3906046400]
[3906046496, 3906046528]
[3906046560, 3906046576]
[3906046640, 3906046656]
[3906046752, 3906046784]
[3906046816, 3906046832]
[3906046896, 3906046912]
[3906047008, 3906047040]
[3906047072, 3906047088]
[3906047152, 3906047168]
[3906047264, 3906047296]
[3906047328, 3906047344]
[3906047408, 3906047424]
[3906047520, 3906047552]
[3906047584, 3906047600]
[3906047664, 3906047680]
[3906047776, 3906047808]
[3906047840, 3906047856]
[3906047920, 3906047936]
[3906048032, 3906048064]
[3906048096, 3906048112]
[3906048176, 3906048192]
[3906048288, 3906048320]
[3906048352, 3906048368]
[3906048432, 3906048448]
[3906048544, 3906048576]
[3906048608, 3906048624]
[3906048688, 3906048704]
[3906048800, 3906048832]
[3906048864, 3906048880]
[3906048944, 3906048960]
[3906049056, 3906049088]
[3906049120, 3906049136]
[3906049200, 3906049216]
[3906049312, 3906049344]
[3906049376, 3906049392]
[3906049456, 3906049472]
[3906049568, 3906049600]
[3906049632, 3906049648]
[3906049712, 3906049728]
[3906049824, 3906049856]
[3906049888, 3906049904]
[3906049968, 3906049984]
[3906050080, 3906050112]
[3906050144, 3906050160]
[3906050224, 3906050240]
[3906050336, 3906050368]
[3906050400, 3906050416]
[3906050480, 3906050496]
[3906050592, 3906050624]
[3906050656, 3906050672]
[3906050736, 3906050752]
[3906050848, 3906050880]
[3906050912, 3906050928]
[3906050992, 3906051008]
[3906051104, 3906051136]
[3906051168, 3906051184]
[3906051248, 3906051264]
[3906051360, 3906051392]
[3906051424, 3906051440]
[3906051504, 3906051520]
[3906051616, 3906051648]
[3906051680, 3906051696]
[3906051760, 3906051776]
[3906051872, 3906051904]
[3906051936, 3906051952]
[3906052016, 3906052032]
[3906052128, 3906052160]
[3906052192, 3906052208]
[3906052272, 3906052288]
[3906052384, 3906052416]
[3906052448, 3906052464]
[3906052528, 3906052544]
[3906052640, 3906052672]
[3906052704, 3906052720]
[3906052784, 3906052800]
[3906052896, 3906052928]
[3906052960, 3906052976]
[3906053040, 3906053056]
[3906053152, 3906053184]
[3906053216, 3906053232]
[3906053296, 3906053312]
[3906053408, 3906053440]
[3906053472, 3906053488]
[3906053552, 3906053568]
[3906053664, 3906053696]
[3906053728, 3906053744]
[3906053808, 3906053824]
[3906053920, 3906053952]
[3906053984, 3906054000]
[3906054064, 3906054080]
[3906054176, 3906054208]
[3906054240, 3906054256]
[3906054320, 3906054336]
[3906054432, 3906054464]
[3906054496, 3906054512]
[3906054576, 3906054592]
[3906054688, 3906054720]
[3906054752, 3906054768]
[3906054832, 3906054848]
[3906054944, 3906054976]
[3906055008, 3906055024]
[3906055088, 3906055104]
[3906055200, 3906055232]
[3906055264, 3906055280]
[3906055344, 3906055360]
[3906055456, 3906055488]
[3906055520, 3906055536]
[3906055600, 3906055616]
[3906055712, 3906055744]
[3906055776, 3906055792]
[3906055856, 3906055872]
[3906055968, 3906056000]
[3906056032, 3906056048]
[3906056112, 3906056128]
[3906056224, 3906056256]
[3906056288, 3906056304]
[3906056368, 3906056384]
[3906056480, 3906056512]
[3906056544, 3906056560]
[3906056624, 3906056640]
[3906056736, 3906056768]
[3906056800, 3906056816]
[3906056880, 3906056896]
[3906056992, 3906057024]
[3906057056, 3906057072]
[3906057136, 3906057152]
[3906057248, 3906057280]
[3906057312, 3906057328]
[3906057392, 3906057408]
[3906057504, 3906057536]
[3906057568, 3906057584]
[3906057648, 3906057664]
[3906057760, 3906057792]
[3906057824, 3906057840]
[3906057904, 3906057920]
[3906058016, 3906058048]
[3906058080, 3906058096]
[3906058160, 3906058176]
[3906058272, 3906058304]
[3906058336, 3906058352]
[3906058416, 3906058432]
[3906058528, 3906058560]
[3906058592, 3906058608]
[3906058672, 3906058688]
[3906058784, 3906058816]
[3906058848, 3906058864]
[3906058928, 3906058944]
[3906059040, 3906059072]
[3906059104, 3906059120]
[3906059184, 3906059200]
[3906059296, 3906059328]
[3906059360, 3906059376]
[3906059440, 3906059456]
[3906059552, 3906059584]
[3906059616, 3906059632]
[3906059696, 3906059712]
[3906059808, 3906059840]
[3906059872, 3906059888]
[3906059952, 3906059968]
[3906060064, 3906060096]
[3906060128, 3906060144]
[3906060208, 3906060224]
[3906060320, 3906060352]
[3906060384, 3906060400]
[3906060464, 3906060480]
[3906060576, 3906060608]
[3906060640, 3906060656]
[3906060720, 3906060736]
[3906060832, 3906060864]
[3906060896, 3906060912]
[3906060976, 3906060992]
[3906061088, 3906061120]
[3906061152, 3906061168]
[3906061232, 3906061248]
[3906061344, 3906061376]
[3906061408, 3906061424]
[3906061488, 3906061504]
[3906061600, 3906061632]
[3906061664, 3906061680]
[3906061744, 3906061760]
[3906061856, 3906061888]
[3906061920, 3906061936]
[3906062000, 3906062016]
[3906062112, 3906062144]
[3906062176, 3906062192]
[3906062256, 3906062272]
[3906062368, 3906062400]
[3906062432, 3906062448]
[3906062512, 3906062528]
[3906062624, 3906062656]
[3906062688, 3906062704]
[3906062768, 3906062784]
[3906062880, 3906062912]
[3906062944, 3906062960]
[3906063024, 3906063040]
[3906063136, 3906063168]
[3906063200, 3906063216]
[3906063280, 3906063296]
[3906063392, 3906063424]
[3906063456, 3906063472]
[3906063536, 3906063552]
[3906063648, 3906063680]
[3906063712, 3906063728]
[3906063792, 3906063808]
[3906063904, 3906063936]
[3906063968, 3906063984]
[3906064048, 3906064064]
[3906064160, 3906064192]
[3906064224, 3906064240]
[3906064304, 3906064320]
[3906064416, 3906064448]
[3906064480, 3906064496]
[3906064560, 3906064576]
[3906064672, 3906064704]
[3906064736, 3906064752]
[3906064816, 3906064832]
[3906064928, 3906064960]
[3906064992, 3906065008]
[3906065072, 3906065088]
[3906065184, 3906065216]
[3906065248, 3906065264]
[3906065328, 3906065344]
[3906065440, 3906065472]
[3906065504, 3906065520]
[3906065584, 3906065600]
[3906065696, 3906065728]
[3906065760, 3906065776]
[3906065840, 3906065856]
[3906065952, 3906065984]
[3906066016, 3906066032]
[3906066096, 3906066112]
[3906066208, 3906066240]
[3906066272, 3906066288]
[3906066352, 3906066368]
[3906066464, 3906066496]
[3906066528, 3906066544]
[3906066608, 3906066624]
[3906066720, 3906066752]
[3906066784, 3906066800]
[3906066864, 3906066880]
[3906066976, 3906067008]
[3906067040, 3906067056]
[3906067120, 3906067136]
[3906067232, 3906067264]
[3906067296, 3906067312]
[3906067376, 3906067392]
[3906067488, 3906067520]
[3906067552, 3906067568]
[3906067632, 3906067648]
[3906067744, 3906067776]
[3906067808, 3906067824]
[3906067888, 3906067904]
[3906068000, 3906068032]
[3906068064, 3906068080]
[3906068144, 3906068160]
[3906068256, 3906068288]
[3906068320, 3906068336]
[3906068400, 3906068416]
[3906068512, 3906068544]
[3906068576, 3906068592]
[3906068656, 3906068672]
[3906068768, 3906068800]
[3906068832, 3906068848]
[3906068912, 3906068928]
[3906069024, 3906069056]
[3906069088, 3906069104]
[3906069168, 3906069184]
[3906069280, 3906069312]
[3906069344, 3906069360]
[3906069424, 3906069440]
[3906069536, 3906069568]
[3906069600, 3906069616]
[3906069680, 3906069696]
[3906069792, 3906069824]
[3906069856, 3906069872]
[3906069936, 3906069952]
[3906070048, 3906070080]
[3906070112, 3906070128]
[3906070192, 3906070208]
[3906070304, 3906070336]
[3906070368, 3906070384]
[3906070448, 3906070464]
[3906070560, 3906070592]
[3906070624, 3906070640]
[3906070704, 3906070720]
[3906070816, 3906070848]
[3906070880, 3906070896]
[3906070960, 3906070976]
[3906071072, 3906071104]
[3906071136, 3906071152]
[3906071216, 3906071232]
[3906071328, 3906071360]
[3906071392, 3906071408]
[3906071472, 3906071488]
[3906071584, 3906071616]
[3906071648, 3906071664]
[3906071728, 3906071744]
[3906071840, 3906071872]
[3906071904, 3906071920]
[3906071984, 3906072000]
[3906072096, 3906072128]
[3906072160, 3906072176]
[3906072240, 3906072256]
[3906072352, 3906072384]
[3906072416, 3906072432]
[3906072496, 3906072512]
[3906072608, 3906072640]
[3906072672, 3906072688]
[3906072752, 3906072768]
[3906072864, 3906072896]
[3906072928, 3906072944]
[3906073008, 3906073024]
[3906073120, 3906073152]
[3906073184, 3906073200]
[3906073264, 3906073280]
[3906073376, 3906073408]
[3906073440, 3906073456]
[3906073520, 3906073536]
[3906073632, 3906073664]
[3906073696, 3906073712]
[3906073776, 3906073792]
[3906073888, 3906073920]
[3906073952, 3906073968]
[3906074032, 3906074048]
[3906074144, 3906074176]
[3906074208, 3906074224]
[3906074288, 3906074304]
[3906074400, 3906074432]
[3906074464, 3906074480]
[3906074544, 3906074560]
[3906074656, 3906074688]
[3906074720, 3906074736]
[3906074800, 3906074816]
[3906074912, 3906074944]
[3906074976, 3906074992]
[3906075056, 3906075072]
[3906075168, 3906075200]
[3906075232, 3906075248]
[3906075312, 3906075328]
[3906075424, 3906075456]
[3906075488, 3906075504]
[3906075568, 3906075584]
[3906075680, 3906075712]
[3906075744, 3906075760]
[3906075824, 3906075840]
[3906075936, 3906075968]
[3906076000, 3906076016]
[3906076080, 3906076096]
[3906076192, 3906076224]
[3906076256, 3906076272]
[3906076336, 3906076352]
[3906076448, 3906076480]
[3906076512, 3906076528]
[3906076592, 3906076608]
[3906076704, 3906076736]
[3906076768, 3906076784]
[3906076848, 3906076864]
[3906076960, 3906076992]
[3906077024, 3906077040]
[3906077104, 3906077120]
[3906077216, 3906077248]
[3906077280, 3906077296]
[3906077360, 3906077376]
[3906077472, 3906077504]
[3906077536, 3906077552]
[3906077616, 3906077632]
[3906077728, 3906077760]
[3906077792, 3906077808]
[3906077872, 3906077888]
[3906077984, 3906078016]
[3906078048, 3906078064]
[3906078128, 3906078144]
[3906078240, 3906078272]
[3906078304, 3906078320]
[3906078384, 3906078400]
[3906078496, 3906078528]
[3906078560, 3906078576]
[3906078640, 3906078656]
[3906078752, 3906078784]
[3906078816, 3906078832]
[3906078896, 3906078912]
[3906079008, 3906079040]
[3906079072, 3906079088]
[3906079152, 3906079168]
[3906079264, 3906079296]
[3906079328, 3906079344]
[3906079408, 3906079424]
[3906079520, 3906079552]
[3906079584, 3906079600]
[3906079664, 3906079680]
[3906079776, 3906079808]
[3906079840, 3906079856]
[3906079920, 3906079936]
[3906080032, 3906080064]
[3906080096, 3906080112]
[3906080176, 3906080192]
[3906080288, 3906080320]
[3906080352, 3906080368]
[3906080432, 3906080448]
[3906080544, 3906080576]
[3906080608, 3906080624]
[3906080688, 3906080704]
[3906080800, 3906080832]
[3906080864, 3906080880]
[3906080944, 3906080960]
[3906081056, 3906081088]
[3906081120, 3906081136]
[3906081200, 3906081216]
[3906081312, 3906081344]
[3906081376, 3906081392]
[3906081456, 3906081472]
[3906081568, 3906081600]
[3906081632, 3906081648]
[3906081712, 3906081728]
[3906081824, 3906081856]
[3906081888, 3906081904]
[3906081968, 3906081984]
[3906082080, 3906082112]
[3906082144, 3906082160]
[3906082224, 3906082240]
[3906082336, 3906082368]
[3906082400, 3906082416]
[3906082480, 3906082496]
[3906082592, 3906082624]
[3906082656, 3906082672]
[3906082736, 3906082752]
[3906082848, 3906082880]
[3906082912, 3906082928]
[3906082992, 3906083008]
[3906083104, 3906083136]
[3906083168, 3906083184]
[3906083248, 3906083264]
[3906083360, 3906083392]
[3906083424, 3906083440]
[3906083504, 3906083520]
[3906083616, 3906083648]
[3906083680, 3906083696]
[3906083760, 3906083776]
[3906083872, 3906083904]
[3906083936, 3906083952]
[3906084016, 3906084032]
[3906084128, 3906084160]
[3906084192, 3906084208]
[3906084272, 3906084288]
[3906084384, 3906084416]
[3906084448, 3906084464]
[3906084528, 3906084544]
[3906084640, 3906084672]
[3906084704, 3906084720]
[3906084784, 3906084800]
[3906084896, 3906084928]
[3906084960, 3906084976]
[3906085040, 3906085056]
[3906085152, 3906085184]
[3906085216, 3906085232]
[3906085296, 3906085312]
[3906085408, 3906085440]
[3906085472, 3906085488]
[3906085552, 3906085568]
[3906085664, 3906085696]
[3906085728, 3906085744]
[3906085808, 3906085824]
[3906085920, 3906085952]
[3906085984, 3906086000]
[3906086064, 3906086080]
[3906086176, 3906086208]
[3906086240, 3906086256]
[3906086320, 3906086336]
[3906086432, 3906086464]
[3906086496, 3906086512]
[3906086576, 3906086592]
[3906086688, 3906086720]
[3906086752, 3906086768]
[3906086832, 3906086848]
[3906086944, 3906086976]
[3906087008, 3906087024]
[3906087088, 3906087104]
[3906087200, 3906087232]
[3906087264, 3906087280]
[3906087344, 3906087360]
[3906087456, 3906087488]
[3906087520, 3906087536]
[3906087600, 3906087616]
[3906087712, 3906087744]
[3906087776, 3906087792]
[3906087856, 3906087872]
[3906087968, 3906088000]
[3906088032, 3906088048]
[3906088112, 3906088128]
[3906088224, 3906088256]
[3906088288, 3906088304]
[3906088368, 3906088384]
[3906088480, 3906088512]
[3906088544, 3906088560]
[3906088624, 3906088640]
[3906088736, 3906088768]
[3906088800, 3906088816]
[3906088880, 3906088896]
[3906088992, 3906089024]
[3906089056, 3906089072]
[3906089136, 3906089152]
[3906089248, 3906089280]
[3906089312, 3906089328]
[3906089392, 3906089408]
[3906089504, 3906089536]
[3906089568, 3906089584]
[3906089648, 3906089664]
[3906089760, 3906089792]
[3906089824, 3906089840]
[3906089904, 3906089920]
[3906090016, 3906090048]
[3906090080, 3906090096]
[3906090160, 3906090176]
[3906090272, 3906090304]
[3906090336, 3906090352]
[3906090416, 3906090432]
[3906090528, 3906090560]
[3906090592, 3906090608]
[3906090672, 3906090688]
[3906090784, 3906090816]
[3906090848, 3906090864]
[3906090928, 3906090944]
[3906091040, 3906091072]
[3906091104, 3906091120]
[3906091184, 3906091200]
[3906091296, 3906091328]
[3906091360, 3906091376]
[3906091440, 3906091456]
[3906091552, 3906091584]
[3906091616, 3906091632]
[3906091696, 3906091712]
[3906091808, 3906091840]
[3906091872, 3906091888]
[3906091952, 3906091968]
[3906092064, 3906092096]
[3906092128, 3906092144]
[3906092208, 3906092224]
[3906092320, 3906092352]
[3906092384, 3906092400]
[3906092464, 3906092480]
[3906092576, 3906092608]
[3906092640, 3906092656]
[3906092720, 3906092736]
[3906092832, 3906092864]
[3906092896, 3906092912]
[3906092976, 3906092992]
[3906093088, 3906093120]
[3906093152, 3906093168]
[3906093232, 3906093248]
[3906093344, 3906093376]
[3906093408, 3906093424]
[3906093488, 3906093504]
[3906093600, 3906093632]
[3906093664, 3906093680]
[3906093744, 3906093760]
[3906093856, 3906093888]
[3906093920, 3906093936]
[3906094000, 3906094016]
[3906094112, 3906094144]
[3906094176, 3906094192]
[3906094256, 3906094272]
[3906094368, 3906094400]
[3906094432, 3906094448]
[3906094512, 3906094528]
[3906094624, 3906094656]
[3906094688, 3906094704]
[3906094768, 3906094784]
[3906094880, 3906094912]
[3906094944, 3906094960]
[3906095024, 3906095040]
[3906095136, 3906095168]
[3906095200, 3906095216]
[3906095280, 3906095296]
[3906095392, 3906095424]
[3906095456, 3906095472]
[3906095536, 3906095552]
[3906095648, 3906095680]
[3906095712, 3906095728]
[3906095792, 3906095808]
[3906095904, 3906095936]
[3906095968, 3906095984]
[3906096048, 3906096064]
[3906096160, 3906096192]
[3906096224, 3906096240]
[3906096304, 3906096320]
[3906096416, 3906096448]
[3906096480, 3906096496]
[3906096560, 3906096576]
[3906096672, 3906096704]
[3906096736, 3906096752]
[3906096816, 3906096832]
[3906096928, 3906096960]
[3906096992, 3906097008]
[3906097072, 3906097088]
[3906097184, 3906097216]
[3906097248, 3906097264]
[3906097328, 3906097344]
[3906097440, 3906097472]
[3906097504, 3906097520]
[3906097584, 3906097600]
[3906097696, 3906097728]
[3906097760, 3906097776]
[3906097840, 3906097856]
[3906097952, 3906097984]
[3906098016, 3906098032]
[3906098096, 3906098112]
[3906098208, 3906098240]
[3906098272, 3906098288]
[3906098352, 3906098368]
[3906098464, 3906098496]
[3906098528, 3906098544]
[3906098608, 3906098624]
[3906098720, 3906098752]
[3906098784, 3906098800]
[3906098864, 3906098880]
[3906098976, 3906099008]
[3906099040, 3906099056]
[3906099120, 3906099136]
[3906099232, 3906099264]
[3906099296, 3906099312]
[3906099376, 3906099392]
[3906099488, 3906099520]
[3906099552, 3906099568]
[3906099632, 3906099648]
[3906099744, 3906099776]
[3906099808, 3906099824]
[3906099888, 3906099904]
[3906100000, 3906100032]
[3906100064, 3906100080]
[3906100144, 3906100160]
[3906100256, 3906100288]
[3906100320, 3906100336]
[3906100400, 3906100416]
[3906100512, 3906100544]
[3906100576, 3906100592]
[3906100656, 3906100672]
[3906100768, 3906100800]
[3906100832, 3906100848]
[3906100912, 3906100928]
[3906101024, 3906101056]
[3906101088, 3906101104]
[3906101168, 3906101184]
[3906101280, 3906101312]
[3906101344, 3906101360]
[3906101424, 3906101440]
[3906101536, 3906101568]
[3906101600, 3906101616]
[3906101680, 3906101696]
[3906101792, 3906101824]
[3906101856, 3906101872]
[3906101936, 3906101952]
[3906102048, 3906102080]
[3906102112, 3906102128]
[3906102192, 3906102208]
[3906102304, 3906102336]
[3906102368, 3906102384]
[3906102448, 3906102464]
[3906102560, 3906102592]
[3906102624, 3906102640]
[3906102704, 3906102720]
[3906102816, 3906102848]
[3906102880, 3906102896]
[3906102960, 3906102976]
[3906103072, 3906103104]
[3906103136, 3906103152]
[3906103216, 3906103232]
[3906103328, 3906103360]
[3906103392, 3906103408]
[3906103472, 3906103488]
[3906103584, 3906103616]
[3906103648, 3906103664]
[3906103728, 3906103744]
[3906103840, 3906103872]
[3906103904, 3906103920]
[3906103984, 3906104000]
[3906104096, 3906104128]
[3906104160, 3906104176]
[3906104240, 3906104256]
[3906104352, 3906104384]
[3906104416, 3906104432]
[3906104496, 3906104512]
[3906104608, 3906104640]
[3906104672, 3906104688]
[3906104752, 3906104768]
[3906104864, 3906104896]
[3906104928, 3906104944]
[3906105008, 3906105024]
[3906105120, 3906105152]
[3906105184, 3906105200]
[3906105264, 3906105280]
[3906105376, 3906105408]
[3906105440, 3906105456]
[3906105520, 3906105536]
[3906105632, 3906105664]
[3906105696, 3906105712]
[3906105776, 3906105792]
[3906105888, 3906105920]
[3906105952, 3906105968]
[3906106032, 3906106048]
[3906106144, 3906106176]
[3906106208, 3906106224]
[3906106288, 3906106304]
[3906106400, 3906106432]
[3906106464, 3906106480]
[3906106544, 3906106560]
[3906106656, 3906106688]
[3906106720, 3906106736]
[3906106800, 3906106816]
[3906106912, 3906106944]
[3906106976, 3906106992]
[3906107056, 3906107072]
[3906107168, 3906107200]
[3906107232, 3906107248]
[3906107312, 3906107328]
[3906107424, 3906107456]
[3906107488, 3906107504]
[3906107568, 3906107584]
[3906107680, 3906107712]
[3906107744, 3906107760]
[3906107824, 3906107840]
[3906107936, 3906107968]
[3906108000, 3906108016]
[3906108080, 3906108096]
[3906108192, 3906108224]
[3906108256, 3906108272]
[3906108336, 3906108352]
[3906108448, 3906108480]
[3906108512, 3906108528]
[3906108592, 3906108608]
[3906108704, 3906108736]
[3906108768, 3906108784]
[3906108848, 3906108864]
[3906108960, 3906108992]
[3906109024, 3906109040]
[3906109104, 3906109120]
[3906109216, 3906109248]
[3906109280, 3906109296]
[3906109360, 3906109376]
[3906109472, 3906109504]
[3906109536, 3906109552]
[3906109616, 3906109632]
[3906109728, 3906109760]
[3906109792, 3906109808]
[3906109872, 3906109888]
[3906109984, 3906110016]
[3906110048, 3906110064]
[3906110128, 3906110144]
[3906110240, 3906110272]
[3906110304, 3906110320]
[3906110384, 3906110400]
[3906110496, 3906110528]
[3906110560, 3906110576]
[3906110640, 3906110656]
[3906110752, 3906110784]
[3906110816, 3906110832]
[3906110896, 3906110912]
[3906111008, 3906111040]
[3906111072, 3906111088]
[3906111152, 3906111168]
[3906111264, 3906111296]
[3906111328, 3906111344]
[3906111408, 3906111424]
[3906111520, 3906111552]
[3906111584, 3906111600]
[3906111664, 3906111680]
[3906111776, 3906111808]
[3906111840, 3906111856]
[3906111920, 3906111936]
[3906112032, 3906112064]
[3906112096, 3906112112]
[3906112176, 3906112192]
[3906112288, 3906112320]
[3906112352, 3906112368]
[3906112432, 3906112448]
[3906112544, 3906112576]
[3906112608, 3906112624]
[3906112688, 3906112704]
[3906112800, 3906112832]
[3906112864, 3906112880]
[3906112944, 3906112960]
[3906113056, 3906113088]
[3906113120, 3906113136]
[3906113200, 3906113216]
[3906113312, 3906113344]
[3906113376, 3906113392]
[3906113456, 3906113472]
[3906113568, 3906113600]
[3906113632, 3906113648]
[3906113712, 3906113728]
[3906113824, 3906113856]
[3906113888, 3906113904]
[3906113968, 3906113984]
[3906114080, 3906114112]
[3906114144, 3906114160]
[3906114224, 3906114240]
[3906114336, 3906114368]
[3906114400, 3906114416]
[3906114480, 3906114496]
[3906114592, 3906114624]
[3906114656, 3906114672]
[3906114736, 3906114752]
[3906114848, 3906114880]
[3906114912, 3906114928]
[3906114992, 3906115008]
[3906115104, 3906115136]
[3906115168, 3906115184]
[3906115248, 3906115264]
[3906115360, 3906115392]
[3906115424, 3906115440]
[3906115504, 3906115520]
[3906115616, 3906115648]
[3906115680, 3906115696]
[3906115760, 3906115776]
[3906115872, 3906115904]
[3906115936, 3906115952]
[3906116016, 3906116032]
[3906116128, 3906116160]
[3906116192, 3906116208]
[3906116272, 3906116288]
[3906116384, 3906116416]
[3906116448, 3906116464]
[3906116528, 3906116544]
[3906116640, 3906116672]
[3906116704, 3906116720]
[3906116784, 3906116800]
[3906116896, 3906116928]
[3906116960, 3906116976]
[3906117040, 3906117056]
[3906117152, 3906117184]
[3906117216, 3906117232]
[3906117296, 3906117312]
[3906117408, 3906117440]
[3906117472, 3906117488]
[3906117552, 3906117568]
[3906117664, 3906117696]
[3906117728, 3906117744]
[3906117808, 3906117824]
[3906117920, 3906117952]
[3906117984, 3906118000]
[3906118064, 3906118080]
[3906118176, 3906118208]
[3906118240, 3906118256]
[3906118320, 3906118336]
[3906118432, 3906118464]
[3906118496, 3906118512]
[3906118576, 3906118592]
[3906118688, 3906118720]
[3906118752, 3906118768]
[3906118832, 3906118848]
[3906118944, 3906118976]
[3906119008, 3906119024]
[3906119088, 3906119104]
[3906119200, 3906119232]
[3906119264, 3906119280]
[3906119344, 3906119360]
[3906119456, 3906119488]
[3906119520, 3906119536]
[3906119600, 3906119616]
[3906119712, 3906119744]
[3906119776, 3906119792]
[3906119856, 3906119872]
[3906119968, 3906120000]
[3906120032, 3906120048]
[3906120112, 3906120128]
[3906120224, 3906120256]
[3906120288, 3906120304]
[3906120368, 3906120384]
[3906120480, 3906120512]
[3906120544, 3906120560]
[3906120624, 3906120640]
[3906120736, 3906120768]
[3906120800, 3906120816]
[3906120880, 3906120896]
[3906120992, 3906121024]
[3906121056, 3906121072]
[3906121136, 3906121152]
[3906121248, 3906121280]
[3906121312, 3906121328]
[3906121392, 3906121408]
[3906121504, 3906121536]
[3906121568, 3906121584]
[3906121648, 3906121664]
[3906121760, 3906121792]
[3906121824, 3906121840]
[3906121904, 3906121920]
[3906122016, 3906122048]
[3906122080, 3906122096]
[3906122160, 3906122176]
[3906122272, 3906122304]
[3906122336, 3906122352]
[3906122416, 3906122432]
[3906122528, 3906122560]
[3906122592, 3906122608]
[3906122672, 3906122688]
[3906122784, 3906122816]
[3906122848, 3906122864]
[3906122928, 3906122944]
[3906123040, 3906123072]
[3906123104, 3906123120]
[3906123184, 3906123200]
[3906123296, 3906123328]
[3906123360, 3906123376]
[3906123440, 3906123456]
[3906123552, 3906123584]
[3906123616, 3906123632]
[3906123696, 3906123712]
[3906123808, 3906123840]
[3906123872, 3906123888]
[3906123952, 3906123968]
[3906124064, 3906124096]
[3906124128, 3906124144]
[3906124208, 3906124224]
[3906124320, 3906124352]
[3906124384, 3906124400]
[3906124464, 3906124480]
[3906124576, 3906124608]
[3906124640, 3906124656]
[3906124720, 3906124736]
[3906124832, 3906124864]
[3906124896, 3906124912]
[3906124976, 3906124992]
[3906125088, 3906125120]
[3906125152, 3906125168]
[3906125232, 3906125248]
[3906125344, 3906125376]
[3906125408, 3906125424]
[3906125488, 3906125504]
[3906125600, 3906125632]
[3906125664, 3906125680]
[3906125744, 3906125760]
[3906125856, 3906125888]
[3906125920, 3906125936]
[3906126000, 3906126016]
[3906126112, 3906126144]
[3906126176, 3906126192]
[3906126256, 3906126272]
[3906126368, 3906126400]
[3906126432, 3906126448]
[3906126512, 3906126528]
[3906126624, 3906126656]
[3906126688, 3906126704]
[3906126768, 3906126784]
[3906126880, 3906126912]
[3906126944, 3906126960]
[3906127024, 3906127040]
[3906127136, 3906127168]
[3906127200, 3906127216]
[3906127280, 3906127296]
[3906127392, 3906127424]
[3906127456, 3906127472]
[3906127536, 3906127552]
[3906127648, 3906127680]
[3906127712, 3906127728]
[3906127792, 3906127808]
[3906127904, 3906127936]
[3906127968, 3906127984]
[3906128048, 3906128064]
[3906128160, 3906128192]
[3906128224, 3906128240]
[3906128304, 3906128320]
[3906128416, 3906128448]
[3906128480, 3906128496]
[3906128560, 3906128576]
[3906128672, 3906128704]
[3906128736, 3906128752]
[3906128816, 3906128832]
[3906128928, 3906128960]
[3906128992, 3906129008]
[3906129072, 3906129088]
[3906129184, 3906129216]
[3906129248, 3906129264]
[3906129328, 3906129344]
[3906129440, 3906129472]
[3906129504, 3906129520]
[3906129584, 3906129600]
[3906129696, 3906129728]
[3906129760, 3906129776]
[3906129840, 3906129856]
[3906129952, 3906129984]
[3906130016, 3906130032]
[3906130096, 3906130112]
[3906130208, 3906130240]
[3906130272, 3906130288]
[3906130352, 3906130368]
[3906130464, 3906130496]
[3906130528, 3906130544]
[3906130608, 3906130624]
[3906130720, 3906130752]
[3906130784, 3906130800]
[3906130864, 3906130880]
[3906130976, 3906131008]
[3906131040, 3906131056]
[3906131120, 3906131136]
[3906131232, 3906131264]
[3906131296, 3906131312]
[3906131376, 3906131392]
[3906131488, 3906131520]
[3906131552, 3906131568]
[3906131632, 3906131648]
[3906131744, 3906131776]
[3906131808, 3906131824]
[3906131888, 3906131904]
[3906132000, 3906132032]
[3906132064, 3906132080]
[3906132144, 3906132160]
[3906132256, 3906132288]
[3906132320, 3906132336]
[3906132400, 3906132416]
[3906132512, 3906132544]
[3906132576, 3906132592]
[3906132656, 3906132672]
[3906132768, 3906132800]
[3906132832, 3906132848]
[3906132912, 3906132928]
[3906133024, 3906133056]
[3906133088, 3906133104]
[3906133168, 3906133184]
[3906133280, 3906133312]
[3906133344, 3906133360]
[3906133424, 3906133440]
[3906133536, 3906133568]
[3906133600, 3906133616]
[3906133680, 3906133696]
[3906133792, 3906133824]
[3906133856, 3906133872]
[3906133936, 3906133952]
[3906134048, 3906134080]
[3906134112, 3906134128]
[3906134192, 3906134208]
[3906134304, 3906134336]
[3906134368, 3906134384]
[3906134448, 3906134464]
[3906134560, 3906134592]
[3906134624, 3906134640]
[3906134704, 3906134720]
[3906134816, 3906134848]
[3906134880, 3906134896]
[3906134960, 3906134976]
[3906135072, 3906135104]
[3906135136, 3906135152]
[3906135216, 3906135232]
[3906135328, 3906135360]
[3906135392, 3906135408]
[3906135472, 3906135488]
[3906135584, 3906135616]
[3906135648, 3906135664]
[3906135728, 3906135744]
[3906135840, 3906135872]
[3906135904, 3906135920]
[3906135984, 3906136000]
[3906136096, 3906136128]
[3906136160, 3906136176]
[3906136240, 3906136256]
[3906136352, 3906136384]
[3906136416, 3906136432]
[3906136496, 3906136512]
[3906136608, 3906136640]
[3906136672, 3906136688]
[3906136752, 3906136768]
[3906136864, 3906136896]
[3906136928, 3906136944]
[3906137008, 3906137024]
[3906137120, 3906137152]
[3906137184, 3906137200]
[3906137264, 3906137280]
[3906137376, 3906137408]
[3906137440, 3906137456]
[3906137520, 3906137536]
[3906137632, 3906137664]
[3906137696, 3906137712]
[3906137776, 3906137792]
[3906137888, 3906137920]
[3906137952, 3906137968]
[3906138032, 3906138048]
[3906138144, 3906138176]
[3906138208, 3906138224]
[3906138288, 3906138304]
[3906138400, 3906138432]
[3906138464, 3906138480]
[3906138544, 3906138560]
[3906138656, 3906138688]
[3906138720, 3906138736]
[3906138800, 3906138816]
[3906138912, 3906138944]
[3906138976, 3906138992]
[3906139056, 3906139072]
[3906139168, 3906139200]
[3906139232, 3906139248]
[3906139312, 3906139328]
[3906139424, 3906139456]
[3906139488, 3906139504]
[3906139568, 3906139584]
[3906139680, 3906139712]
[3906139744, 3906139760]
[3906139824, 3906139840]
[3906139936, 3906139968]
[3906140000, 3906140016]
[3906140080, 3906140096]
[3906140192, 3906140224]
[3906140256, 3906140272]
[3906140336, 3906140352]
[3906140448, 3906140480]
[3906140512, 3906140528]
[3906140592, 3906140608]
[3906140704, 3906140736]
[3906140768, 3906140784]
[3906140848, 3906140864]
[3906140960, 3906140992]
[3906141024, 3906141040]
[3906141104, 3906141120]
[3906141216, 3906141248]
[3906141280, 3906141296]
[3906141360, 3906141376]
[3906141472, 3906141504]
[3906141536, 3906141552]
[3906141616, 3906141632]
[3906141728, 3906141760]
[3906141792, 3906141808]
[3906141872, 3906141888]
[3906141984, 3906142016]
[3906142048, 3906142064]
[3906142128, 3906142144]
[3906142240, 3906142272]
[3906142304, 3906142320]
[3906142384, 3906142400]
[3906142496, 3906142528]
[3906142560, 3906142576]
[3906142640, 3906142656]
[3906142752, 3906142784]
[3906142816, 3906142832]
[3906142896, 3906142912]
[3906143008, 3906143040]
[3906143072, 3906143088]
[3906143152, 3906143168]
[3906143264, 3906143296]
[3906143328, 3906143344]
[3906143408, 3906143424]
[3906143520, 3906143552]
[3906143584, 3906143600]
[3906143664, 3906143680]
[3906143776, 3906143808]
[3906143840, 3906143856]
[3906143920, 3906143936]
[3906144032, 3906144064]
[3906144096, 3906144112]
[3906144176, 3906144192]
[3906144288, 3906144320]
[3906144352, 3906144368]
[3906144432, 3906144448]
[3906144544, 3906144576]
[3906144608, 3906144624]
[3906144688, 3906144704]
[3906144800, 3906144832]
[3906144864, 3906144880]
[3906144944, 3906144960]
[3906145056, 3906145088]
[3906145120, 3906145136]
[3906145200, 3906145216]
[3906145312, 3906145344]
[3906145376, 3906145392]
[3906145456, 3906145472]
[3906145568, 3906145600]
[3906145632, 3906145648]
[3906145712, 3906145728]
[3906145824, 3906145856]
[3906145888, 3906145904]
[3906145968, 3906145984]
[3906146080, 3906146112]
[3906146144, 3906146160]
[3906146224, 3906146240]
[3906146336, 3906146368]
[3906146400, 3906146416]
[3906146480, 3906146496]
[3906146592, 3906146624]
[3906146656, 3906146672]
[3906146736, 3906146752]
[3906146848, 3906146880]
[3906146912, 3906146928]
[3906146992, 3906147008]
[3906147104, 3906147136]
[3906147168, 3906147184]
[3906147248, 3906147264]
[3906147360, 3906147392]
[3906147424, 3906147440]
[3906147504, 3906147520]
[3906147616, 3906147648]
[3906147680, 3906147696]
[3906147760, 3906147776]
[3906147872, 3906147904]
[3906147936, 3906147952]
[3906148016, 3906148032]
[3906148128, 3906148160]
[3906148192, 3906148208]
[3906148272, 3906148288]
[3906148384, 3906148416]
[3906148448, 3906148464]
[3906148528, 3906148544]
[3906148640, 3906148672]
[3906148704, 3906148720]
[3906148784, 3906148800]
[3906148896, 3906148928]
[3906148960, 3906148976]
[3906149040, 3906149056]
[3906149152, 3906149184]
[3906149216, 3906149232]
[3906149296, 3906149312]
[3906149408, 3906149440]
[3906149472, 3906149488]
[3906149552, 3906149568]
[3906149664, 3906149696]
[3906149728, 3906149744]
[3906149808, 3906149824]
[3906149920, 3906149952]
[3906149984, 3906150000]
[3906150064, 3906150080]
[3906150176, 3906150208]
[3906150240, 3906150256]
[3906150320, 3906150336]
[3906150432, 3906150464]
[3906150496, 3906150512]
[3906150576, 3906150592]
[3906150688, 3906150720]
[3906150752, 3906150768]
[3906150832, 3906150848]
[3906150944, 3906150976]
[3906151008, 3906151024]
[3906151088, 3906151104]
[3906151200, 3906151232]
[3906151264, 3906151280]
[3906151344, 3906151360]
[3906151456, 3906151488]
[3906151520, 3906151536]
[3906151600, 3906151616]
[3906151712, 3906151744]
[3906151776, 3906151792]
[3906151856, 3906151872]
[3906151968, 3906152000]
[3906152032, 3906152048]
[3906152112, 3906152128]
[3906152224, 3906152256]
[3906152288, 3906152304]
[3906152368, 3906152384]
[3906152480, 3906152512]
[3906152544, 3906152560]
[3906152624, 3906152640]
[3906152736, 3906152768]
[3906152800, 3906152816]
[3906152880, 3906152896]
[3906152992, 3906153024]
[3906153056, 3906153072]
[3906153136, 3906153152]
[3906153248, 3906153280]
[3906153312, 3906153328]
[3906153392, 3906153408]
[3906153504, 3906153536]
[3906153568, 3906153584]
[3906153648, 3906153664]
[3906153760, 3906153792]
[3906153824, 3906153840]
[3906153904, 3906153920]
[3906154016, 3906154048]
[3906154080, 3906154096]
[3906154160, 3906154176]
[3906154272, 3906154304]
[3906154336, 3906154352]
[3906154416, 3906154432]
[3906154528, 3906154560]
[3906154592, 3906154608]
[3906154672, 3906154688]
[3906154784, 3906154816]
[3906154848, 3906154864]
[3906154928, 3906154944]
[3906155040, 3906155072]
[3906155104, 3906155120]
[3906155184, 3906155200]
[3906155296, 3906155328]
[3906155360, 3906155376]
[3906155440, 3906155456]
[3906155552, 3906155584]
[3906155616, 3906155632]
[3906155696, 3906155712]
[3906155808, 3906155840]
[3906155872, 3906155888]
[3906155952, 3906155968]
[3906156064, 3906156096]
[3906156128, 3906156144]
[3906156208, 3906156224]
[3906156320, 3906156352]
[3906156384, 3906156400]
[3906156464, 3906156480]
[3906156576, 3906156608]
[3906156640, 3906156656]
[3906156720, 3906156736]
[3906156832, 3906156864]
[3906156896, 3906156912]
[3906156976, 3906156992]
[3906157088, 3906157120]
[3906157152, 3906157168]
[3906157232, 3906157248]
[3906157344, 3906157376]
[3906157408, 3906157424]
[3906157488, 3906157504]
[3906157600, 3906157632]
[3906157664, 3906157680]
[3906157744, 3906157760]
[3906157856, 3906157888]
[3906157920, 3906157936]
[3906158000, 3906158016]
[3906158112, 3906158144]
[3906158176, 3906158192]
[3906158256, 3906158272]
[3906158368, 3906158400]
[3906158432, 3906158448]
[3906158512, 3906158528]
[3906158624, 3906158656]
[3906158688, 3906158704]
[3906158768, 3906158784]
[3906158880, 3906158912]
[3906158944, 3906158960]
[3906159024, 3906159040]
[3906159136, 3906159168]
[3906159200, 3906159216]
[3906159280, 3906159296]
[3906159392, 3906159424]
[3906159456, 3906159472]
[3906159536, 3906159552]
[3906159648, 3906159680]
[3906159712, 3906159728]
[3906159792, 3906159808]
[3906159904, 3906159936]
[3906159968, 3906159984]
[3906160048, 3906160064]
[3906160160, 3906160192]
[3906160224, 3906160240]
[3906160304, 3906160320]
[3906160416, 3906160448]
[3906160480, 3906160496]
[3906160560, 3906160576]
[3906160672, 3906160704]
[3906160736, 3906160752]
[3906160816, 3906160832]
[3906160928, 3906160960]
[3906160992, 3906161008]
[3906161072, 3906161088]
[3906161184, 3906161216]
[3906161248, 3906161264]
[3906161328, 3906161344]
[3906161440, 3906161472]
[3906161504, 3906161520]
[3906161584, 3906161600]
[3906161696, 3906161728]
[3906161760, 3906161776]
[3906161840, 3906161856]
[3906161952, 3906161984]
[3906162016, 3906162032]
[3906162096, 3906162112]
[3906162208, 3906162240]
[3906162272, 3906162288]
[3906162352, 3906162368]
[3906162464, 3906162496]
[3906162528, 3906162544]
[3906162608, 3906162624]
[3906162720, 3906162752]
[3906162784, 3906162800]
[3906162864, 3906162880]
[3906162976, 3906163008]
[3906163040, 3906163056]
[3906163120, 3906163136]
[3906163232, 3906163264]
[3906163296, 3906163312]
[3906163376, 3906163392]
[3906163488, 3906163520]
[3906163552, 3906163568]
[3906163632, 3906163648]
[3906163744, 3906163776]
[3906163808, 3906163824]
[3906163888, 3906163904]
[3906164000, 3906164032]
[3906164064, 3906164080]
[3906164144, 3906164160]
[3906164256, 3906164288]
[3906164320, 3906164336]
[3906164400, 3906164416]
[3906164512, 3906164544]
[3906164576, 3906164592]
[3906164656, 3906164672]
[3906164768, 3906164800]
[3906164832, 3906164848]
[3906164912, 3906164928]
[3906165024, 3906165056]
[3906165088, 3906165104]
[3906165168, 3906165184]
[3906165280, 3906165312]
[3906165344, 3906165360]
[3906165424, 3906165440]
[3906165536, 3906165568]
[3906165600, 3906165616]
[3906165680, 3906165696]
[3906165792, 3906165824]
[3906165856, 3906165872]
[3906165936, 3906165952]
[3906166048, 3906166080]
[3906166112, 3906166128]
[3906166192, 3906166208]
[3906166304, 3906166336]
[3906166368, 3906166384]
[3906166448, 3906166464]
[3906166560, 3906166592]
[3906166624, 3906166640]
[3906166704, 3906166720]
[3906166816, 3906166848]
[3906166880, 3906166896]
[3906166960, 3906166976]
[3906167072, 3906167104]
[3906167136, 3906167152]
[3906167216, 3906167232]
[3906167328, 3906167360]
[3906167392, 3906167408]
[3906167472, 3906167488]
[3906167584, 3906167616]
[3906167648, 3906167664]
[3906167728, 3906167744]
[3906167840, 3906167872]
[3906167904, 3906167920]
[3906167984, 3906168000]
[3906168096, 3906168128]
[3906168160, 3906168176]
[3906168240, 3906168256]
[3906168352, 3906168384]
[3906168416, 3906168432]
[3906168496, 3906168512]
[3906168608, 3906168640]
[3906168672, 3906168688]
[3906168752, 3906168768]
[3906168864, 3906168896]
[3906168928, 3906168944]
[3906169008, 3906169024]
[3906169120, 3906169152]
[3906169184, 3906169200]
[3906169264, 3906169280]
[3906169376, 3906169408]
[3906169440, 3906169456]
[3906169520, 3906169536]
[3906169632, 3906169664]
[3906169696, 3906169712]
[3906169776, 3906169792]
[3906169888, 3906169920]
[3906169952, 3906169968]
[3906170032, 3906170048]
[3906170144, 3906170176]
[3906170208, 3906170224]
[3906170288, 3906170304]
[3906170400, 3906170432]
[3906170464, 3906170480]
[3906170544, 3906170560]
[3906170656, 3906170688]
[3906170720, 3906170736]
[3906170800, 3906170816]
[3906170912, 3906170944]
[3906170976, 3906170992]
[3906171056, 3906171072]
[3906171168, 3906171200]
[3906171232, 3906171248]
[3906171312, 3906171328]
[3906171424, 3906171456]
[3906171488, 3906171504]
[3906171568, 3906171584]
[3906171680, 3906171712]
[3906171744, 3906171760]
[3906171824, 3906171840]
[3906171936, 3906171968]
[3906172000, 3906172016]
[3906172080, 3906172096]
[3906172192, 3906172224]
[3906172256, 3906172272]
[3906172336, 3906172352]
[3906172448, 3906172480]
[3906172512, 3906172528]
[3906172592, 3906172608]
[3906172704, 3906172736]
[3906172768, 3906172784]
[3906172848, 3906172864]
[3906172960, 3906172992]
[3906173024, 3906173040]
[3906173104, 3906173120]
[3906173216, 3906173248]
[3906173280, 3906173296]
[3906173360, 3906173376]
[3906173472, 3906173504]
[3906173536, 3906173552]
[3906173616, 3906173632]
[3906173728, 3906173760]
[3906173792, 3906173808]
[3906173872, 3906173888]
[3906173984, 3906174016]
[3906174048, 3906174064]
[3906174128, 3906174144]
[3906174240, 3906174272]
[3906174304, 3906174320]
[3906174384, 3906174400]
[3906174496, 3906174528]
[3906174560, 3906174576]
[3906174640, 3906174656]
[3906174752, 3906174784]
[3906174816, 3906174832]
[3906174896, 3906174912]
[3906175008, 3906175040]
[3906175072, 3906175088]
[3906175152, 3906175168]
[3906175264, 3906175296]
[3906175328, 3906175344]
[3906175408, 3906175424]
[3906175520, 3906175552]
[3906175584, 3906175600]
[3906175664, 3906175680]
[3906175776, 3906175808]
[3906175840, 3906175856]
[3906175920, 3906175936]
[3906176032, 3906176064]
[3906176096, 3906176112]
[3906176176, 3906176192]
[3906176288, 3906176320]
[3906176352, 3906176368]
[3906176432, 3906176448]
[3906176544, 3906176576]
[3906176608, 3906176624]
[3906176688, 3906176704]
[3906176800, 3906176832]
[3906176864, 3906176880]
[3906176944, 3906176960]
[3906177056, 3906177088]
[3906177120, 3906177136]
[3906177200, 3906177216]
[3906177312, 3906177344]
[3906177376, 3906177392]
[3906177456, 3906177472]
[3906177568, 3906177600]
[3906177632, 3906177648]
[3906177712, 3906177728]
[3906177824, 3906177856]
[3906177888, 3906177904]
[3906177968, 3906177984]
[3906178080, 3906178112]
[3906178144, 3906178160]
[3906178224, 3906178240]
[3906178336, 3906178368]
[3906178400, 3906178416]
[3906178480, 3906178496]
[3906178592, 3906178624]
[3906178656, 3906178672]
[3906178736, 3906178752]
[3906178848, 3906178880]
[3906178912, 3906178928]
[3906178992, 3906179008]
[3906179104, 3906179136]
[3906179168, 3906179184]
[3906179248, 3906179264]
[3906179360, 3906179392]
[3906179424, 3906179440]
[3906179504, 3906179520]
[3906179616, 3906179648]
[3906179680, 3906179696]
[3906179760, 3906179776]
[3906179872, 3906179904]
[3906179936, 3906179952]
[3906180016, 3906180032]
[3906180128, 3906180160]
[3906180192, 3906180208]
[3906180272, 3906180288]
[3906180384, 3906180416]
[3906180448, 3906180464]
[3906180528, 3906180544]
[3906180640, 3906180672]
[3906180704, 3906180720]
[3906180784, 3906180800]
[3906180896, 3906180928]
[3906180960, 3906180976]
[3906181040, 3906181056]
[3906181152, 3906181184]
[3906181216, 3906181232]
[3906181296, 3906181312]
[3906181408, 3906181440]
[3906181472, 3906181488]
[3906181552, 3906181568]
[3906181664, 3906181696]
[3906181728, 3906181744]
[3906181808, 3906181824]
[3906181920, 3906181952]
[3906181984, 3906182000]
[3906182064, 3906182080]
[3906182176, 3906182208]
[3906182240, 3906182256]
[3906182320, 3906182336]
[3906182432, 3906182464]
[3906182496, 3906182512]
[3906182576, 3906182592]
[3906182688, 3906182720]
[3906182752, 3906182768]
[3906182832, 3906182848]
[3906182944, 3906182976]
[3906183008, 3906183024]
[3906183088, 3906183104]
[3906183200, 3906183232]
[3906183264, 3906183280]
[3906183344, 3906183360]
[3906183456, 3906183488]
[3906183520, 3906183536]
[3906183600, 3906183616]
[3906183712, 3906183744]
[3906183776, 3906183792]
[3906183856, 3906183872]
[3906183968, 3906184000]
[3906184032, 3906184048]
[3906184112, 3906184128]
[3906184224, 3906184256]
[3906184288, 3906184304]
[3906184368, 3906184384]
[3906184480, 3906184512]
[3906184544, 3906184560]
[3906184624, 3906184640]
[3906184736, 3906184768]
[3906184800, 3906184816]
[3906184880, 3906184896]
[3906184992, 3906185024]
[3906185056, 3906185072]
[3906185136, 3906185152]
[3906185248, 3906185280]
[3906185312, 3906185328]
[3906185392, 3906185408]
[3906185504, 3906185536]
[3906185568, 3906185584]
[3906185648, 3906185664]
[3906185760, 3906185792]
[3906185824, 3906185840]
[3906185904, 3906185920]
[3906186016, 3906186048]
[3906186080, 3906186096]
[3906186160, 3906186176]
[3906186272, 3906186304]
[3906186336, 3906186352]
[3906186416, 3906186432]
[3906186528, 3906186560]
[3906186592, 3906186608]
[3906186672, 3906186688]
[3906186784, 3906186816]
[3906186848, 3906186864]
[3906186928, 3906186944]
[3906187040, 3906187072]
[3906187104, 3906187120]
[3906187184, 3906187200]
[3906187296, 3906187328]
[3906187360, 3906187376]
[3906187440, 3906187456]
[3906187552, 3906187584]
[3906187616, 3906187632]
[3906187696, 3906187712]
[3906187808, 3906187840]
[3906187872, 3906187888]
[3906187952, 3906187968]
[3906188064, 3906188096]
[3906188128, 3906188144]
[3906188208, 3906188224]
[3906188320, 3906188352]
[3906188384, 3906188400]
[3906188464, 3906188480]
[3906188576, 3906188608]
[3906188640, 3906188656]
[3906188720, 3906188736]
[3906188832, 3906188864]
[3906188896, 3906188912]
[3906188976, 3906188992]
[3906189088, 3906189120]
[3906189152, 3906189168]
[3906189232, 3906189248]
[3906189344, 3906189376]
[3906189408, 3906189424]
[3906189488, 3906189504]
[3906189600, 3906189632]
[3906189664, 3906189680]
[3906189744, 3906189760]
[3906189856, 3906189888]
[3906189920, 3906189936]
[3906190000, 3906190016]
[3906190112, 3906190144]
[3906190176, 3906190192]
[3906190256, 3906190272]
[3906190368, 3906190400]
[3906190432, 3906190448]
[3906190512, 3906190528]
[3906190624, 3906190656]
[3906190688, 3906190704]
[3906190768, 3906190784]
[3906190880, 3906190912]
[3906190944, 3906190960]
[3906191024, 3906191040]
[3906191136, 3906191168]
[3906191200, 3906191216]
[3906191280, 3906191296]
[3906191392, 3906191424]
[3906191456, 3906191472]
[3906191536, 3906191552]
[3906191648, 3906191680]
[3906191712, 3906191728]
[3906191792, 3906191808]
[3906191904, 3906191936]
[3906191968, 3906191984]
[3906192048, 3906192064]
[3906192160, 3906192192]
[3906192224, 3906192240]
[3906192304, 3906192320]
[3906192416, 3906192448]
[3906192480, 3906192496]
[3906192560, 3906192576]
[3906192672, 3906192704]
[3906192736, 3906192752]
[3906192816, 3906192832]
[3906192928, 3906192960]
[3906192992, 3906193008]
[3906193072, 3906193088]
[3906193184, 3906193216]
[3906193248, 3906193264]
[3906193328, 3906193344]
[3906193440, 3906193472]
[3906193504, 3906193520]
[3906193584, 3906193600]
[3906193696, 3906193728]
[3906193760, 3906193776]
[3906193840, 3906193856]
[3906193952, 3906193984]
[3906194016, 3906194032]
[3906194096, 3906194112]
[3906194208, 3906194240]
[3906194272, 3906194288]
[3906194352, 3906194368]
[3906194464, 3906194496]
[3906194528, 3906194544]
[3906194608, 3906194624]
[3906194720, 3906194752]
[3906194784, 3906194800]
[3906194864, 3906194880]
[3906194976, 3906195008]
[3906195040, 3906195056]
[3906195120, 3906195136]
[3906195232, 3906195264]
[3906195296, 3906195312]
[3906195376, 3906195392]
[3906195488, 3906195520]
[3906195552, 3906195568]
[3906195632, 3906195648]
[3906195744, 3906195776]
[3906195808, 3906195824]
[3906195888, 3906195904]
[3906196000, 3906196032]
[3906196064, 3906196080]
[3906196144, 3906196160]
[3906196256, 3906196288]
[3906196320, 3906196336]
[3906196400, 3906196416]
[3906196512, 3906196544]
[3906196576, 3906196592]
[3906196656, 3906196672]
[3906196768, 3906196800]
[3906196832, 3906196848]
[3906196912, 3906196928]
[3906197024, 3906197056]
[3906197088, 3906197104]
[3906197168, 3906197184]
[3906197280, 3906197312]
[3906197344, 3906197360]
[3906197424, 3906197440]
[3906197536, 3906197568]
[3906197600, 3906197616]
[3906197680, 3906197696]
[3906197792, 3906197824]
[3906197856, 3906197872]
[3906197936, 3906197952]
[3906198048, 3906198080]
[3906198112, 3906198128]
[3906198192, 3906198208]
[3906198304, 3906198336]
[3906198368, 3906198384]
[3906198448, 3906198464]
[3906198560, 3906198592]
[3906198624, 3906198640]
[3906198704, 3906198720]
[3906198816, 3906198848]
[3906198880, 3906198896]
[3906198960, 3906198976]
[3906199072, 3906199104]
[3906199136, 3906199152]
[3906199216, 3906199232]
[3906199328, 3906199360]
[3906199392, 3906199408]
[3906199472, 3906199488]
[3906199584, 3906199616]
[3906199648, 3906199664]
[3906199728, 3906199744]
[3906199840, 3906199872]
[3906199904, 3906199920]
[3906199984, 3906200000]
[3906200096, 3906200128]
[3906200160, 3906200176]
[3906200240, 3906200256]
[3906200352, 3906200384]
[3906200416, 3906200432]
[3906200496, 3906200512]
[3906200608, 3906200640]
[3906200672, 3906200688]
[3906200752, 3906200768]
[3906200864, 3906200896]
[3906200928, 3906200944]
[3906201008, 3906201024]
[3906201120, 3906201152]
[3906201184, 3906201200]
[3906201264, 3906201280]
[3906201376, 3906201408]
[3906201440, 3906201456]
[3906201520, 3906201536]
[3906201632, 3906201664]
[3906201696, 3906201712]
[3906201776, 3906201792]
[3906201888, 3906201920]
[3906201952, 3906201968]
[3906202032, 3906202048]
[3906202144, 3906202176]
[3906202208, 3906202224]
[3906202288, 3906202304]
[3906202400, 3906202432]
[3906202464, 3906202480]
[3906202544, 3906202560]
[3906202656, 3906202688]
[3906202720, 3906202736]
[3906202800, 3906202816]
[3906202912, 3906202944]
[3906202976, 3906202992]
[3906203056, 3906203072]
[3906203168, 3906203200]
[3906203232, 3906203248]
[3906203312, 3906203328]
[3906203424, 3906203456]
[3906203488, 3906203504]
[3906203568, 3906203584]
[3906203680, 3906203712]
[3906203744, 3906203760]
[3906203824, 3906203840]
[3906203936, 3906203968]
[3906204000, 3906204016]
[3906204080, 3906204096]
[3906204192, 3906204224]
[3906204256, 3906204272]
[3906204336, 3906204352]
[3906204448, 3906204480]
[3906204512, 3906204528]
[3906204592, 3906204608]
[3906204704, 3906204736]
[3906204768, 3906204784]
[3906204848, 3906204864]
[3906204960, 3906204992]
[3906205024, 3906205040]
[3906205104, 3906205120]
[3906205216, 3906205248]
[3906205280, 3906205296]
[3906205360, 3906205376]
[3906205472, 3906205504]
[3906205536, 3906205552]
[3906205616, 3906205632]
[3906205728, 3906205760]
[3906205792, 3906205808]
[3906205872, 3906205888]
[3906205984, 3906206016]
[3906206048, 3906206064]
[3906206128, 3906206144]
[3906206240, 3906206272]
[3906206304, 3906206320]
[3906206384, 3906206400]
[3906206496, 3906206528]
[3906206560, 3906206576]
[3906206640, 3906206656]
[3906206752, 3906206784]
[3906206816, 3906206832]
[3906206896, 3906206912]
[3906207008, 3906207040]
[3906207072, 3906207088]
[3906207152, 3906207168]
[3906207264, 3906207296]
[3906207328, 3906207344]
[3906207408, 3906207424]
[3906207520, 3906207552]
[3906207584, 3906207600]
[3906207664, 3906207680]
[3906207776, 3906207808]
[3906207840, 3906207856]
[3906207920, 3906207936]
[3906208032, 3906208064]
[3906208096, 3906208112]
[3906208176, 3906208192]
[3906208288, 3906208320]
[3906208352, 3906208368]
[3906208432, 3906208448]
[3906208544, 3906208576]
[3906208608, 3906208624]
[3906208688, 3906208704]
[3906208800, 3906208832]
[3906208864, 3906208880]
[3906208944, 3906208960]
[3906209056, 3906209088]
[3906209120, 3906209136]
[3906209200, 3906209216]
[3906209312, 3906209344]
[3906209376, 3906209392]
[3906209456, 3906209472]
[3906209568, 3906209600]
[3906209632, 3906209648]
[3906209712, 3906209728]
[3906209824, 3906209856]
[3906209888, 3906209904]
[3906209968, 3906209984]
[3906210080, 3906210112]
[3906210144, 3906210160]
[3906210224, 3906210240]
[3906210336, 3906210368]
[3906210400, 3906210416]
[3906210480, 3906210496]
[3906210592, 3906210624]
[3906210656, 3906210672]
[3906210736, 3906210752]
[3906210848, 3906210880]
[3906210912, 3906210928]
[3906210992, 3906211008]
[3906211104, 3906211136]
[3906211168, 3906211184]
[3906211248, 3906211264]
[3906211360, 3906211392]
[3906211424, 3906211440]
[3906211504, 3906211520]
[3906211616, 3906211648]
[3906211680, 3906211696]
[3906211760, 3906211776]
[3906211872, 3906211904]
[3906211936, 3906211952]
[3906212016, 3906212032]
[3906212128, 3906212160]
[3906212192, 3906212208]
[3906212272, 3906212288]
[3906212384, 3906212416]
[3906212448, 3906212464]
[3906212528, 3906212544]
[3906212640, 3906212672]
[3906212704, 3906212720]
[3906212784, 3906212800]
[3906212896, 3906212928]
[3906212960, 3906212976]
[3906213040, 3906213056]
[3906213152, 3906213184]
[3906213216, 3906213232]
[3906213296, 3906213312]
[3906213408, 3906213440]
[3906213472, 3906213488]
[3906213552, 3906213568]
[3906213664, 3906213696]
[3906213728, 3906213744]
[3906213808, 3906213824]
[3906213920, 3906213952]
[3906213984, 3906214000]
[3906214064, 3906214080]
[3906214176, 3906214208]
[3906214240, 3906214256]
[3906214320, 3906214336]
[3906214432, 3906214464]
[3906214496, 3906214512]
[3906214576, 3906214592]
[3906214688, 3906214720]
[3906214752, 3906214768]
[3906214832, 3906214848]
[3906214944, 3906214976]
[3906215008, 3906215024]
[3906215088, 3906215104]
[3906215200, 3906215232]
[3906215264, 3906215280]
[3906215344, 3906215360]
[3906215456, 3906215488]
[3906215520, 3906215536]
[3906215600, 3906215616]
[3906215712, 3906215744]
[3906215776, 3906215792]
[3906215856, 3906215872]
[3906215968, 3906216000]
[3906216032, 3906216048]
[3906216112, 3906216128]
[3906216224, 3906216256]
[3906216288, 3906216304]
[3906216368, 3906216384]
[3906216480, 3906216512]
[3906216544, 3906216560]
[3906216624, 3906216640]
[3906216736, 3906216768]
[3906216800, 3906216816]
[3906216880, 3906216896]
[3906216992, 3906217024]
[3906217056, 3906217072]
[3906217136, 3906217152]
[3906217248, 3906217280]
[3906217312, 3906217328]
[3906217392, 3906217408]
[3906217504, 3906217536]
[3906217568, 3906217584]
[3906217648, 3906217664]
[3906217760, 3906217792]
[3906217824, 3906217840]
[3906217904, 3906217920]
[3906218016, 3906218048]
[3906218080, 3906218096]
[3906218160, 3906218176]
[3906218272, 3906218304]
[3906218336, 3906218352]
[3906218416, 3906218432]
[3906218528, 3906218560]
[3906218592, 3906218608]
[3906218672, 3906218688]
[3906218784, 3906218816]
[3906218848, 3906218864]
[3906218928, 3906218944]
[3906219040, 3906219072]
[3906219104, 3906219120]
[3906219184, 3906219200]
[3906219296, 3906219328]
[3906219360, 3906219376]
[3906219440, 3906219456]
[3906219552, 3906219584]
[3906219616, 3906219632]
[3906219696, 3906219712]
[3906219808, 3906219840]
[3906219872, 3906219888]
[3906219952, 3906219968]
[3906220064, 3906220096]
[3906220128, 3906220144]
[3906220208, 3906220224]
[3906220320, 3906220352]
[3906220384, 3906220400]
[3906220464, 3906220480]
[3906220576, 3906220608]
[3906220640, 3906220656]
[3906220720, 3906220736]
[3906220832, 3906220864]
[3906220896, 3906220912]
[3906220976, 3906220992]
[3906221088, 3906221120]
[3906221152, 3906221168]
[3906221232, 3906221248]
[3906221344, 3906221376]
[3906221408, 3906221424]
[3906221488, 3906221504]
[3906221600, 3906221632]
[3906221664, 3906221680]
[3906221744, 3906221760]
[3906221856, 3906221888]
[3906221920, 3906221936]
[3906222000, 3906222016]
[3906222112, 3906222144]
[3906222176, 3906222192]
[3906222256, 3906222272]
[3906222368, 3906222400]
[3906222432, 3906222448]
[3906222512, 3906222528]
[3906222624, 3906222656]
[3906222688, 3906222704]
[3906222768, 3906222784]
[3906222880, 3906222912]
[3906222944, 3906222960]
[3906223024, 3906223040]
[3906223136, 3906223168]
[3906223200, 3906223216]
[3906223280, 3906223296]
[3906223392, 3906223424]
[3906223456, 3906223472]
[3906223536, 3906223552]
[3906223648, 3906223680]
[3906223712, 3906223728]
[3906223792, 3906223808]
[3906223904, 3906223936]
[3906223968, 3906223984]
[3906224048, 3906224064]
[3906224160, 3906224192]
[3906224224, 3906224240]
[3906224304, 3906224320]
[3906224416, 3906224448]
[3906224480, 3906224496]
[3906224560, 3906224576]
[3906224672, 3906224704]
[3906224736, 3906224752]
[3906224816, 3906224832]
[3906224928, 3906224960]
[3906224992, 3906225008]
[3906225072, 3906225088]
[3906225184, 3906225216]
[3906225248, 3906225264]
[3906225328, 3906225344]
[3906225440, 3906225472]
[3906225504, 3906225520]
[3906225584, 3906225600]
[3906225696, 3906225728]
[3906225760, 3906225776]
[3906225840, 3906225856]
[3906225952, 3906225984]
[3906226016, 3906226032]
[3906226096, 3906226112]
[3906226208, 3906226240]
[3906226272, 3906226288]
[3906226352, 3906226368]
[3906226464, 3906226496]
[3906226528, 3906226544]
[3906226608, 3906226624]
[3906226720, 3906226752]
[3906226784, 3906226800]
[3906226864, 3906226880]
[3906226976, 3906227008]
[3906227040, 3906227056]
[3906227120, 3906227136]
[3906227232, 3906227264]
[3906227296, 3906227312]
[3906227376, 3906227392]
[3906227488, 3906227520]
[3906227552, 3906227568]
[3906227632, 3906227648]
[3906227744, 3906227776]
[3906227808, 3906227824]
[3906227888, 3906227904]
[3906228000, 3906228032]
[3906228064, 3906228080]
[3906228144, 3906228160]
[3906228256, 3906228288]
[3906228320, 3906228336]
[3906228400, 3906228416]
[3906228512, 3906228544]
[3906228576, 3906228592]
[3906228656, 3906228672]
[3906228768, 3906228800]
[3906228832, 3906228848]
[3906228912, 3906228928]
[3906229024, 3906229056]
[3906229088, 3906229104]
[3906229168, 3906229184]
[3906229280, 3906229312]
[3906229344, 3906229360]
[3906229424, 3906229440]
[3906229536, 3906229568]
[3906229600, 3906229616]
[3906229680, 3906229696]
[3906229792, 3906229824]
[3906229856, 3906229872]
[3906229936, 3906229952]
[3906230048, 3906230080]
[3906230112, 3906230128]
[3906230192, 3906230208]
[3906230304, 3906230336]
[3906230368, 3906230384]
[3906230448, 3906230464]
[3906230560, 3906230592]
[3906230624, 3906230640]
[3906230704, 3906230720]
[3906230816, 3906230848]
[3906230880, 3906230896]
[3906230960, 3906230976]
[3906231072, 3906231104]
[3906231136, 3906231152]
[3906231216, 3906231232]
[3906231328, 3906231360]
[3906231392, 3906231408]
[3906231472, 3906231488]
[3906231584, 3906231616]
[3906231648, 3906231664]
[3906231728, 3906231744]
[3906231840, 3906231872]
[3906231904, 3906231920]
[3906231984, 3906232000]
[3906232096, 3906232128]
[3906232160, 3906232176]
[3906232240, 3906232256]
[3906232352, 3906232384]
[3906232416, 3906232432]
[3906232496, 3906232512]
[3906232608, 3906232640]
[3906232672, 3906232688]
[3906232752, 3906232768]
[3906232864, 3906232896]
[3906232928, 3906232944]
[3906233008, 3906233024]
[3906233120, 3906233152]
[3906233184, 3906233200]
[3906233264, 3906233280]
[3906233376, 3906233408]
[3906233440, 3906233456]
[3906233520, 3906233536]
[3906233632, 3906233664]
[3906233696, 3906233712]
[3906233776, 3906233792]
[3906233888, 3906233920]
[3906233952, 3906233968]
[3906234032, 3906234048]
[3906234144, 3906234176]
[3906234208, 3906234224]
[3906234288, 3906234304]
[3906234400, 3906234432]
[3906234464, 3906234480]
[3906234544, 3906234560]
[3906234656, 3906234688]
[3906234720, 3906234736]
[3906234800, 3906234816]
[3906234912, 3906234944]
[3906234976, 3906234992]
[3906235056, 3906235072]
[3906235168, 3906235200]
[3906235232, 3906235248]
[3906235312, 3906235328]
[3906235424, 3906235456]
[3906235488, 3906235504]
[3906235568, 3906235584]
[3906235680, 3906235712]
[3906235744, 3906235760]
[3906235824, 3906235840]
[3906235936, 3906235968]
[3906236000, 3906236016]
[3906236080, 3906236096]
[3906236192, 3906236224]
[3906236256, 3906236272]
[3906236336, 3906236352]
[3906236448, 3906236480]
[3906236512, 3906236528]
[3906236592, 3906236608]
[3906236704, 3906236736]
[3906236768, 3906236784]
[3906236848, 3906236864]
[3906236960, 3906236992]
[3906237024, 3906237040]
[3906237104, 3906237120]
[3906237216, 3906237248]
[3906237280, 3906237296]
[3906237360, 3906237376]
[3906237472, 3906237504]
[3906237536, 3906237552]
[3906237616, 3906237632]
[3906237728, 3906237760]
[3906237792, 3906237808]
[3906237872, 3906237888]
[3906237984, 3906238016]
[3906238048, 3906238064]
[3906238128, 3906238144]
[3906238240, 3906238272]
[3906238304, 3906238320]
[3906238384, 3906238400]
[3906238496, 3906238528]
[3906238560, 3906238576]
[3906238640, 3906238656]
[3906238752, 3906238784]
[3906238816, 3906238832]
[3906238896, 3906238912]
[3906239008, 3906239040]
[3906239072, 3906239088]
[3906239152, 3906239168]
[3906239264, 3906239296]
[3906239328, 3906239344]
[3906239408, 3906239424]
[3906239520, 3906239552]
[3906239584, 3906239600]
[3906239664, 3906239680]
[3906239776, 3906239808]
[3906239840, 3906239856]
[3906239920, 3906239936]
[3906240032, 3906240064]
[3906240096, 3906240112]
[3906240176, 3906240192]
[3906240288, 3906240320]
[3906240352, 3906240368]
[3906240432, 3906240448]
[3906240544, 3906240576]
[3906240608, 3906240624]
[3906240688, 3906240704]
[3906240800, 3906240832]
[3906240864, 3906240880]
[3906240944, 3906240960]
[3906241056, 3906241088]
[3906241120, 3906241136]
[3906241200, 3906241216]
[3906241312, 3906241344]
[3906241376, 3906241392]
[3906241456, 3906241472]
[3906241568, 3906241600]
[3906241632, 3906241648]
[3906241712, 3906241728]
[3906241824, 3906241856]
[3906241888, 3906241904]
[3906241968, 3906241984]
[3906242080, 3906242112]
[3906242144, 3906242160]
[3906242224, 3906242240]
[3906242336, 3906242368]
[3906242400, 3906242416]
[3906242480, 3906242496]
[3906242592, 3906242624]
[3906242656, 3906242672]
[3906242736, 3906242752]
[3906242848, 3906242880]
[3906242912, 3906242928]
[3906242992, 3906243008]
[3906243104, 3906243136]
[3906243168, 3906243184]
[3906243248, 3906243264]
[3906243360, 3906243392]
[3906243424, 3906243440]
[3906243504, 3906243520]
[3906243616, 3906243648]
[3906243680, 3906243696]
[3906243760, 3906243776]
[3906243872, 3906243904]
[3906243936, 3906243952]
[3906244016, 3906244032]
[3906244128, 3906244160]
[3906244192, 3906244208]
[3906244272, 3906244288]
[3906244384, 3906244416]
[3906244448, 3906244464]
[3906244528, 3906244544]
[3906244640, 3906244672]
[3906244704, 3906244720]
[3906244784, 3906244800]
[3906244896, 3906244928]
[3906244960, 3906244976]
[3906245040, 3906245056]
[3906245152, 3906245184]
[3906245216, 3906245232]
[3906245296, 3906245312]
[3906245408, 3906245440]
[3906245472, 3906245488]
[3906245552, 3906245568]
[3906245664, 3906245696]
[3906245728, 3906245744]
[3906245808, 3906245824]
[3906245920, 3906245952]
[3906245984, 3906246000]
[3906246064, 3906246080]
[3906246176, 3906246208]
[3906246240, 3906246256]
[3906246320, 3906246336]
[3906246432, 3906246464]
[3906246496, 3906246512]
[3906246576, 3906246592]
[3906246688, 3906246720]
[3906246752, 3906246768]
[3906246832, 3906246848]
[3906246944, 3906246976]
[3906247008, 3906247024]
[3906247088, 3906247104]
[3906247200, 3906247232]
[3906247264, 3906247280]
[3906247344, 3906247360]
[3906247456, 3906247488]
[3906247520, 3906247536]
[3906247600, 3906247616]
[3906247712, 3906247744]
[3906247776, 3906247792]
[3906247856, 3906247872]
[3906247968, 3906248000]
[3906248032, 3906248048]
[3906248112, 3906248128]
[3906248224, 3906248256]
[3906248288, 3906248304]
[3906248368, 3906248384]
[3906248480, 3906248512]
[3906248544, 3906248560]
[3906248624, 3906248640]
[3906248736, 3906248768]
[3906248800, 3906248816]
[3906248880, 3906248896]
[3906248992, 3906249024]
[3906249056, 3906249072]
[3906249136, 3906249152]
[3906249248, 3906249280]
[3906249312, 3906249328]
[3906249392, 3906249408]
[3906249504, 3906249536]
[3906249568, 3906249584]
[3906249648, 3906249664]
[3906249760, 3906249792]
[3906249824, 3906249840]
[3906249904, 3906249920]
[3906250016, 3906250048]
[3906250080, 3906250096]
[3906250160, 3906250176]
[3906250272, 3906250304]
[3906250336, 3906250352]
[3906250416, 3906250432]
[3906250528, 3906250560]
[3906250592, 3906250608]
[3906250672, 3906250688]
[3906250784, 3906250816]
[3906250848, 3906250864]
[3906250928, 3906250944]
[3906251040, 3906251072]
[3906251104, 3906251120]
[3906251184, 3906251200]
[3906251296, 3906251328]
[3906251360, 3906251376]
[3906251440, 3906251456]
[3906251552, 3906251584]
[3906251616, 3906251632]
[3906251696, 3906251712]
[3906251808, 3906251840]
[3906251872, 3906251888]
[3906251952, 3906251968]
[3906252064, 3906252096]
[3906252128, 3906252144]
[3906252208, 3906252224]
[3906252320, 3906252352]
[3906252384, 3906252400]
[3906252464, 3906252480]
[3906252576, 3906252608]
[3906252640, 3906252656]
[3906252720, 3906252736]
[3906252832, 3906252864]
[3906252896, 3906252912]
[3906252976, 3906252992]
[3906253088, 3906253120]
[3906253152, 3906253168]
[3906253232, 3906253248]
[3906253344, 3906253376]
[3906253408, 3906253424]
[3906253488, 3906253504]
[3906253600, 3906253632]
[3906253664, 3906253680]
[3906253744, 3906253760]
[3906253856, 3906253888]
[3906253920, 3906253936]
[3906254000, 3906254016]
[3906254112, 3906254144]
[3906254176, 3906254192]
[3906254256, 3906254272]
[3906254368, 3906254400]
[3906254432, 3906254448]
[3906254512, 3906254528]
[3906254624, 3906254656]
[3906254688, 3906254704]
[3906254768, 3906254784]
[3906254880, 3906254912]
[3906254944, 3906254960]
[3906255024, 3906255040]
[3906255136, 3906255168]
[3906255200, 3906255216]
[3906255280, 3906255296]
[3906255392, 3906255424]
[3906255456, 3906255472]
[3906255536, 3906255552]
[3906255648, 3906255680]
[3906255712, 3906255728]
[3906255792, 3906255808]
[3906255904, 3906255936]
[3906255968, 3906255984]
[3906256048, 3906256064]
[3906256160, 3906256192]
[3906256224, 3906256240]
[3906256304, 3906256320]
[3906256416, 3906256448]
[3906256480, 3906256496]
[3906256560, 3906256576]
[3906256672, 3906256704]
[3906256736, 3906256752]
[3906256816, 3906256832]
[3906256928, 3906256960]
[3906256992, 3906257008]
[3906257072, 3906257088]
[3906257184, 3906257216]
[3906257248, 3906257264]
[3906257328, 3906257344]
[3906257440, 3906257472]
[3906257504, 3906257520]
[3906257584, 3906257600]
[3906257696, 3906257728]
[3906257760, 3906257776]
[3906257840, 3906257856]
[3906257952, 3906257984]
[3906258016, 3906258032]
[3906258096, 3906258112]
[3906258208, 3906258240]
[3906258272, 3906258288]
[3906258352, 3906258368]
[3906258464, 3906258496]
[3906258528, 3906258544]
[3906258608, 3906258624]
[3906258720, 3906258752]
[3906258784, 3906258800]
[3906258864, 3906258880]
[3906258976, 3906259008]
[3906259040, 3906259056]
[3906259120, 3906259136]
[3906259232, 3906259264]
[3906259296, 3906259312]
[3906259376, 3906259392]
[3906259488, 3906259520]
[3906259552, 3906259568]
[3906259632, 3906259648]
[3906259744, 3906259776]
[3906259808, 3906259824]
[3906259888, 3906259904]
[3906260000, 3906260032]
[3906260064, 3906260080]
[3906260144, 3906260160]
[3906260256, 3906260288]
[3906260320, 3906260336]
[3906260400, 3906260416]
[3906260512, 3906260544]
[3906260576, 3906260592]
[3906260656, 3906260672]
[3906260768, 3906260800]
[3906260832, 3906260848]
[3906260912, 3906260928]
[3906261024, 3906261056]
[3906261088, 3906261104]
[3906261168, 3906261184]
[3906261280, 3906261312]
[3906261344, 3906261360]
[3906261424, 3906261440]
[3906261536, 3906261568]
[3906261600, 3906261616]
[3906261680, 3906261696]
[3906261792, 3906261824]
[3906261856, 3906261872]
[3906261936, 3906261952]
[3906262048, 3906262080]
[3906262112, 3906262128]
[3906262192, 3906262208]
[3906262304, 3906262336]
[3906262368, 3906262384]
[3906262448, 3906262464]
[3906262560, 3906262592]
[3906262624, 3906262640]
[3906262704, 3906262720]
[3906262816, 3906262848]
[3906262880, 3906262896]
[3906262960, 3906262976]
[3906263072, 3906263104]
[3906263136, 3906263152]
[3906263216, 3906263232]
[3906263328, 3906263360]
[3906263392, 3906263408]
[3906263472, 3906263488]
[3906263584, 3906263616]
[3906263648, 3906263664]
[3906263728, 3906263744]
[3906263840, 3906263872]
[3906263904, 3906263920]
[3906263984, 3906264000]
[3906264096, 3906264128]
[3906264160, 3906264176]
[3906264240, 3906264256]
[3906264352, 3906264384]
[3906264416, 3906264432]
[3906264496, 3906264512]
[3906264608, 3906264640]
[3906264672, 3906264688]
[3906264752, 3906264768]
[3906264864, 3906264896]
[3906264928, 3906264944]
[3906265008, 3906265024]
[3906265120, 3906265152]
[3906265184, 3906265200]
[3906265264, 3906265280]
[3906265376, 3906265408]
[3906265440, 3906265456]
[3906265520, 3906265536]
[3906265632, 3906265664]
[3906265696, 3906265712]
[3906265776, 3906265792]
[3906265888, 3906265920]
[3906265952, 3906265968]
[3906266032, 3906266048]
[3906266144, 3906266176]
[3906266208, 3906266224]
[3906266288, 3906266304]
[3906266400, 3906266432]
[3906266464, 3906266480]
[3906266544, 3906266560]
[3906266656, 3906266688]
[3906266720, 3906266736]
[3906266800, 3906266816]
[3906266912, 3906266944]
[3906266976, 3906266992]
[3906267056, 3906267072]
[3906267168, 3906267200]
[3906267232, 3906267248]
[3906267312, 3906267328]
[3906267424, 3906267456]
[3906267488, 3906267504]
[3906267568, 3906267584]
[3906267680, 3906267712]
[3906267744, 3906267760]
[3906267824, 3906267840]
[3906267936, 3906267968]
[3906268000, 3906268016]
[3906268080, 3906268096]
[3906268192, 3906268224]
[3906268256, 3906268272]
[3906268336, 3906268352]
[3906268448, 3906268480]
[3906268512, 3906268528]
[3906268592, 3906268608]
[3906268704, 3906268736]
[3906268768, 3906268784]
[3906268848, 3906268864]
[3906268960, 3906268992]
[3906269024, 3906269040]
[3906269104, 3906269120]
[3906269216, 3906269248]
[3906269280, 3906269296]
[3906269360, 3906269376]
[3906269472, 3906269504]
[3906269536, 3906269552]
[3906269616, 3906269632]
[3906269728, 3906269760]
[3906269792, 3906269808]
[3906269872, 3906269888]
[3906269984, 3906270016]
[3906270048, 3906270064]
[3906270128, 3906270144]
[3906270240, 3906270272]
[3906270304, 3906270320]
[3906270384, 3906270400]
[3906270496, 3906270528]
[3906270560, 3906270576]
[3906270640, 3906270656]
[3906270752, 3906270784]
[3906270816, 3906270832]
[3906270896, 3906270912]
[3906271008, 3906271040]
[3906271072, 3906271088]
[3906271152, 3906271168]
[3906271264, 3906271296]
[3906271328, 3906271344]
[3906271408, 3906271424]
[3906271520, 3906271552]
[3906271584, 3906271600]
[3906271664, 3906271680]
[3906271776, 3906271808]
[3906271840, 3906271856]
[3906271920, 3906271936]
[3906272032, 3906272064]
[3906272096, 3906272112]
[3906272176, 3906272192]
[3906272288, 3906272320]
[3906272352, 3906272368]
[3906272432, 3906272448]
[3906272544, 3906272576]
[3906272608, 3906272624]
[3906272688, 3906272704]
[3906272800, 3906272832]
[3906272864, 3906272880]
[3906272944, 3906272960]
[3906273056, 3906273088]
[3906273120, 3906273136]
[3906273200, 3906273216]
[3906273312, 3906273344]
[3906273376, 3906273392]
[3906273456, 3906273472]
[3906273568, 3906273600]
[3906273632, 3906273648]
[3906273712, 3906273728]
[3906273824, 3906273856]
[3906273888, 3906273904]
[3906273968, 3906273984]
[3906274080, 3906274112]
[3906274144, 3906274160]
[3906274224, 3906274240]
[3906274336, 3906274368]
[3906274400, 3906274416]
[3906274480, 3906274496]
[3906274592, 3906274624]
[3906274656, 3906274672]
[3906274736, 3906274752]
[3906274848, 3906274880]
[3906274912, 3906274928]
[3906274992, 3906275008]
[3906275104, 3906275136]
[3906275168, 3906275184]
[3906275248, 3906275264]
[3906275360, 3906275392]
[3906275424, 3906275440]
[3906275504, 3906275520]
[3906275616, 3906275648]
[3906275680, 3906275696]
[3906275760, 3906275776]
[3906275872, 3906275904]
[3906275936, 3906275952]
[3906276016, 3906276032]
[3906276128, 3906276160]
[3906276192, 3906276208]
[3906276272, 3906276288]
[3906276384, 3906276416]
[3906276448, 3906276464]
[3906276528, 3906276544]
[3906276640, 3906276672]
[3906276704, 3906276720]
[3906276784, 3906276800]
[3906276896, 3906276928]
[3906276960, 3906276976]
[3906277040, 3906277056]
[3906277152, 3906277184]
[3906277216, 3906277232]
[3906277296, 3906277312]
[3906277408, 3906277440]
[3906277472, 3906277488]
[3906277552, 3906277568]
[3906277664, 3906277696]
[3906277728, 3906277744]
[3906277808, 3906277824]
[3906277920, 3906277952]
[3906277984, 3906278000]
[3906278064, 3906278080]
[3906278176, 3906278208]
[3906278240, 3906278256]
[3906278320, 3906278336]
[3906278432, 3906278464]
[3906278496, 3906278512]
[3906278576, 3906278592]
[3906278688, 3906278720]
[3906278752, 3906278768]
[3906278832, 3906278848]
[3906278944, 3906278976]
[3906279008, 3906279024]
[3906279088, 3906279104]
[3906279200, 3906279232]
[3906279264, 3906279280]
[3906279344, 3906279360]
[3906279456, 3906279488]
[3906279520, 3906279536]
[3906279600, 3906279616]
[3906279712, 3906279744]
[3906279776, 3906279792]
[3906279856, 3906279872]
[3906279968, 3906280000]
[3906280032, 3906280048]
[3906280112, 3906280128]
[3906280224, 3906280256]
[3906280288, 3906280304]
[3906280368, 3906280384]
[3906280480, 3906280512]
[3906280544, 3906280560]
[3906280624, 3906280640]
[3906280736, 3906280768]
[3906280800, 3906280816]
[3906280880, 3906280896]
[3906280992, 3906281024]
[3906281056, 3906281072]
[3906281136, 3906281152]
[3906281248, 3906281280]
[3906281312, 3906281328]
[3906281392, 3906281408]
[3906281504, 3906281536]
[3906281568, 3906281584]
[3906281648, 3906281664]
[3906281760, 3906281792]
[3906281824, 3906281840]
[3906281904, 3906281920]
[3906282016, 3906282048]
[3906282080, 3906282096]
[3906282160, 3906282176]
[3906282272, 3906282304]
[3906282336, 3906282352]
[3906282416, 3906282432]
[3906282528, 3906282560]
[3906282592, 3906282608]
[3906282672, 3906282688]
[3906282784, 3906282816]
[3906282848, 3906282864]
[3906282928, 3906282944]
[3906283040, 3906283072]
[3906283104, 3906283120]
[3906283184, 3906283200]
[3906283296, 3906283328]
[3906283360, 3906283376]
[3906283440, 3906283456]
[3906283552, 3906283584]
[3906283616, 3906283632]
[3906283696, 3906283712]
[3906283808, 3906283840]
[3906283872, 3906283888]
[3906283952, 3906283968]
[3906284064, 3906284096]
[3906284128, 3906284144]
[3906284208, 3906284224]
[3906284320, 3906284352]
[3906284384, 3906284400]
[3906284464, 3906284480]
[3906284576, 3906284608]
[3906284640, 3906284656]
[3906284720, 3906284736]
[3906284832, 3906284864]
[3906284896, 3906284912]
[3906284976, 3906284992]
[3906285088, 3906285120]
[3906285152, 3906285168]
[3906285232, 3906285248]
[3906285344, 3906285376]
[3906285408, 3906285424]
[3906285488, 3906285504]
[3906285600, 3906285632]
[3906285664, 3906285680]
[3906285744, 3906285760]
[3906285856, 3906285888]
[3906285920, 3906285936]
[3906286000, 3906286016]
[3906286112, 3906286144]
[3906286176, 3906286192]
[3906286256, 3906286272]
[3906286368, 3906286400]
[3906286432, 3906286448]
[3906286512, 3906286528]
[3906286624, 3906286656]
[3906286688, 3906286704]
[3906286768, 3906286784]
[3906286880, 3906286912]
[3906286944, 3906286960]
[3906287024, 3906287040]
[3906287136, 3906287168]
[3906287200, 3906287216]
[3906287280, 3906287296]
[3906287392, 3906287424]
[3906287456, 3906287472]
[3906287536, 3906287552]
[3906287648, 3906287680]
[3906287712, 3906287728]
[3906287792, 3906287808]
[3906287904, 3906287936]
[3906287968, 3906287984]
[3906288048, 3906288064]
[3906288160, 3906288192]
[3906288224, 3906288240]
[3906288304, 3906288320]
[3906288416, 3906288448]
[3906288480, 3906288496]
[3906288560, 3906288576]
[3906288672, 3906288704]
[3906288736, 3906288752]
[3906288816, 3906288832]
[3906288928, 3906288960]
[3906288992, 3906289008]
[3906289072, 3906289088]
[3906289184, 3906289216]
[3906289248, 3906289264]
[3906289328, 3906289344]
[3906289440, 3906289472]
[3906289504, 3906289520]
[3906289584, 3906289600]
[3906289696, 3906289728]
[3906289760, 3906289776]
[3906289840, 3906289856]
[3906289952, 3906289984]
[3906290016, 3906290032]
[3906290096, 3906290112]
[3906290208, 3906290240]
[3906290272, 3906290288]
[3906290352, 3906290368]
[3906290464, 3906290496]
[3906290528, 3906290544]
[3906290608, 3906290624]
[3906290720, 3906290752]
[3906290784, 3906290800]
[3906290864, 3906290880]
[3906290976, 3906291008]
[3906291040, 3906291056]
[3906291120, 3906291136]
[3906291232, 3906291264]
[3906291296, 3906291312]
[3906291376, 3906291392]
[3906291488, 3906291520]
[3906291552, 3906291568]
[3906291632, 3906291648]
[3906291744, 3906291776]
[3906291808, 3906291824]
[3906291888, 3906291904]
[3906292000, 3906292032]
[3906292064, 3906292080]
[3906292144, 3906292160]
[3906292256, 3906292288]
[3906292320, 3906292336]
[3906292400, 3906292416]
[3906292512, 3906292544]
[3906292576, 3906292592]
[3906292656, 3906292672]
[3906292768, 3906292800]
[3906292832, 3906292848]
[3906292912, 3906292928]
[3906293024, 3906293056]
[3906293088, 3906293104]
[3906293168, 3906293184]
[3906293280, 3906293312]
[3906293344, 3906293360]
[3906293424, 3906293440]
[3906293536, 3906293568]
[3906293600, 3906293616]
[3906293680, 3906293696]
[3906293792, 3906293824]
[3906293856, 3906293872]
[3906293936, 3906293952]
[3906294048, 3906294080]
[3906294112, 3906294128]
[3906294192, 3906294208]
[3906294304, 3906294336]
[3906294368, 3906294384]
[3906294448, 3906294464]
[3906294560, 3906294592]
[3906294624, 3906294640]
[3906294704, 3906294720]
[3906294816, 3906294848]
[3906294880, 3906294896]
[3906294960, 3906294976]
[3906295072, 3906295104]
[3906295136, 3906295152]
[3906295216, 3906295232]
[3906295328, 3906295360]
[3906295392, 3906295408]
[3906295472, 3906295488]
[3906295584, 3906295616]
[3906295648, 3906295664]
[3906295728, 3906295744]
[3906295840, 3906295872]
[3906295904, 3906295920]
[3906295984, 3906296000]
[3906296096, 3906296128]
[3906296160, 3906296176]
[3906296240, 3906296256]
[3906296352, 3906296384]
[3906296416, 3906296432]
[3906296496, 3906296512]
[3906296608, 3906296640]
[3906296672, 3906296688]
[3906296752, 3906296768]
[3906296864, 3906296896]
[3906296928, 3906296944]
[3906297008, 3906297024]
[3906297120, 3906297152]
[3906297184, 3906297200]
[3906297264, 3906297280]
[3906297376, 3906297408]
[3906297440, 3906297456]
[3906297520, 3906297536]
[3906297632, 3906297664]
[3906297696, 3906297712]
[3906297776, 3906297792]
[3906297888, 3906297920]
[3906297952, 3906297968]
[3906298032, 3906298048]
[3906298144, 3906298176]
[3906298208, 3906298224]
[3906298288, 3906298304]
[3906298400, 3906298432]
[3906298464, 3906298480]
[3906298544, 3906298560]
[3906298656, 3906298688]
[3906298720, 3906298736]
[3906298800, 3906298816]
[3906298912, 3906298944]
[3906298976, 3906298992]
[3906299056, 3906299072]
[3906299168, 3906299200]
[3906299232, 3906299248]
[3906299312, 3906299328]
[3906299424, 3906299456]
[3906299488, 3906299504]
[3906299568, 3906299584]
[3906299680, 3906299712]
[3906299744, 3906299760]
[3906299824, 3906299840]
[3906299936, 3906299968]
[3906300000, 3906300016]
[3906300080, 3906300096]
[3906300192, 3906300224]
[3906300256, 3906300272]
[3906300336, 3906300352]
[3906300448, 3906300480]
[3906300512, 3906300528]
[3906300592, 3906300608]
[3906300704, 3906300736]
[3906300768, 3906300784]
[3906300848, 3906300864]
[3906300960, 3906300992]
[3906301024, 3906301040]
[3906301104, 3906301120]
[3906301216, 3906301248]
[3906301280, 3906301296]
[3906301360, 3906301376]
[3906301472, 3906301504]
[3906301536, 3906301552]
[3906301616, 3906301632]
[3906301728, 3906301760]
[3906301792, 3906301808]
[3906301872, 3906301888]
[3906301984, 3906302016]
[3906302048, 3906302064]
[3906302128, 3906302144]
[3906302240, 3906302272]
[3906302304, 3906302320]
[3906302384, 3906302400]
[3906302496, 3906302528]
[3906302560, 3906302576]
[3906302640, 3906302656]
[3906302752, 3906302784]
[3906302816, 3906302832]
[3906302896, 3906302912]
[3906303008, 3906303040]
[3906303072, 3906303088]
[3906303152, 3906303168]
[3906303264, 3906303296]
[3906303328, 3906303344]
[3906303408, 3906303424]
[3906303520, 3906303552]
[3906303584, 3906303600]
[3906303664, 3906303680]
[3906303776, 3906303808]
[3906303840, 3906303856]
[3906303920, 3906303936]
[3906304032, 3906304064]
[3906304096, 3906304112]
[3906304176, 3906304192]
[3906304288, 3906304320]
[3906304352, 3906304368]
[3906304432, 3906304448]
[3906304544, 3906304576]
[3906304608, 3906304624]
[3906304688, 3906304704]
[3906304800, 3906304832]
[3906304864, 3906304880]
[3906304944, 3906304960]
[3906305056, 3906305088]
[3906305120, 3906305136]
[3906305200, 3906305216]
[3906305312, 3906305344]
[3906305376, 3906305392]
[3906305456, 3906305472]
[3906305568, 3906305600]
[3906305632, 3906305648]
[3906305712, 3906305728]
[3906305824, 3906305856]
[3906305888, 3906305904]
[3906305968, 3906305984]
[3906306080, 3906306112]
[3906306144, 3906306160]
[3906306224, 3906306240]
[3906306336, 3906306368]
[3906306400, 3906306416]
[3906306480, 3906306496]
[3906306592, 3906306624]
[3906306656, 3906306672]
[3906306736, 3906306752]
[3906306848, 3906306880]
[3906306912, 3906306928]
[3906306992, 3906307008]
[3906307104, 3906307136]
[3906307168, 3906307184]
[3906307248, 3906307264]
[3906307360, 3906307392]
[3906307424, 3906307440]
[3906307504, 3906307520]
[3906307616, 3906307648]
[3906307680, 3906307696]
[3906307760, 3906307776]
[3906307872, 3906307904]
[3906307936, 3906307952]
[3906308016, 3906308032]
[3906308128, 3906308160]
[3906308192, 3906308208]
[3906308272, 3906308288]
[3906308384, 3906308416]
[3906308448, 3906308464]
[3906308528, 3906308544]
[3906308640, 3906308672]
[3906308704, 3906308720]
[3906308784, 3906308800]
[3906308896, 3906308928]
[3906308960, 3906308976]
[3906309040, 3906309056]
[3906309152, 3906309184]
[3906309216, 3906309232]
[3906309296, 3906309312]
[3906309408, 3906309440]
[3906309472, 3906309488]
[3906309552, 3906309568]
[3906309664, 3906309696]
[3906309728, 3906309744]
[3906309808, 3906309824]
[3906309920, 3906309952]
[3906309984, 3906310000]
[3906310064, 3906310080]
[3906310176, 3906310208]
[3906310240, 3906310256]
[3906310320, 3906310336]
[3906310432, 3906310464]
[3906310496, 3906310512]
[3906310576, 3906310592]
[3906310688, 3906310720]
[3906310752, 3906310768]
[3906310832, 3906310848]
[3906310944, 3906310976]
[3906311008, 3906311024]
[3906311088, 3906311104]
[3906311200, 3906311232]
[3906311264, 3906311280]
[3906311344, 3906311360]
[3906311456, 3906311488]
[3906311520, 3906311536]
[3906311600, 3906311616]
[3906311712, 3906311744]
[3906311776, 3906311792]
[3906311856, 3906311872]
[3906311968, 3906312000]
[3906312032, 3906312048]
[3906312112, 3906312128]
[3906312224, 3906312256]
[3906312288, 3906312304]
[3906312368, 3906312384]
[3906312480, 3906312512]
[3906312544, 3906312560]
[3906312624, 3906312640]
[3906312736, 3906312768]
[3906312800, 3906312816]
[3906312880, 3906312896]
[3906312992, 3906313024]
[3906313056, 3906313072]
[3906313136, 3906313152]
[3906313248, 3906313280]
[3906313312, 3906313328]
[3906313392, 3906313408]
[3906313504, 3906313536]
[3906313568, 3906313584]
[3906313648, 3906313664]
[3906313760, 3906313792]
[3906313824, 3906313840]
[3906313904, 3906313920]
[3906314016, 3906314048]
[3906314080, 3906314096]
[3906314160, 3906314176]
[3906314272, 3906314304]
[3906314336, 3906314352]
[3906314416, 3906314432]
[3906314528, 3906314560]
[3906314592, 3906314608]
[3906314672, 3906314688]
[3906314784, 3906314816]
[3906314848, 3906314864]
[3906314928, 3906314944]
[3906315040, 3906315072]
[3906315104, 3906315120]
[3906315184, 3906315200]
[3906315296, 3906315328]
[3906315360, 3906315376]
[3906315440, 3906315456]
[3906315552, 3906315584]
[3906315616, 3906315632]
[3906315696, 3906315712]
[3906315808, 3906315840]
[3906315872, 3906315888]
[3906315952, 3906315968]
[3906316064, 3906316096]
[3906316128, 3906316144]
[3906316208, 3906316224]
[3906316320, 3906316352]
[3906316384, 3906316400]
[3906316464, 3906316480]
[3906316576, 3906316608]
[3906316640, 3906316656]
[3906316720, 3906316736]
[3906316832, 3906316864]
[3906316896, 3906316912]
[3906316976, 3906316992]
[3906317088, 3906317120]
[3906317152, 3906317168]
[3906317232, 3906317248]
[3906317344, 3906317376]
[3906317408, 3906317424]
[3906317488, 3906317504]
[3906317600, 3906317632]
[3906317664, 3906317680]
[3906317744, 3906317760]
[3906317856, 3906317888]
[3906317920, 3906317936]
[3906318000, 3906318016]
[3906318112, 3906318144]
[3906318176, 3906318192]
[3906318256, 3906318272]
[3906318368, 3906318400]
[3906318432, 3906318448]
[3906318512, 3906318528]
[3906318624, 3906318656]
[3906318688, 3906318704]
[3906318768, 3906318784]
[3906318880, 3906318912]
[3906318944, 3906318960]
[3906319024, 3906319040]
[3906319136, 3906319168]
[3906319200, 3906319216]
[3906319280, 3906319296]
[3906319392, 3906319424]
[3906319456, 3906319472]
[3906319536, 3906319552]
[3906319648, 3906319680]
[3906319712, 3906319728]
[3906319792, 3906319808]
[3906319904, 3906319936]
[3906319968, 3906319984]
[3906320048, 3906320064]
[3906320160, 3906320192]
[3906320224, 3906320240]
[3906320304, 3906320320]
[3906320416, 3906320448]
[3906320480, 3906320496]
[3906320560, 3906320576]
[3906320672, 3906320704]
[3906320736, 3906320752]
[3906320816, 3906320832]
[3906320928, 3906320960]
[3906320992, 3906321008]
[3906321072, 3906321088]
[3906321184, 3906321216]
[3906321248, 3906321264]
[3906321328, 3906321344]
[3906321440, 3906321472]
[3906321504, 3906321520]
[3906321584, 3906321600]
[3906321696, 3906321728]
[3906321760, 3906321776]
[3906321840, 3906321856]
[3906321952, 3906321984]
[3906322016, 3906322032]
[3906322096, 3906322112]
[3906322208, 3906322240]
[3906322272, 3906322288]
[3906322352, 3906322368]
[3906322464, 3906322496]
[3906322528, 3906322544]
[3906322608, 3906322624]
[3906322720, 3906322752]
[3906322784, 3906322800]
[3906322864, 3906322880]
[3906322976, 3906323008]
[3906323040, 3906323056]
[3906323120, 3906323136]
[3906323232, 3906323264]
[3906323296, 3906323312]
[3906323376, 3906323392]
[3906323488, 3906323520]
[3906323552, 3906323568]
[3906323632, 3906323648]
[3906323744, 3906323776]
[3906323808, 3906323824]
[3906323888, 3906323904]
[3906324000, 3906324032]
[3906324064, 3906324080]
[3906324144, 3906324160]
[3906324256, 3906324288]
[3906324320, 3906324336]
[3906324400, 3906324416]
[3906324512, 3906324544]
[3906324576, 3906324592]
[3906324656, 3906324672]
[3906324768, 3906324800]
[3906324832, 3906324848]
[3906324912, 3906324928]
[3906325024, 3906325056]
[3906325088, 3906325104]
[3906325168, 3906325184]
[3906325280, 3906325312]
[3906325344, 3906325360]
[3906325424, 3906325440]
[3906325536, 3906325568]
[3906325600, 3906325616]
[3906325680, 3906325696]
[3906325792, 3906325824]
[3906325856, 3906325872]
[3906325936, 3906325952]
[3906326048, 3906326080]
[3906326112, 3906326128]
[3906326192, 3906326208]
[3906326304, 3906326336]
[3906326368, 3906326384]
[3906326448, 3906326464]
[3906326560, 3906326592]
[3906326624, 3906326640]
[3906326704, 3906326720]
[3906326816, 3906326848]
[3906326880, 3906326896]
[3906326960, 3906326976]
[3906327072, 3906327104]
[3906327136, 3906327152]
[3906327216, 3906327232]
[3906327328, 3906327360]
[3906327392, 3906327408]
[3906327472, 3906327488]
[3906327584, 3906327616]
[3906327648, 3906327664]
[3906327728, 3906327744]
[3906327840, 3906327872]
[3906327904, 3906327920]
[3906327984, 3906328000]
[3906328096, 3906328128]
[3906328160, 3906328176]
[3906328240, 3906328256]
[3906328352, 3906328384]
[3906328416, 3906328432]
[3906328496, 3906328512]
[3906328608, 3906328640]
[3906328672, 3906328688]
[3906328752, 3906328768]
[3906328864, 3906328896]
[3906328928, 3906328944]
[3906329008, 3906329024]
[3906329120, 3906329152]
[3906329184, 3906329200]
[3906329264, 3906329280]
[3906329376, 3906329408]
[3906329440, 3906329456]
[3906329520, 3906329536]
[3906329632, 3906329664]
[3906329696, 3906329712]
[3906329776, 3906329792]
[3906329888, 3906329920]
[3906329952, 3906329968]
[3906330032, 3906330048]
[3906330144, 3906330176]
[3906330208, 3906330224]
[3906330288, 3906330304]
[3906330400, 3906330432]
[3906330464, 3906330480]
[3906330544, 3906330560]
[3906330656, 3906330688]
[3906330720, 3906330736]
[3906330800, 3906330816]
[3906330912, 3906330944]
[3906330976, 3906330992]
[3906331056, 3906331072]
[3906331168, 3906331200]
[3906331232, 3906331248]
[3906331312, 3906331328]
[3906331424, 3906331456]
[3906331488, 3906331504]
[3906331568, 3906331584]
[3906331680, 3906331712]
[3906331744, 3906331760]
[3906331824, 3906331840]
[3906331936, 3906331968]
[3906332000, 3906332016]
[3906332080, 3906332096]
[3906332192, 3906332224]
[3906332256, 3906332272]
[3906332336, 3906332352]
[3906332448, 3906332480]
[3906332512, 3906332528]
[3906332592, 3906332608]
[3906332704, 3906332736]
[3906332768, 3906332784]
[3906332848, 3906332864]
[3906332960, 3906332992]
[3906333024, 3906333040]
[3906333104, 3906333120]
[3906333216, 3906333248]
[3906333280, 3906333296]
[3906333360, 3906333376]
[3906333472, 3906333504]
[3906333536, 3906333552]
[3906333616, 3906333632]
[3906333728, 3906333760]
[3906333792, 3906333808]
[3906333872, 3906333888]
[3906333984, 3906334016]
[3906334048, 3906334064]
[3906334128, 3906334144]
[3906334240, 3906334272]
[3906334304, 3906334320]
[3906334384, 3906334400]
[3906334496, 3906334528]
[3906334560, 3906334576]
[3906334640, 3906334656]
[3906334752, 3906334784]
[3906334816, 3906334832]
[3906334896, 3906334912]
[3906335008, 3906335040]
[3906335072, 3906335088]
[3906335152, 3906335168]
[3906335264, 3906335296]
[3906335328, 3906335344]
[3906335408, 3906335424]
[3906335520, 3906335552]
[3906335584, 3906335600]
[3906335664, 3906335680]
[3906335776, 3906335808]
[3906335840, 3906335856]
[3906335920, 3906335936]
[3906336032, 3906336064]
[3906336096, 3906336112]
[3906336176, 3906336192]
[3906336288, 3906336320]
[3906336352, 3906336368]
[3906336432, 3906336448]
[3906336544, 3906336576]
[3906336608, 3906336624]
[3906336688, 3906336704]
[3906336800, 3906336832]
[3906336864, 3906336880]
[3906336944, 3906336960]
[3906337056, 3906337088]
[3906337120, 3906337136]
[3906337200, 3906337216]
[3906337312, 3906337344]
[3906337376, 3906337392]
[3906337456, 3906337472]
[3906337568, 3906337600]
[3906337632, 3906337648]
[3906337712, 3906337728]
[3906337824, 3906337856]
[3906337888, 3906337904]
[3906337968, 3906337984]
[3906338080, 3906338112]
[3906338144, 3906338160]
[3906338224, 3906338240]
[3906338336, 3906338368]
[3906338400, 3906338416]
[3906338480, 3906338496]
[3906338592, 3906338624]
[3906338656, 3906338672]
[3906338736, 3906338752]
[3906338848, 3906338880]
[3906338912, 3906338928]
[3906338992, 3906339008]
[3906339104, 3906339136]
[3906339168, 3906339184]
[3906339248, 3906339264]
[3906339360, 3906339392]
[3906339424, 3906339440]
[3906339504, 3906339520]
[3906339616, 3906339648]
[3906339680, 3906339696]
[3906339760, 3906339776]
[3906339872, 3906339904]
[3906339936, 3906339952]
[3906340016, 3906340032]
[3906340128, 3906340160]
[3906340192, 3906340208]
[3906340272, 3906340288]
[3906340384, 3906340416]
[3906340448, 3906340464]
[3906340528, 3906340544]
[3906340640, 3906340672]
[3906340704, 3906340720]
[3906340784, 3906340800]
[3906340896, 3906340928]
[3906340960, 3906340976]
[3906341040, 3906341056]
[3906341152, 3906341184]
[3906341216, 3906341232]
[3906341296, 3906341312]
[3906341408, 3906341440]
[3906341472, 3906341488]
[3906341552, 3906341568]
[3906341664, 3906341696]
[3906341728, 3906341744]
[3906341808, 3906341824]
[3906341920, 3906341952]
[3906341984, 3906342000]
[3906342064, 3906342080]
[3906342176, 3906342208]
[3906342240, 3906342256]
[3906342320, 3906342336]
[3906342432, 3906342464]
[3906342496, 3906342512]
[3906342576, 3906342592]
[3906342688, 3906342720]
[3906342752, 3906342768]
[3906342832, 3906342848]
[3906342944, 3906342976]
[3906343008, 3906343024]
[3906343088, 3906343104]
[3906343200, 3906343232]
[3906343264, 3906343280]
[3906343344, 3906343360]
[3906343456, 3906343488]
[3906343520, 3906343536]
[3906343600, 3906343616]
[3906343712, 3906343744]
[3906343776, 3906343792]
[3906343856, 3906343872]
[3906343968, 3906344000]
[3906344032, 3906344048]
[3906344112, 3906344128]
[3906344224, 3906344256]
[3906344288, 3906344304]
[3906344368, 3906344384]
[3906344480, 3906344512]
[3906344544, 3906344560]
[3906344624, 3906344640]
[3906344736, 3906344768]
[3906344800, 3906344816]
[3906344880, 3906344896]
[3906344992, 3906345024]
[3906345056, 3906345072]
[3906345136, 3906345152]
[3906345248, 3906345280]
[3906345312, 3906345328]
[3906345392, 3906345408]
[3906345504, 3906345536]
[3906345568, 3906345584]
[3906345648, 3906345664]
[3906345760, 3906345792]
[3906345824, 3906345840]
[3906345904, 3906345920]
[3906346016, 3906346048]
[3906346080, 3906346096]
[3906346160, 3906346176]
[3906346272, 3906346304]
[3906346336, 3906346352]
[3906346416, 3906346432]
[3906346528, 3906346560]
[3906346592, 3906346608]
[3906346672, 3906346688]
[3906346784, 3906346816]
[3906346848, 3906346864]
[3906346928, 3906346944]
[3906347040, 3906347072]
[3906347104, 3906347120]
[3906347184, 3906347200]
[3906347296, 3906347328]
[3906347360, 3906347376]
[3906347440, 3906347456]
[3906347552, 3906347584]
[3906347616, 3906347632]
[3906347696, 3906347712]
[3906347808, 3906347840]
[3906347872, 3906347888]
[3906347952, 3906347968]
[3906348064, 3906348096]
[3906348128, 3906348144]
[3906348208, 3906348224]
[3906348320, 3906348352]
[3906348384, 3906348400]
[3906348464, 3906348480]
[3906348576, 3906348608]
[3906348640, 3906348656]
[3906348720, 3906348736]
[3906348832, 3906348864]
[3906348896, 3906348912]
[3906348976, 3906348992]
[3906349088, 3906349120]
[3906349152, 3906349168]
[3906349232, 3906349248]
[3906349344, 3906349376]
[3906349408, 3906349424]
[3906349488, 3906349504]
[3906349600, 3906349632]
[3906349664, 3906349680]
[3906349744, 3906349760]
[3906349856, 3906349888]
[3906349920, 3906349936]
[3906350000, 3906350016]
[3906350112, 3906350144]
[3906350176, 3906350192]
[3906350256, 3906350272]
[3906350368, 3906350400]
[3906350432, 3906350448]
[3906350512, 3906350528]
[3906350624, 3906350656]
[3906350688, 3906350704]
[3906350768, 3906350784]
[3906350880, 3906350912]
[3906350944, 3906350960]
[3906351024, 3906351040]
[3906351136, 3906351168]
[3906351200, 3906351216]
[3906351280, 3906351296]
[3906351392, 3906351424]
[3906351456, 3906351472]
[3906351536, 3906351552]
[3906351648, 3906351680]
[3906351712, 3906351728]
[3906351792, 3906351808]
[3906351904, 3906351936]
[3906351968, 3906351984]
[3906352048, 3906352064]
[3906352160, 3906352192]
[3906352224, 3906352240]
[3906352304, 3906352320]
[3906352416, 3906352448]
[3906352480, 3906352496]
[3906352560, 3906352576]
[3906352672, 3906352704]
[3906352736, 3906352752]
[3906352816, 3906352832]
[3906352928, 3906352960]
[3906352992, 3906353008]
[3906353072, 3906353088]
[3906353184, 3906353216]
[3906353248, 3906353264]
[3906353328, 3906353344]
[3906353440, 3906353472]
[3906353504, 3906353520]
[3906353584, 3906353600]
[3906353696, 3906353728]
[3906353760, 3906353776]
[3906353840, 3906353856]
[3906353952, 3906353984]
[3906354016, 3906354032]
[3906354096, 3906354112]
[3906354208, 3906354240]
[3906354272, 3906354288]
[3906354352, 3906354368]
[3906354464, 3906354496]
[3906354528, 3906354544]
[3906354608, 3906354624]
[3906354720, 3906354752]
[3906354784, 3906354800]
[3906354864, 3906354880]
[3906354976, 3906355008]
[3906355040, 3906355056]
[3906355120, 3906355136]
[3906355232, 3906355264]
[3906355296, 3906355312]
[3906355376, 3906355392]
[3906355488, 3906355520]
[3906355552, 3906355568]
[3906355632, 3906355648]
[3906355744, 3906355776]
[3906355808, 3906355824]
[3906355888, 3906355904]
[3906356000, 3906356032]
[3906356064, 3906356080]
[3906356144, 3906356160]
[3906356256, 3906356288]
[3906356320, 3906356336]
[3906356400, 3906356416]
[3906356512, 3906356544]
[3906356576, 3906356592]
[3906356656, 3906356672]
[3906356768, 3906356800]
[3906356832, 3906356848]
[3906356912, 3906356928]
[3906357024, 3906357056]
[3906357088, 3906357104]
[3906357168, 3906357184]
[3906357280, 3906357312]
[3906357344, 3906357360]
[3906357424, 3906357440]
[3906357536, 3906357568]
[3906357600, 3906357616]
[3906357680, 3906357696]
[3906357792, 3906357824]
[3906357856, 3906357872]
[3906357936, 3906357952]
[3906358048, 3906358080]
[3906358112, 3906358128]
[3906358192, 3906358208]
[3906358304, 3906358336]
[3906358368, 3906358384]
[3906358448, 3906358464]
[3906358560, 3906358592]
[3906358624, 3906358640]
[3906358704, 3906358720]
[3906358816, 3906358848]
[3906358880, 3906358896]
[3906358960, 3906358976]
[3906359072, 3906359104]
[3906359136, 3906359152]
[3906359216, 3906359232]
[3906359328, 3906359360]
[3906359392, 3906359408]
[3906359472, 3906359488]
[3906359584, 3906359616]
[3906359648, 3906359664]
[3906359728, 3906359744]
[3906359840, 3906359872]
[3906359904, 3906359920]
[3906359984, 3906360000]
[3906360096, 3906360128]
[3906360160, 3906360176]
[3906360240, 3906360256]
[3906360352, 3906360384]
[3906360416, 3906360432]
[3906360496, 3906360512]
[3906360608, 3906360640]
[3906360672, 3906360688]
[3906360752, 3906360768]
[3906360864, 3906360896]
[3906360928, 3906360944]
[3906361008, 3906361024]
[3906361120, 3906361152]
[3906361184, 3906361200]
[3906361264, 3906361280]
[3906361376, 3906361408]
[3906361440, 3906361456]
[3906361520, 3906361536]
[3906361632, 3906361664]
[3906361696, 3906361712]
[3906361776, 3906361792]
[3906361888, 3906361920]
[3906361952, 3906361968]
[3906362032, 3906362048]
[3906362144, 3906362176]
[3906362208, 3906362224]
[3906362288, 3906362304]
[3906362400, 3906362432]
[3906362464, 3906362480]
[3906362544, 3906362560]
[3906362656, 3906362688]
[3906362720, 3906362736]
[3906362800, 3906362816]
[3906362912, 3906362944]
[3906362976, 3906362992]
[3906363056, 3906363072]
[3906363168, 3906363200]
[3906363232, 3906363248]
[3906363312, 3906363328]
[3906363424, 3906363456]
[3906363488, 3906363504]
[3906363568, 3906363584]
[3906363680, 3906363712]
[3906363744, 3906363760]
[3906363824, 3906363840]
[3906363936, 3906363968]
[3906364000, 3906364016]
[3906364080, 3906364096]
[3906364192, 3906364224]
[3906364256, 3906364272]
[3906364336, 3906364352]
[3906364448, 3906364480]
[3906364512, 3906364528]
[3906364592, 3906364608]
[3906364704, 3906364736]
[3906364768, 3906364784]
[3906364848, 3906364864]
[3906364960, 3906364992]
[3906365024, 3906365040]
[3906365104, 3906365120]
[3906365216, 3906365248]
[3906365280, 3906365296]
[3906365360, 3906365376]
[3906365472, 3906365504]
[3906365536, 3906365552]
[3906365616, 3906365632]
[3906365728, 3906365760]
[3906365792, 3906365808]
[3906365872, 3906365888]
[3906365984, 3906366016]
[3906366048, 3906366064]
[3906366128, 3906366144]
[3906366240, 3906366272]
[3906366304, 3906366320]
[3906366384, 3906366400]
[3906366496, 3906366528]
[3906366560, 3906366576]
[3906366640, 3906366656]
[3906366752, 3906366784]
[3906366816, 3906366832]
[3906366896, 3906366912]
[3906367008, 3906367040]
[3906367072, 3906367088]
[3906367152, 3906367168]
[3906367264, 3906367296]
[3906367328, 3906367344]
[3906367408, 3906367424]
[3906367520, 3906367552]
[3906367584, 3906367600]
[3906367664, 3906367680]
[3906367776, 3906367808]
[3906367840, 3906367856]
[3906367920, 3906367936]
[3906368032, 3906368064]
[3906368096, 3906368112]
[3906368176, 3906368192]
[3906368288, 3906368320]
[3906368352, 3906368368]
[3906368432, 3906368448]
[3906368544, 3906368576]
[3906368608, 3906368624]
[3906368688, 3906368704]
[3906368800, 3906368832]
[3906368864, 3906368880]
[3906368944, 3906368960]
[3906369056, 3906369088]
[3906369120, 3906369136]
[3906369200, 3906369216]
[3906369312, 3906369344]
[3906369376, 3906369392]
[3906369456, 3906369472]
[3906369568, 3906369600]
[3906369632, 3906369648]
[3906369712, 3906369728]
[3906369824, 3906369856]
[3906369888, 3906369904]
[3906369968, 3906369984]
[3906370080, 3906370112]
[3906370144, 3906370160]
[3906370224, 3906370240]
[3906370336, 3906370368]
[3906370400, 3906370416]
[3906370480, 3906370496]
[3906370592, 3906370624]
[3906370656, 3906370672]
[3906370736, 3906370752]
[3906370848, 3906370880]
[3906370912, 3906370928]
[3906370992, 3906371008]
[3906371104, 3906371136]
[3906371168, 3906371184]
[3906371248, 3906371264]
[3906371360, 3906371392]
[3906371424, 3906371440]
[3906371504, 3906371520]
[3906371616, 3906371648]
[3906371680, 3906371696]
[3906371760, 3906371776]
[3906371872, 3906371904]
[3906371936, 3906371952]
[3906372016, 3906372032]
[3906372128, 3906372160]
[3906372192, 3906372208]
[3906372272, 3906372288]
[3906372384, 3906372416]
[3906372448, 3906372464]
[3906372528, 3906372544]
[3906372640, 3906372672]
[3906372704, 3906372720]
[3906372784, 3906372800]
[3906372896, 3906372928]
[3906372960, 3906372976]
[3906373040, 3906373056]
[3906373152, 3906373184]
[3906373216, 3906373232]
[3906373296, 3906373312]
[3906373408, 3906373440]
[3906373472, 3906373488]
[3906373552, 3906373568]
[3906373664, 3906373696]
[3906373728, 3906373744]
[3906373808, 3906373824]
[3906373920, 3906373952]
[3906373984, 3906374000]
[3906374064, 3906374080]
[3906374176, 3906374208]
[3906374240, 3906374256]
[3906374320, 3906374336]
[3906374432, 3906374464]
[3906374496, 3906374512]
[3906374576, 3906374592]
[3906374688, 3906374720]
[3906374752, 3906374768]
[3906374832, 3906374848]
[3906374944, 3906374976]
[3906375008, 3906375024]
[3906375088, 3906375104]
[3906375200, 3906375232]
[3906375264, 3906375280]
[3906375344, 3906375360]
[3906375456, 3906375488]
[3906375520, 3906375536]
[3906375600, 3906375616]
[3906375712, 3906375744]
[3906375776, 3906375792]
[3906375856, 3906375872]
[3906375968, 3906376000]
[3906376032, 3906376048]
[3906376112, 3906376128]
[3906376224, 3906376256]
[3906376288, 3906376304]
[3906376368, 3906376384]
[3906376480, 3906376512]
[3906376544, 3906376560]
[3906376624, 3906376640]
[3906376736, 3906376768]
[3906376800, 3906376816]
[3906376880, 3906376896]
[3906376992, 3906377024]
[3906377056, 3906377072]
[3906377136, 3906377152]
[3906377248, 3906377280]
[3906377312, 3906377328]
[3906377392, 3906377408]
[3906377504, 3906377536]
[3906377568, 3906377584]
[3906377648, 3906377664]
[3906377760, 3906377792]
[3906377824, 3906377840]
[3906377904, 3906377920]
[3906378016, 3906378048]
[3906378080, 3906378096]
[3906378160, 3906378176]
[3906378272, 3906378304]
[3906378336, 3906378352]
[3906378416, 3906378432]
[3906378528, 3906378560]
[3906378592, 3906378608]
[3906378672, 3906378688]
[3906378784, 3906378816]
[3906378848, 3906378864]
[3906378928, 3906378944]
[3906379040, 3906379072]
[3906379104, 3906379120]
[3906379184, 3906379200]
[3906379296, 3906379328]
[3906379360, 3906379376]
[3906379440, 3906379456]
[3906379552, 3906379584]
[3906379616, 3906379632]
[3906379696, 3906379712]
[3906379808, 3906379840]
[3906379872, 3906379888]
[3906379952, 3906379968]
[3906380064, 3906380096]
[3906380128, 3906380144]
[3906380208, 3906380224]
[3906380320, 3906380352]
[3906380384, 3906380400]
[3906380464, 3906380480]
[3906380576, 3906380608]
[3906380640, 3906380656]
[3906380720, 3906380736]
[3906380832, 3906380864]
[3906380896, 3906380912]
[3906380976, 3906380992]
[3906381088, 3906381120]
[3906381152, 3906381168]
[3906381232, 3906381248]
[3906381344, 3906381376]
[3906381408, 3906381424]
[3906381488, 3906381504]
[3906381600, 3906381632]
[3906381664, 3906381680]
[3906381744, 3906381760]
[3906381856, 3906381888]
[3906381920, 3906381936]
[3906382000, 3906382016]
[3906382112, 3906382144]
[3906382176, 3906382192]
[3906382256, 3906382272]
[3906382368, 3906382400]
[3906382432, 3906382448]
[3906382512, 3906382528]
[3906382624, 3906382656]
[3906382688, 3906382704]
[3906382768, 3906382784]
[3906382880, 3906382912]
[3906382944, 3906382960]
[3906383024, 3906383040]
[3906383136, 3906383168]
[3906383200, 3906383216]
[3906383280, 3906383296]
[3906383392, 3906383424]
[3906383456, 3906383472]
[3906383536, 3906383552]
[3906383648, 3906383680]
[3906383712, 3906383728]
[3906383792, 3906383808]
[3906383904, 3906383936]
[3906383968, 3906383984]
[3906384048, 3906384064]
[3906384160, 3906384192]
[3906384224, 3906384240]
[3906384304, 3906384320]
[3906384416, 3906384448]
[3906384480, 3906384496]
[3906384560, 3906384576]
[3906384672, 3906384704]
[3906384736, 3906384752]
[3906384816, 3906384832]
[3906384928, 3906384960]
[3906384992, 3906385008]
[3906385072, 3906385088]
[3906385184, 3906385216]
[3906385248, 3906385264]
[3906385328, 3906385344]
[3906385440, 3906385472]
[3906385504, 3906385520]
[3906385584, 3906385600]
[3906385696, 3906385728]
[3906385760, 3906385776]
[3906385840, 3906385856]
[3906385952, 3906385984]
[3906386016, 3906386032]
[3906386096, 3906386112]
[3906386208, 3906386240]
[3906386272, 3906386288]
[3906386352, 3906386368]
[3906386464, 3906386496]
[3906386528, 3906386544]
[3906386608, 3906386624]
[3906386720, 3906386752]
[3906386784, 3906386800]
[3906386864, 3906386880]
[3906386976, 3906387008]
[3906387040, 3906387056]
[3906387120, 3906387136]
[3906387232, 3906387264]
[3906387296, 3906387312]
[3906387376, 3906387392]
[3906387488, 3906387520]
[3906387552, 3906387568]
[3906387632, 3906387648]
[3906387744, 3906387776]
[3906387808, 3906387824]
[3906387888, 3906387904]
[3906388000, 3906388032]
[3906388064, 3906388080]
[3906388144, 3906388160]
[3906388256, 3906388288]
[3906388320, 3906388336]
[3906388400, 3906388416]
[3906388512, 3906388544]
[3906388576, 3906388592]
[3906388656, 3906388672]
[3906388768, 3906388800]
[3906388832, 3906388848]
[3906388912, 3906388928]
[3906389024, 3906389056]
[3906389088, 3906389104]
[3906389168, 3906389184]
[3906389280, 3906389312]
[3906389344, 3906389360]
[3906389424, 3906389440]
[3906389536, 3906389568]
[3906389600, 3906389616]
[3906389680, 3906389696]
[3906389792, 3906389824]
[3906389856, 3906389872]
[3906389936, 3906389952]
[3906390048, 3906390080]
[3906390112, 3906390128]
[3906390192, 3906390208]
[3906390304, 3906390336]
[3906390368, 3906390384]
[3906390448, 3906390464]
[3906390560, 3906390592]
[3906390624, 3906390640]
[3906390704, 3906390720]
[3906390816, 3906390848]
[3906390880, 3906390896]
[3906390960, 3906390976]
[3906391072, 3906391104]
[3906391136, 3906391152]
[3906391216, 3906391232]
[3906391328, 3906391360]
[3906391392, 3906391408]
[3906391472, 3906391488]
[3906391584, 3906391616]
[3906391648, 3906391664]
[3906391728, 3906391744]
[3906391840, 3906391872]
[3906391904, 3906391920]
[3906391984, 3906392000]
[3906392096, 3906392128]
[3906392160, 3906392176]
[3906392240, 3906392256]
[3906392352, 3906392384]
[3906392416, 3906392432]
[3906392496, 3906392512]
[3906392608, 3906392640]
[3906392672, 3906392688]
[3906392752, 3906392768]
[3906392864, 3906392896]
[3906392928, 3906392944]
[3906393008, 3906393024]
[3906393120, 3906393152]
[3906393184, 3906393200]
[3906393264, 3906393280]
[3906393376, 3906393408]
[3906393440, 3906393456]
[3906393520, 3906393536]
[3906393632, 3906393664]
[3906393696, 3906393712]
[3906393776, 3906393792]
[3906393888, 3906393920]
[3906393952, 3906393968]
[3906394032, 3906394048]
[3906394144, 3906394176]
[3906394208, 3906394224]
[3906394288, 3906394304]
[3906394400, 3906394432]
[3906394464, 3906394480]
[3906394544, 3906394560]
[3906394656, 3906394688]
[3906394720, 3906394736]
[3906394800, 3906394816]
[3906394912, 3906394944]
[3906394976, 3906394992]
[3906395056, 3906395072]
[3906395168, 3906395200]
[3906395232, 3906395248]
[3906395312, 3906395328]
[3906395424, 3906395456]
[3906395488, 3906395504]
[3906395568, 3906395584]
[3906395680, 3906395712]
[3906395744, 3906395760]
[3906395824, 3906395840]
[3906395936, 3906395968]
[3906396000, 3906396016]
[3906396080, 3906396096]
[3906396192, 3906396224]
[3906396256, 3906396272]
[3906396336, 3906396352]
[3906396448, 3906396480]
[3906396512, 3906396528]
[3906396592, 3906396608]
[3906396704, 3906396736]
[3906396768, 3906396784]
[3906396848, 3906396864]
[3906396960, 3906396992]
[3906397024, 3906397040]
[3906397104, 3906397120]
[3906397216, 3906397248]
[3906397280, 3906397296]
[3906397360, 3906397376]
[3906397472, 3906397504]
[3906397536, 3906397552]
[3906397616, 3906397632]
[3906397728, 3906397760]
[3906397792, 3906397808]
[3906397872, 3906397888]
[3906397984, 3906398016]
[3906398048, 3906398064]
[3906398128, 3906398144]
[3906398240, 3906398272]
[3906398304, 3906398320]
[3906398384, 3906398400]
[3906398496, 3906398528]
[3906398560, 3906398576]
[3906398640, 3906398656]
[3906398752, 3906398784]
[3906398816, 3906398832]
[3906398896, 3906398912]
[3906399008, 3906399040]
[3906399072, 3906399088]
[3906399152, 3906399168]
[3906399264, 3906399296]
[3906399328, 3906399344]
[3906399408, 3906399424]
[3906399520, 3906399552]
[3906399584, 3906399600]
[3906399664, 3906399680]
[3906399776, 3906399808]
[3906399840, 3906399856]
[3906399920, 3906399936]
[3906400032, 3906400064]
[3906400096, 3906400112]
[3906400176, 3906400192]
[3906400288, 3906400320]
[3906400352, 3906400368]
[3906400432, 3906400448]
[3906400544, 3906400576]
[3906400608, 3906400624]
[3906400688, 3906400704]
[3906400800, 3906400832]
[3906400864, 3906400880]
[3906400944, 3906400960]
[3906401056, 3906401088]
[3906401120, 3906401136]
[3906401200, 3906401216]
[3906401312, 3906401344]
[3906401376, 3906401392]
[3906401456, 3906401472]
[3906401568, 3906401600]
[3906401632, 3906401648]
[3906401712, 3906401728]
[3906401824, 3906401856]
[3906401888, 3906401904]
[3906401968, 3906401984]
[3906402080, 3906402112]
[3906402144, 3906402160]
[3906402224, 3906402240]
[3906402336, 3906402368]
[3906402400, 3906402416]
[3906402480, 3906402496]
[3906402592, 3906402624]
[3906402656, 3906402672]
[3906402736, 3906402752]
[3906402848, 3906402880]
[3906402912, 3906402928]
[3906402992, 3906403008]
[3906403104, 3906403136]
[3906403168, 3906403184]
[3906403248, 3906403264]
[3906403360, 3906403392]
[3906403424, 3906403440]
[3906403504, 3906403520]
[3906403616, 3906403648]
[3906403680, 3906403696]
[3906403760, 3906403776]
[3906403872, 3906403904]
[3906403936, 3906403952]
[3906404016, 3906404032]
[3906404128, 3906404160]
[3906404192, 3906404208]
[3906404272, 3906404288]
[3906404384, 3906404416]
[3906404448, 3906404464]
[3906404528, 3906404544]
[3906404640, 3906404672]
[3906404704, 3906404720]
[3906404784, 3906404800]
[3906404896, 3906404928]
[3906404960, 3906404976]
[3906405040, 3906405056]
[3906405152, 3906405184]
[3906405216, 3906405232]
[3906405296, 3906405312]
[3906405408, 3906405440]
[3906405472, 3906405488]
[3906405552, 3906405568]
[3906405664, 3906405696]
[3906405728, 3906405744]
[3906405808, 3906405824]
[3906405920, 3906405952]
[3906405984, 3906406000]
[3906406064, 3906406080]
[3906406176, 3906406208]
[3906406240, 3906406256]
[3906406320, 3906406336]
[3906406432, 3906406464]
[3906406496, 3906406512]
[3906406576, 3906406592]
[3906406688, 3906406720]
[3906406752, 3906406768]
[3906406832, 3906406848]
[3906406944, 3906406976]
[3906407008, 3906407024]
[3906407088, 3906407104]
[3906407200, 3906407232]
[3906407264, 3906407280]
[3906407344, 3906407360]
[3906407456, 3906407488]
[3906407520, 3906407536]
[3906407600, 3906407616]
[3906407712, 3906407744]
[3906407776, 3906407792]
[3906407856, 3906407872]
[3906407968, 3906408000]
[3906408032, 3906408048]
[3906408112, 3906408128]
[3906408224, 3906408256]
[3906408288, 3906408304]
[3906408368, 3906408384]
[3906408480, 3906408512]
[3906408544, 3906408560]
[3906408624, 3906408640]
[3906408736, 3906408768]
[3906408800, 3906408816]
[3906408880, 3906408896]
[3906408992, 3906409024]
[3906409056, 3906409072]
[3906409136, 3906409152]
[3906409248, 3906409280]
[3906409312, 3906409328]
[3906409392, 3906409408]
[3906409504, 3906409536]
[3906409568, 3906409584]
[3906409648, 3906409664]
[3906409760, 3906409792]
[3906409824, 3906409840]
[3906409904, 3906409920]
[3906410016, 3906410048]
[3906410080, 3906410096]
[3906410160, 3906410176]
[3906410272, 3906410304]
[3906410336, 3906410352]
[3906410416, 3906410432]
[3906410528, 3906410560]
[3906410592, 3906410608]
[3906410672, 3906410688]
[3906410784, 3906410816]
[3906410848, 3906410864]
[3906410928, 3906410944]
[3906411040, 3906411072]
[3906411104, 3906411120]
[3906411184, 3906411200]
[3906411296, 3906411328]
[3906411360, 3906411376]
[3906411440, 3906411456]
[3906411552, 3906411584]
[3906411616, 3906411632]
[3906411696, 3906411712]
[3906411808, 3906411840]
[3906411872, 3906411888]
[3906411952, 3906411968]
[3906412064, 3906412096]
[3906412128, 3906412144]
[3906412208, 3906412224]
[3906412320, 3906412352]
[3906412384, 3906412400]
[3906412464, 3906412480]
[3906412576, 3906412608]
[3906412640, 3906412656]
[3906412720, 3906412736]
[3906412832, 3906412864]
[3906412896, 3906412912]
[3906412976, 3906412992]
[3906413088, 3906413120]
[3906413152, 3906413168]
[3906413232, 3906413248]
[3906413344, 3906413376]
[3906413408, 3906413424]
[3906413488, 3906413504]
[3906413600, 3906413632]
[3906413664, 3906413680]
[3906413744, 3906413760]
[3906413856, 3906413888]
[3906413920, 3906413936]
[3906414000, 3906414016]
[3906414112, 3906414144]
[3906414176, 3906414192]
[3906414256, 3906414272]
[3906414368, 3906414400]
[3906414432, 3906414448]
[3906414512, 3906414528]
[3906414624, 3906414656]
[3906414688, 3906414704]
[3906414768, 3906414784]
[3906414880, 3906414912]
[3906414944, 3906414960]
[3906415024, 3906415040]
[3906415136, 3906415168]
[3906415200, 3906415216]
[3906415280, 3906415296]
[3906415392, 3906415424]
[3906415456, 3906415472]
[3906415536, 3906415552]
[3906415648, 3906415680]
[3906415712, 3906415728]
[3906415792, 3906415808]
[3906415904, 3906415936]
[3906415968, 3906415984]
[3906416048, 3906416064]
[3906416160, 3906416192]
[3906416224, 3906416240]
[3906416304, 3906416320]
[3906416416, 3906416448]
[3906416480, 3906416496]
[3906416560, 3906416576]
[3906416672, 3906416704]
[3906416736, 3906416752]
[3906416816, 3906416832]
[3906416928, 3906416960]
[3906416992, 3906417008]
[3906417072, 3906417088]
[3906417184, 3906417216]
[3906417248, 3906417264]
[3906417328, 3906417344]
[3906417440, 3906417472]
[3906417504, 3906417520]
[3906417584, 3906417600]
[3906417696, 3906417728]
[3906417760, 3906417776]
[3906417840, 3906417856]
[3906417952, 3906417984]
[3906418016, 3906418032]
[3906418096, 3906418112]
[3906418208, 3906418240]
[3906418272, 3906418288]
[3906418352, 3906418368]
[3906418464, 3906418496]
[3906418528, 3906418544]
[3906418608, 3906418624]
[3906418720, 3906418752]
[3906418784, 3906418800]
[3906418864, 3906418880]
[3906418976, 3906419008]
[3906419040, 3906419056]
[3906419120, 3906419136]
[3906419232, 3906419264]
[3906419296, 3906419312]
[3906419376, 3906419392]
[3906419488, 3906419520]
[3906419552, 3906419568]
[3906419632, 3906419648]
[3906419744, 3906419776]
[3906419808, 3906419824]
[3906419888, 3906419904]
[3906420000, 3906420032]
[3906420064, 3906420080]
[3906420144, 3906420160]
[3906420256, 3906420288]
[3906420320, 3906420336]
[3906420400, 3906420416]
[3906420512, 3906420544]
[3906420576, 3906420592]
[3906420656, 3906420672]
[3906420768, 3906420800]
[3906420832, 3906420848]
[3906420912, 3906420928]
[3906421024, 3906421056]
[3906421088, 3906421104]
[3906421168, 3906421184]
[3906421280, 3906421312]
[3906421344, 3906421360]
[3906421424, 3906421440]
[3906421536, 3906421568]
[3906421600, 3906421616]
[3906421680, 3906421696]
[3906421792, 3906421824]
[3906421856, 3906421872]
[3906421936, 3906421952]
[3906422048, 3906422080]
[3906422112, 3906422128]
[3906422192, 3906422208]
[3906422304, 3906422336]
[3906422368, 3906422384]
[3906422448, 3906422464]
[3906422560, 3906422592]
[3906422624, 3906422640]
[3906422704, 3906422720]
[3906422816, 3906422848]
[3906422880, 3906422896]
[3906422960, 3906422976]
[3906423072, 3906423104]
[3906423136, 3906423152]
[3906423216, 3906423232]
[3906423328, 3906423360]
[3906423392, 3906423408]
[3906423472, 3906423488]
[3906423584, 3906423616]
[3906423648, 3906423664]
[3906423728, 3906423744]
[3906423840, 3906423872]
[3906423904, 3906423920]
[3906423984, 3906424000]
[3906424096, 3906424128]
[3906424160, 3906424176]
[3906424240, 3906424256]
[3906424352, 3906424384]
[3906424416, 3906424432]
[3906424496, 3906424512]
[3906424608, 3906424640]
[3906424672, 3906424688]
[3906424752, 3906424768]
[3906424864, 3906424896]
[3906424928, 3906424944]
[3906425008, 3906425024]
[3906425120, 3906425152]
[3906425184, 3906425200]
[3906425264, 3906425280]
[3906425376, 3906425408]
[3906425440, 3906425456]
[3906425520, 3906425536]
[3906425632, 3906425664]
[3906425696, 3906425712]
[3906425776, 3906425792]
[3906425888, 3906425920]
[3906425952, 3906425968]
[3906426032, 3906426048]
[3906426144, 3906426176]
[3906426208, 3906426224]
[3906426288, 3906426304]
[3906426400, 3906426432]
[3906426464, 3906426480]
[3906426544, 3906426560]
[3906426656, 3906426688]
[3906426720, 3906426736]
[3906426800, 3906426816]
[3906426912, 3906426944]
[3906426976, 3906426992]
[3906427056, 3906427072]
[3906427168, 3906427200]
[3906427232, 3906427248]
[3906427312, 3906427328]
[3906427424, 3906427456]
[3906427488, 3906427504]
[3906427568, 3906427584]
[3906427680, 3906427712]
[3906427744, 3906427760]
[3906427824, 3906427840]
[3906427936, 3906427968]
[3906428000, 3906428016]
[3906428080, 3906428096]
[3906428192, 3906428224]
[3906428256, 3906428272]
[3906428336, 3906428352]
[3906428448, 3906428480]
[3906428512, 3906428528]
[3906428592, 3906428608]
[3906428704, 3906428736]
[3906428768, 3906428784]
[3906428848, 3906428864]
[3906428960, 3906428992]
[3906429024, 3906429040]
[3906429104, 3906429120]
[3906429216, 3906429248]
[3906429280, 3906429296]
[3906429360, 3906429376]
[3906429472, 3906429504]
[3906429536, 3906429552]
[3906429616, 3906429632]
[3906429728, 3906429760]
[3906429792, 3906429808]
[3906429872, 3906429888]
[3906429984, 3906430016]
[3906430048, 3906430064]
[3906430128, 3906430144]
[3906430240, 3906430272]
[3906430304, 3906430320]
[3906430384, 3906430400]
[3906430496, 3906430528]
[3906430560, 3906430576]
[3906430640, 3906430656]
[3906430752, 3906430784]
[3906430816, 3906430832]
[3906430896, 3906430912]
[3906431008, 3906431040]
[3906431072, 3906431088]
[3906431152, 3906431168]
[3906431264, 3906431296]
[3906431328, 3906431344]
[3906431408, 3906431424]
[3906431520, 3906431552]
[3906431584, 3906431600]
[3906431664, 3906431680]
[3906431776, 3906431808]
[3906431840, 3906431856]
[3906431920, 3906431936]
[3906432032, 3906432064]
[3906432096, 3906432112]
[3906432176, 3906432192]
[3906432288, 3906432320]
[3906432352, 3906432368]
[3906432432, 3906432448]
[3906432544, 3906432576]
[3906432608, 3906432624]
[3906432688, 3906432704]
[3906432800, 3906432832]
[3906432864, 3906432880]
[3906432944, 3906432960]
[3906433056, 3906433088]
[3906433120, 3906433136]
[3906433200, 3906433216]
[3906433312, 3906433344]
[3906433376, 3906433392]
[3906433456, 3906433472]
[3906433568, 3906433600]
[3906433632, 3906433648]
[3906433712, 3906433728]
[3906433824, 3906433856]
[3906433888, 3906433904]
[3906433968, 3906433984]
[3906434080, 3906434112]
[3906434144, 3906434160]
[3906434224, 3906434240]
[3906434336, 3906434368]
[3906434400, 3906434416]
[3906434480, 3906434496]
[3906434592, 3906434624]
[3906434656, 3906434672]
[3906434736, 3906434752]
[3906434848, 3906434880]
[3906434912, 3906434928]
[3906434992, 3906435008]
[3906435104, 3906435136]
[3906435168, 3906435184]
[3906435248, 3906435264]
[3906435360, 3906435392]
[3906435424, 3906435440]
[3906435504, 3906435520]
[3906435616, 3906435648]
[3906435680, 3906435696]
[3906435760, 3906435776]
[3906435872, 3906435904]
[3906435936, 3906435952]
[3906436016, 3906436032]
[3906436128, 3906436160]
[3906436192, 3906436208]
[3906436272, 3906436288]
[3906436384, 3906436416]
[3906436448, 3906436464]
[3906436528, 3906436544]
[3906436640, 3906436672]
[3906436704, 3906436720]
[3906436784, 3906436800]
[3906436896, 3906436928]
[3906436960, 3906436976]
[3906437040, 3906437056]
[3906437152, 3906437184]
[3906437216, 3906437232]
[3906437296, 3906437312]
[3906437408, 3906437440]
[3906437472, 3906437488]
[3906437552, 3906437568]
[3906437664, 3906437696]
[3906437728, 3906437744]
[3906437808, 3906437824]
[3906437920, 3906437952]
[3906437984, 3906438000]
[3906438064, 3906438080]
[3906438176, 3906438208]
[3906438240, 3906438256]
[3906438320, 3906438336]
[3906438432, 3906438464]
[3906438496, 3906438512]
[3906438576, 3906438592]
[3906438688, 3906438720]
[3906438752, 3906438768]
[3906438832, 3906438848]
[3906438944, 3906438976]
[3906439008, 3906439024]
[3906439088, 3906439104]
[3906439200, 3906439232]
[3906439264, 3906439280]
[3906439344, 3906439360]
[3906439456, 3906439488]
[3906439520, 3906439536]
[3906439600, 3906439616]
[3906439712, 3906439744]
[3906439776, 3906439792]
[3906439856, 3906439872]
[3906439968, 3906440000]
[3906440032, 3906440048]
[3906440112, 3906440128]
[3906440224, 3906440256]
[3906440288, 3906440304]
[3906440368, 3906440384]
[3906440480, 3906440512]
[3906440544, 3906440560]
[3906440624, 3906440640]
[3906440736, 3906440768]
[3906440800, 3906440816]
[3906440880, 3906440896]
[3906440992, 3906441024]
[3906441056, 3906441072]
[3906441136, 3906441152]
[3906441248, 3906441280]
[3906441312, 3906441328]
[3906441392, 3906441408]
[3906441504, 3906441536]
[3906441568, 3906441584]
[3906441648, 3906441664]
[3906441760, 3906441792]
[3906441824, 3906441840]
[3906441904, 3906441920]
[3906442016, 3906442048]
[3906442080, 3906442096]
[3906442160, 3906442176]
[3906442272, 3906442304]
[3906442336, 3906442352]
[3906442416, 3906442432]
[3906442528, 3906442560]
[3906442592, 3906442608]
[3906442672, 3906442688]
[3906442784, 3906442816]
[3906442848, 3906442864]
[3906442928, 3906442944]
[3906443040, 3906443072]
[3906443104, 3906443120]
[3906443184, 3906443200]
[3906443296, 3906443328]
[3906443360, 3906443376]
[3906443440, 3906443456]
[3906443552, 3906443584]
[3906443616, 3906443632]
[3906443696, 3906443712]
[3906443808, 3906443840]
[3906443872, 3906443888]
[3906443952, 3906443968]
[3906444064, 3906444096]
[3906444128, 3906444144]
[3906444208, 3906444224]
[3906444320, 3906444352]
[3906444384, 3906444400]
[3906444464, 3906444480]
[3906444576, 3906444608]
[3906444640, 3906444656]
[3906444720, 3906444736]
[3906444832, 3906444864]
[3906444896, 3906444912]
[3906444976, 3906444992]
[3906445088, 3906445120]
[3906445152, 3906445168]
[3906445232, 3906445248]
[3906445344, 3906445376]
[3906445408, 3906445424]
[3906445488, 3906445504]
[3906445600, 3906445632]
[3906445664, 3906445680]
[3906445744, 3906445760]
[3906445856, 3906445888]
[3906445920, 3906445936]
[3906446000, 3906446016]
[3906446112, 3906446144]
[3906446176, 3906446192]
[3906446256, 3906446272]
[3906446368, 3906446400]
[3906446432, 3906446448]
[3906446512, 3906446528]
[3906446624, 3906446656]
[3906446688, 3906446704]
[3906446768, 3906446784]
[3906446880, 3906446912]
[3906446944, 3906446960]
[3906447024, 3906447040]
[3906447136, 3906447168]
[3906447200, 3906447216]
[3906447280, 3906447296]
[3906447392, 3906447424]
[3906447456, 3906447472]
[3906447536, 3906447552]
[3906447648, 3906447680]
[3906447712, 3906447728]
[3906447792, 3906447808]
[3906447904, 3906447936]
[3906447968, 3906447984]
[3906448048, 3906448064]
[3906448160, 3906448192]
[3906448224, 3906448240]
[3906448304, 3906448320]
[3906448416, 3906448448]
[3906448480, 3906448496]
[3906448560, 3906448576]
[3906448672, 3906448704]
[3906448736, 3906448752]
[3906448816, 3906448832]
[3906448928, 3906448960]
[3906448992, 3906449008]
[3906449072, 3906449088]
[3906449184, 3906449216]
[3906449248, 3906449264]
[3906449328, 3906449344]
[3906449440, 3906449472]
[3906449504, 3906449520]
[3906449584, 3906449600]
[3906449696, 3906449728]
[3906449760, 3906449776]
[3906449840, 3906449856]
[3906449952, 3906449984]
[3906450016, 3906450032]
[3906450096, 3906450112]
[3906450208, 3906450240]
[3906450272, 3906450288]
[3906450352, 3906450368]
[3906450464, 3906450496]
[3906450528, 3906450544]
[3906450608, 3906450624]
[3906450720, 3906450752]
[3906450784, 3906450800]
[3906450864, 3906450880]
[3906450976, 3906451008]
[3906451040, 3906451056]
[3906451120, 3906451136]
[3906451232, 3906451264]
[3906451296, 3906451312]
[3906451376, 3906451392]
[3906451488, 3906451520]
[3906451552, 3906451568]
[3906451632, 3906451648]
[3906451744, 3906451776]
[3906451808, 3906451824]
[3906451888, 3906451904]
[3906452000, 3906452032]
[3906452064, 3906452080]
[3906452144, 3906452160]
[3906452256, 3906452288]
[3906452320, 3906452336]
[3906452400, 3906452416]
[3906452512, 3906452544]
[3906452576, 3906452592]
[3906452656, 3906452672]
[3906452768, 3906452800]
[3906452832, 3906452848]
[3906452912, 3906452928]
[3906453024, 3906453056]
[3906453088, 3906453104]
[3906453168, 3906453184]
[3906453280, 3906453312]
[3906453344, 3906453360]
[3906453424, 3906453440]
[3906453536, 3906453568]
[3906453600, 3906453616]
[3906453680, 3906453696]
[3906453792, 3906453824]
[3906453856, 3906453872]
[3906453936, 3906453952]
[3906454048, 3906454080]
[3906454112, 3906454128]
[3906454192, 3906454208]
[3906454304, 3906454336]
[3906454368, 3906454384]
[3906454448, 3906454464]
[3906454560, 3906454592]
[3906454624, 3906454640]
[3906454704, 3906454720]
[3906454816, 3906454848]
[3906454880, 3906454896]
[3906454960, 3906454976]
[3906455072, 3906455104]
[3906455136, 3906455152]
[3906455216, 3906455232]
[3906455328, 3906455360]
[3906455392, 3906455408]
[3906455472, 3906455488]
[3906455584, 3906455616]
[3906455648, 3906455664]
[3906455728, 3906455744]
[3906455840, 3906455872]
[3906455904, 3906455920]
[3906455984, 3906456000]
[3906456096, 3906456128]
[3906456160, 3906456176]
[3906456240, 3906456256]
[3906456352, 3906456384]
[3906456416, 3906456432]
[3906456496, 3906456512]
[3906456608, 3906456640]
[3906456672, 3906456688]
[3906456752, 3906456768]
[3906456864, 3906456896]
[3906456928, 3906456944]
[3906457008, 3906457024]
[3906457120, 3906457152]
[3906457184, 3906457200]
[3906457264, 3906457280]
[3906457376, 3906457408]
[3906457440, 3906457456]
[3906457520, 3906457536]
[3906457632, 3906457664]
[3906457696, 3906457712]
[3906457776, 3906457792]
[3906457888, 3906457920]
[3906457952, 3906457968]
[3906458032, 3906458048]
[3906458144, 3906458176]
[3906458208, 3906458224]
[3906458288, 3906458304]
[3906458400, 3906458432]
[3906458464, 3906458480]
[3906458544, 3906458560]
[3906458656, 3906458688]
[3906458720, 3906458736]
[3906458800, 3906458816]
[3906458912, 3906458944]
[3906458976, 3906458992]
[3906459056, 3906459072]
[3906459168, 3906459200]
[3906459232, 3906459248]
[3906459312, 3906459328]
[3906459424, 3906459456]
[3906459488, 3906459504]
[3906459568, 3906459584]
[3906459680, 3906459712]
[3906459744, 3906459760]
[3906459824, 3906459840]
[3906459936, 3906459968]
[3906460000, 3906460016]
[3906460080, 3906460096]
[3906460192, 3906460224]
[3906460256, 3906460272]
[3906460336, 3906460352]
[3906460448, 3906460480]
[3906460512, 3906460528]
[3906460592, 3906460608]
[3906460704, 3906460736]
[3906460768, 3906460784]
[3906460848, 3906460864]
[3906460960, 3906460992]
[3906461024, 3906461040]
[3906461104, 3906461120]
[3906461216, 3906461248]
[3906461280, 3906461296]
[3906461360, 3906461376]
[3906461472, 3906461504]
[3906461536, 3906461552]
[3906461616, 3906461632]
[3906461728, 3906461760]
[3906461792, 3906461808]
[3906461872, 3906461888]
[3906461984, 3906462016]
[3906462048, 3906462064]
[3906462128, 3906462144]
[3906462240, 3906462272]
[3906462304, 3906462320]
[3906462384, 3906462400]
[3906462496, 3906462528]
[3906462560, 3906462576]
[3906462640, 3906462656]
[3906462752, 3906462784]
[3906462816, 3906462832]
[3906462896, 3906462912]
[3906463008, 3906463040]
[3906463072, 3906463088]
[3906463152, 3906463168]
[3906463264, 3906463296]
[3906463328, 3906463344]
[3906463408, 3906463424]
[3906463520, 3906463552]
[3906463584, 3906463600]
[3906463664, 3906463680]
[3906463776, 3906463808]
[3906463840, 3906463856]
[3906463920, 3906463936]
[3906464032, 3906464064]
[3906464096, 3906464112]
[3906464176, 3906464192]
[3906464288, 3906464320]
[3906464352, 3906464368]
[3906464432, 3906464448]
[3906464544, 3906464576]
[3906464608, 3906464624]
[3906464688, 3906464704]
[3906464800, 3906464832]
[3906464864, 3906464880]
[3906464944, 3906464960]
[3906465056, 3906465088]
[3906465120, 3906465136]
[3906465200, 3906465216]
[3906465312, 3906465344]
[3906465376, 3906465392]
[3906465456, 3906465472]
[3906465568, 3906465600]
[3906465632, 3906465648]
[3906465712, 3906465728]
[3906465824, 3906465856]
[3906465888, 3906465904]
[3906465968, 3906465984]
[3906466080, 3906466112]
[3906466144, 3906466160]
[3906466224, 3906466240]
[3906466336, 3906466368]
[3906466400, 3906466416]
[3906466480, 3906466496]
[3906466592, 3906466624]
[3906466656, 3906466672]
[3906466736, 3906466752]
[3906466848, 3906466880]
[3906466912, 3906466928]
[3906466992, 3906467008]
[3906467104, 3906467136]
[3906467168, 3906467184]
[3906467248, 3906467264]
[3906467360, 3906467392]
[3906467424, 3906467440]
[3906467504, 3906467520]
[3906467616, 3906467648]
[3906467680, 3906467696]
[3906467760, 3906467776]
[3906467872, 3906467904]
[3906467936, 3906467952]
[3906468016, 3906468032]
[3906468128, 3906468160]
[3906468192, 3906468208]
[3906468272, 3906468288]
[3906468384, 3906468416]
[3906468448, 3906468464]
[3906468528, 3906468544]
[3906468640, 3906468672]
[3906468704, 3906468720]
[3906468784, 3906468800]
[3906468896, 3906468928]
[3906468960, 3906468976]
[3906469040, 3906469056]
[3906469152, 3906469184]
[3906469216, 3906469232]
[3906469296, 3906469312]
[3906469408, 3906469440]
[3906469472, 3906469488]
[3906469552, 3906469568]
[3906469664, 3906469696]
[3906469728, 3906469744]
[3906469808, 3906469824]
[3906469920, 3906469952]
[3906469984, 3906470000]
[3906470064, 3906470080]
[3906470176, 3906470208]
[3906470240, 3906470256]
[3906470320, 3906470336]
[3906470432, 3906470464]
[3906470496, 3906470512]
[3906470576, 3906470592]
[3906470688, 3906470720]
[3906470752, 3906470768]
[3906470832, 3906470848]
[3906470944, 3906470976]
[3906471008, 3906471024]
[3906471088, 3906471104]
[3906471200, 3906471232]
[3906471264, 3906471280]
[3906471344, 3906471360]
[3906471456, 3906471488]
[3906471520, 3906471536]
[3906471600, 3906471616]
[3906471712, 3906471744]
[3906471776, 3906471792]
[3906471856, 3906471872]
[3906471968, 3906472000]
[3906472032, 3906472048]
[3906472112, 3906472128]
[3906472224, 3906472256]
[3906472288, 3906472304]
[3906472368, 3906472384]
[3906472480, 3906472512]
[3906472544, 3906472560]
[3906472624, 3906472640]
[3906472736, 3906472768]
[3906472800, 3906472816]
[3906472880, 3906472896]
[3906472992, 3906473024]
[3906473056, 3906473072]
[3906473136, 3906473152]
[3906473248, 3906473280]
[3906473312, 3906473328]
[3906473392, 3906473408]
[3906473504, 3906473536]
[3906473568, 3906473584]
[3906473648, 3906473664]
[3906473760, 3906473792]
[3906473824, 3906473840]
[3906473904, 3906473920]
[3906474016, 3906474048]
[3906474080, 3906474096]
[3906474160, 3906474176]
[3906474272, 3906474304]
[3906474336, 3906474352]
[3906474416, 3906474432]
[3906474528, 3906474560]
[3906474592, 3906474608]
[3906474672, 3906474688]
[3906474784, 3906474816]
[3906474848, 3906474864]
[3906474928, 3906474944]
[3906475040, 3906475072]
[3906475104, 3906475120]
[3906475184, 3906475200]
[3906475296, 3906475328]
[3906475360, 3906475376]
[3906475440, 3906475456]
[3906475552, 3906475584]
[3906475616, 3906475632]
[3906475696, 3906475712]
[3906475808, 3906475840]
[3906475872, 3906475888]
[3906475952, 3906475968]
[3906476064, 3906476096]
[3906476128, 3906476144]
[3906476208, 3906476224]
[3906476320, 3906476352]
[3906476384, 3906476400]
[3906476464, 3906476480]
[3906476576, 3906476608]
[3906476640, 3906476656]
[3906476720, 3906476736]
[3906476832, 3906476864]
[3906476896, 3906476912]
[3906476976, 3906476992]
[3906477088, 3906477120]
[3906477152, 3906477168]
[3906477232, 3906477248]
[3906477344, 3906477376]
[3906477408, 3906477424]
[3906477488, 3906477504]
[3906477600, 3906477632]
[3906477664, 3906477680]
[3906477744, 3906477760]
[3906477856, 3906477888]
[3906477920, 3906477936]
[3906478000, 3906478016]
[3906478112, 3906478144]
[3906478176, 3906478192]
[3906478256, 3906478272]
[3906478368, 3906478400]
[3906478432, 3906478448]
[3906478512, 3906478528]
[3906478624, 3906478656]
[3906478688, 3906478704]
[3906478768, 3906478784]
[3906478880, 3906478912]
[3906478944, 3906478960]
[3906479024, 3906479040]
[3906479136, 3906479168]
[3906479200, 3906479216]
[3906479280, 3906479296]
[3906479392, 3906479424]
[3906479456, 3906479472]
[3906479536, 3906479552]
[3906479648, 3906479680]
[3906479712, 3906479728]
[3906479792, 3906479808]
[3906479904, 3906479936]
[3906479968, 3906479984]
[3906480048, 3906480064]
[3906480160, 3906480192]
[3906480224, 3906480240]
[3906480304, 3906480320]
[3906480416, 3906480448]
[3906480480, 3906480496]
[3906480560, 3906480576]
[3906480672, 3906480704]
[3906480736, 3906480752]
[3906480816, 3906480832]
[3906480928, 3906480960]
[3906480992, 3906481008]
[3906481072, 3906481088]
[3906481184, 3906481216]
[3906481248, 3906481264]
[3906481328, 3906481344]
[3906481440, 3906481472]
[3906481504, 3906481520]
[3906481584, 3906481600]
[3906481696, 3906481728]
[3906481760, 3906481776]
[3906481840, 3906481856]
[3906481952, 3906481984]
[3906482016, 3906482032]
[3906482096, 3906482112]
[3906482208, 3906482240]
[3906482272, 3906482288]
[3906482352, 3906482368]
[3906482464, 3906482496]
[3906482528, 3906482544]
[3906482608, 3906482624]
[3906482720, 3906482752]
[3906482784, 3906482800]
[3906482864, 3906482880]
[3906482976, 3906483008]
[3906483040, 3906483056]
[3906483120, 3906483136]
[3906483232, 3906483264]
[3906483296, 3906483312]
[3906483376, 3906483392]
[3906483488, 3906483520]
[3906483552, 3906483568]
[3906483632, 3906483648]
[3906483744, 3906483776]
[3906483808, 3906483824]
[3906483888, 3906483904]
[3906484000, 3906484032]
[3906484064, 3906484080]
[3906484144, 3906484160]
[3906484256, 3906484288]
[3906484320, 3906484336]
[3906484400, 3906484416]
[3906484512, 3906484544]
[3906484576, 3906484592]
[3906484656, 3906484672]
[3906484768, 3906484800]
[3906484832, 3906484848]
[3906484912, 3906484928]
[3906485024, 3906485056]
[3906485088, 3906485104]
[3906485168, 3906485184]
[3906485280, 3906485312]
[3906485344, 3906485360]
[3906485424, 3906485440]
[3906485536, 3906485568]
[3906485600, 3906485616]
[3906485680, 3906485696]
[3906485792, 3906485824]
[3906485856, 3906485872]
[3906485936, 3906485952]
[3906486048, 3906486080]
[3906486112, 3906486128]
[3906486192, 3906486208]
[3906486304, 3906486336]
[3906486368, 3906486384]
[3906486448, 3906486464]
[3906486560, 3906486592]
[3906486624, 3906486640]
[3906486704, 3906486720]
[3906486816, 3906486848]
[3906486880, 3906486896]
[3906486960, 3906486976]
[3906487072, 3906487104]
[3906487136, 3906487152]
[3906487216, 3906487232]
[3906487328, 3906487360]
[3906487392, 3906487408]
[3906487472, 3906487488]
[3906487584, 3906487616]
[3906487648, 3906487664]
[3906487728, 3906487744]
[3906487840, 3906487872]
[3906487904, 3906487920]
[3906487984, 3906488000]
[3906488096, 3906488128]
[3906488160, 3906488176]
[3906488240, 3906488256]
[3906488352, 3906488384]
[3906488416, 3906488432]
[3906488496, 3906488512]
[3906488608, 3906488640]
[3906488672, 3906488688]
[3906488752, 3906488768]
[3906488864, 3906488896]
[3906488928, 3906488944]
[3906489008, 3906489024]
[3906489120, 3906489152]
[3906489184, 3906489200]
[3906489264, 3906489280]
[3906489376, 3906489408]
[3906489440, 3906489456]
[3906489520, 3906489536]
[3906489632, 3906489664]
[3906489696, 3906489712]
[3906489776, 3906489792]
[3906489888, 3906489920]
[3906489952, 3906489968]
[3906490032, 3906490048]
[3906490144, 3906490176]
[3906490208, 3906490224]
[3906490288, 3906490304]
[3906490400, 3906490432]
[3906490464, 3906490480]
[3906490544, 3906490560]
[3906490656, 3906490688]
[3906490720, 3906490736]
[3906490800, 3906490816]
[3906490912, 3906490944]
[3906490976, 3906490992]
[3906491056, 3906491072]
[3906491168, 3906491200]
[3906491232, 3906491248]
[3906491312, 3906491328]
[3906491424, 3906491456]
[3906491488, 3906491504]
[3906491568, 3906491584]
[3906491680, 3906491712]
[3906491744, 3906491760]
[3906491824, 3906491840]
[3906491936, 3906491968]
[3906492000, 3906492016]
[3906492080, 3906492096]
[3906492192, 3906492224]
[3906492256, 3906492272]
[3906492336, 3906492352]
[3906492448, 3906492480]
[3906492512, 3906492528]
[3906492592, 3906492608]
[3906492704, 3906492736]
[3906492768, 3906492784]
[3906492848, 3906492864]
[3906492960, 3906492992]
[3906493024, 3906493040]
[3906493104, 3906493120]
[3906493216, 3906493248]
[3906493280, 3906493296]
[3906493360, 3906493376]
[3906493472, 3906493504]
[3906493536, 3906493552]
[3906493616, 3906493632]
[3906493728, 3906493760]
[3906493792, 3906493808]
[3906493872, 3906493888]
[3906493984, 3906494016]
[3906494048, 3906494064]
[3906494128, 3906494144]
[3906494240, 3906494272]
[3906494304, 3906494320]
[3906494384, 3906494400]
[3906494496, 3906494528]
[3906494560, 3906494576]
[3906494640, 3906494656]
[3906494752, 3906494784]
[3906494816, 3906494832]
[3906494896, 3906494912]
[3906495008, 3906495040]
[3906495072, 3906495088]
[3906495152, 3906495168]
[3906495264, 3906495296]
[3906495328, 3906495344]
[3906495408, 3906495424]
[3906495520, 3906495552]
[3906495584, 3906495600]
[3906495664, 3906495680]
[3906495776, 3906495808]
[3906495840, 3906495856]
[3906495920, 3906495936]
[3906496032, 3906496064]
[3906496096, 3906496112]
[3906496176, 3906496192]
[3906496288, 3906496320]
[3906496352, 3906496368]
[3906496432, 3906496448]
[3906496544, 3906496576]
[3906496608, 3906496624]
[3906496688, 3906496704]
[3906496800, 3906496832]
[3906496864, 3906496880]
[3906496944, 3906496960]
[3906497056, 3906497088]
[3906497120, 3906497136]
[3906497200, 3906497216]
[3906497312, 3906497344]
[3906497376, 3906497392]
[3906497456, 3906497472]
[3906497568, 3906497600]
[3906497632, 3906497648]
[3906497712, 3906497728]
[3906497824, 3906497856]
[3906497888, 3906497904]
[3906497968, 3906497984]
[3906498080, 3906498112]
[3906498144, 3906498160]
[3906498224, 3906498240]
[3906498336, 3906498368]
[3906498400, 3906498416]
[3906498480, 3906498496]
[3906498592, 3906498624]
[3906498656, 3906498672]
[3906498736, 3906498752]
[3906498848, 3906498880]
[3906498912, 3906498928]
[3906498992, 3906499008]
[3906499104, 3906499136]
[3906499168, 3906499184]
[3906499248, 3906499264]
[3906499360, 3906499392]
[3906499424, 3906499440]
[3906499504, 3906499520]
[3906499616, 3906499648]
[3906499680, 3906499696]
[3906499760, 3906499776]
[3906499872, 3906499904]
[3906499936, 3906499952]
[3906500016, 3906500032]
[3906500128, 3906500160]
[3906500192, 3906500208]
[3906500272, 3906500288]
[3906500384, 3906500416]
[3906500448, 3906500464]
[3906500528, 3906500544]
[3906500640, 3906500672]
[3906500704, 3906500720]
[3906500784, 3906500800]
[3906500896, 3906500928]
[3906500960, 3906500976]
[3906501040, 3906501056]
[3906501152, 3906501184]
[3906501216, 3906501232]
[3906501296, 3906501312]
[3906501408, 3906501440]
[3906501472, 3906501488]
[3906501552, 3906501568]
[3906501664, 3906501696]
[3906501728, 3906501744]
[3906501808, 3906501824]
[3906501920, 3906501952]
[3906501984, 3906502000]
[3906502064, 3906502080]
[3906502176, 3906502208]
[3906502240, 3906502256]
[3906502320, 3906502336]
[3906502432, 3906502464]
[3906502496, 3906502512]
[3906502576, 3906502592]
[3906502688, 3906502720]
[3906502752, 3906502768]
[3906502832, 3906502848]
[3906502944, 3906502976]
[3906503008, 3906503024]
[3906503088, 3906503104]
[3906503200, 3906503232]
[3906503264, 3906503280]
[3906503344, 3906503360]
[3906503456, 3906503488]
[3906503520, 3906503536]
[3906503600, 3906503616]
[3906503712, 3906503744]
[3906503776, 3906503792]
[3906503856, 3906503872]
[3906503968, 3906504000]
[3906504032, 3906504048]
[3906504112, 3906504128]
[3906504224, 3906504256]
[3906504288, 3906504304]
[3906504368, 3906504384]
[3906504480, 3906504512]
[3906504544, 3906504560]
[3906504624, 3906504640]
[3906504736, 3906504768]
[3906504800, 3906504816]
[3906504880, 3906504896]
[3906504992, 3906505024]
[3906505056, 3906505072]
[3906505136, 3906505152]
[3906505248, 3906505280]
[3906505312, 3906505328]
[3906505392, 3906505408]
[3906505504, 3906505536]
[3906505568, 3906505584]
[3906505648, 3906505664]
[3906505760, 3906505792]
[3906505824, 3906505840]
[3906505904, 3906505920]
[3906506016, 3906506048]
[3906506080, 3906506096]
[3906506160, 3906506176]
[3906506272, 3906506304]
[3906506336, 3906506352]
[3906506416, 3906506432]
[3906506528, 3906506560]
[3906506592, 3906506608]
[3906506672, 3906506688]
[3906506784, 3906506816]
[3906506848, 3906506864]
[3906506928, 3906506944]
[3906507040, 3906507072]
[3906507104, 3906507120]
[3906507184, 3906507200]
[3906507296, 3906507328]
[3906507360, 3906507376]
[3906507440, 3906507456]
[3906507552, 3906507584]
[3906507616, 3906507632]
[3906507696, 3906507712]
[3906507808, 3906507840]
[3906507872, 3906507888]
[3906507952, 3906507968]
[3906508064, 3906508096]
[3906508128, 3906508144]
[3906508208, 3906508224]
[3906508320, 3906508352]
[3906508384, 3906508400]
[3906508464, 3906508480]
[3906508576, 3906508608]
[3906508640, 3906508656]
[3906508720, 3906508736]
[3906508832, 3906508864]
[3906508896, 3906508912]
[3906508976, 3906508992]
[3906509088, 3906509120]
[3906509152, 3906509168]
[3906509232, 3906509248]
[3906509344, 3906509376]
[3906509408, 3906509424]
[3906509488, 3906509504]
[3906509600, 3906509632]
[3906509664, 3906509680]
[3906509744, 3906509760]
[3906509856, 3906509888]
[3906509920, 3906509936]
[3906510000, 3906510016]
[3906510112, 3906510144]
[3906510176, 3906510192]
[3906510256, 3906510272]
[3906510368, 3906510400]
[3906510432, 3906510448]
[3906510512, 3906510528]
[3906510624, 3906510656]
[3906510688, 3906510704]
[3906510768, 3906510784]
[3906510880, 3906510912]
[3906510944, 3906510960]
[3906511024, 3906511040]
[3906511136, 3906511168]
[3906511200, 3906511216]
[3906511280, 3906511296]
[3906511392, 3906511424]
[3906511456, 3906511472]
[3906511536, 3906511552]
[3906511648, 3906511680]
[3906511712, 3906511728]
[3906511792, 3906511808]
[3906511904, 3906511936]
[3906511968, 3906511984]
[3906512048, 3906512064]
[3906512160, 3906512192]
[3906512224, 3906512240]
[3906512304, 3906512320]
[3906512416, 3906512448]
[3906512480, 3906512496]
[3906512560, 3906512576]
[3906512672, 3906512704]
[3906512736, 3906512752]
[3906512816, 3906512832]
[3906512928, 3906512960]
[3906512992, 3906513008]
[3906513072, 3906513088]
[3906513184, 3906513216]
[3906513248, 3906513264]
[3906513328, 3906513344]
[3906513440, 3906513472]
[3906513504, 3906513520]
[3906513584, 3906513600]
[3906513696, 3906513728]
[3906513760, 3906513776]
[3906513840, 3906513856]
[3906513952, 3906513984]
[3906514016, 3906514032]
[3906514096, 3906514112]
[3906514208, 3906514240]
[3906514272, 3906514288]
[3906514352, 3906514368]
[3906514464, 3906514496]
[3906514528, 3906514544]
[3906514608, 3906514624]
[3906514720, 3906514752]
[3906514784, 3906514800]
[3906514864, 3906514880]
[3906514976, 3906515008]
[3906515040, 3906515056]
[3906515120, 3906515136]
[3906515232, 3906515264]
[3906515296, 3906515312]
[3906515376, 3906515392]
[3906515488, 3906515520]
[3906515552, 3906515568]
[3906515632, 3906515648]
[3906515744, 3906515776]
[3906515808, 3906515824]
[3906515888, 3906515904]
[3906516000, 3906516032]
[3906516064, 3906516080]
[3906516144, 3906516160]
[3906516256, 3906516288]
[3906516320, 3906516336]
[3906516400, 3906516416]
[3906516512, 3906516544]
[3906516576, 3906516592]
[3906516656, 3906516672]
[3906516768, 3906516800]
[3906516832, 3906516848]
[3906516912, 3906516928]
[3906517024, 3906517056]
[3906517088, 3906517104]
[3906517168, 3906517184]
[3906517280, 3906517312]
[3906517344, 3906517360]
[3906517424, 3906517440]
[3906517536, 3906517568]
[3906517600, 3906517616]
[3906517680, 3906517696]
[3906517792, 3906517824]
[3906517856, 3906517872]
[3906517936, 3906517952]
[3906518048, 3906518080]
[3906518112, 3906518128]
[3906518192, 3906518208]
[3906518304, 3906518336]
[3906518368, 3906518384]
[3906518448, 3906518464]
[3906518560, 3906518592]
[3906518624, 3906518640]
[3906518704, 3906518720]
[3906518816, 3906518848]
[3906518880, 3906518896]
[3906518960, 3906518976]
[3906519072, 3906519104]
[3906519136, 3906519152]
[3906519216, 3906519232]
[3906519328, 3906519360]
[3906519392, 3906519408]
[3906519472, 3906519488]
[3906519584, 3906519616]
[3906519648, 3906519664]
[3906519728, 3906519744]
[3906519840, 3906519872]
[3906519904, 3906519920]
[3906519984, 3906520000]
[3906520096, 3906520128]
[3906520160, 3906520176]
[3906520240, 3906520256]
[3906520352, 3906520384]
[3906520416, 3906520432]
[3906520496, 3906520512]
[3906520608, 3906520640]
[3906520672, 3906520688]
[3906520752, 3906520768]
[3906520864, 3906520896]
[3906520928, 3906520944]
[3906521008, 3906521024]
[3906521120, 3906521152]
[3906521184, 3906521200]
[3906521264, 3906521280]
[3906521376, 3906521408]
[3906521440, 3906521456]
[3906521520, 3906521536]
[3906521632, 3906521664]
[3906521696, 3906521712]
[3906521776, 3906521792]
[3906521888, 3906521920]
[3906521952, 3906521968]
[3906522032, 3906522048]
[3906522144, 3906522176]
[3906522208, 3906522224]
[3906522288, 3906522304]
[3906522400, 3906522432]
[3906522464, 3906522480]
[3906522544, 3906522560]
[3906522656, 3906522688]
[3906522720, 3906522736]
[3906522800, 3906522816]
[3906522912, 3906522944]
[3906522976, 3906522992]
[3906523056, 3906523072]
[3906523168, 3906523200]
[3906523232, 3906523248]
[3906523312, 3906523328]
[3906523424, 3906523456]
[3906523488, 3906523504]
[3906523568, 3906523584]
[3906523680, 3906523712]
[3906523744, 3906523760]
[3906523824, 3906523840]
[3906523936, 3906523968]
[3906524000, 3906524016]
[3906524080, 3906524096]
[3906524192, 3906524224]
[3906524256, 3906524272]
[3906524336, 3906524352]
[3906524448, 3906524480]
[3906524512, 3906524528]
[3906524592, 3906524608]
[3906524704, 3906524736]
[3906524768, 3906524784]
[3906524848, 3906524864]
[3906524960, 3906524992]
[3906525024, 3906525040]
[3906525104, 3906525120]
[3906525216, 3906525248]
[3906525280, 3906525296]
[3906525360, 3906525376]
[3906525472, 3906525504]
[3906525536, 3906525552]
[3906525616, 3906525632]
[3906525728, 3906525760]
[3906525792, 3906525808]
[3906525872, 3906525888]
[3906525984, 3906526016]
[3906526048, 3906526064]
[3906526128, 3906526144]
[3906526240, 3906526272]
[3906526304, 3906526320]
[3906526384, 3906526400]
[3906526496, 3906526528]
[3906526560, 3906526576]
[3906526640, 3906526656]
[3906526752, 3906526784]
[3906526816, 3906526832]
[3906526896, 3906526912]
[3906527008, 3906527040]
[3906527072, 3906527088]
[3906527152, 3906527168]
[3906527264, 3906527296]
[3906527328, 3906527344]
[3906527408, 3906527424]
[3906527520, 3906527552]
[3906527584, 3906527600]
[3906527664, 3906527680]
[3906527776, 3906527808]
[3906527840, 3906527856]
[3906527920, 3906527936]
[3906528032, 3906528064]
[3906528096, 3906528112]
[3906528176, 3906528192]
[3906528288, 3906528320]
[3906528352, 3906528368]
[3906528432, 3906528448]
[3906528544, 3906528576]
[3906528608, 3906528624]
[3906528688, 3906528704]
[3906528800, 3906528832]
[3906528864, 3906528880]
[3906528944, 3906528960]
[3906529056, 3906529088]
[3906529120, 3906529136]
[3906529200, 3906529216]
[3906529312, 3906529344]
[3906529376, 3906529392]
[3906529456, 3906529472]
[3906529568, 3906529600]
[3906529632, 3906529648]
[3906529712, 3906529728]
[3906529824, 3906529856]
[3906529888, 3906529904]
[3906529968, 3906529984]
[3906530080, 3906530112]
[3906530144, 3906530160]
[3906530224, 3906530240]
[3906530336, 3906530368]
[3906530400, 3906530416]
[3906530480, 3906530496]
[3906530592, 3906530624]
[3906530656, 3906530672]
[3906530736, 3906530752]
[3906530848, 3906530880]
[3906530912, 3906530928]
[3906530992, 3906531008]
[3906531104, 3906531136]
[3906531168, 3906531184]
[3906531248, 3906531264]
[3906531360, 3906531392]
[3906531424, 3906531440]
[3906531504, 3906531520]
[3906531616, 3906531648]
[3906531680, 3906531696]
[3906531760, 3906531776]
[3906531872, 3906531904]
[3906531936, 3906531952]
[3906532016, 3906532032]
[3906532128, 3906532160]
[3906532192, 3906532208]
[3906532272, 3906532288]
[3906532384, 3906532416]
[3906532448, 3906532464]
[3906532528, 3906532544]
[3906532640, 3906532672]
[3906532704, 3906532720]
[3906532784, 3906532800]
[3906532896, 3906532928]
[3906532960, 3906532976]
[3906533040, 3906533056]
[3906533152, 3906533184]
[3906533216, 3906533232]
[3906533296, 3906533312]
[3906533408, 3906533440]
[3906533472, 3906533488]
[3906533552, 3906533568]
[3906533664, 3906533696]
[3906533728, 3906533744]
[3906533808, 3906533824]
[3906533920, 3906533952]
[3906533984, 3906534000]
[3906534064, 3906534080]
[3906534176, 3906534208]
[3906534240, 3906534256]
[3906534320, 3906534336]
[3906534432, 3906534464]
[3906534496, 3906534512]
[3906534576, 3906534592]
[3906534688, 3906534720]
[3906534752, 3906534768]
[3906534832, 3906534848]
[3906534944, 3906534976]
[3906535008, 3906535024]
[3906535088, 3906535104]
[3906535200, 3906535232]
[3906535264, 3906535280]
[3906535344, 3906535360]
[3906535456, 3906535488]
[3906535520, 3906535536]
[3906535600, 3906535616]
[3906535712, 3906535744]
[3906535776, 3906535792]
[3906535856, 3906535872]
[3906535968, 3906536000]
[3906536032, 3906536048]
[3906536112, 3906536128]
[3906536224, 3906536256]
[3906536288, 3906536304]
[3906536368, 3906536384]
[3906536480, 3906536512]
[3906536544, 3906536560]
[3906536624, 3906536640]
[3906536736, 3906536768]
[3906536800, 3906536816]
[3906536880, 3906536896]
[3906536992, 3906537024]
[3906537056, 3906537072]
[3906537136, 3906537152]
[3906537248, 3906537280]
[3906537312, 3906537328]
[3906537392, 3906537408]
[3906537504, 3906537536]
[3906537568, 3906537584]
[3906537648, 3906537664]
[3906537760, 3906537792]
[3906537824, 3906537840]
[3906537904, 3906537920]
[3906538016, 3906538048]
[3906538080, 3906538096]
[3906538160, 3906538176]
[3906538272, 3906538304]
[3906538336, 3906538352]
[3906538416, 3906538432]
[3906538528, 3906538560]
[3906538592, 3906538608]
[3906538672, 3906538688]
[3906538784, 3906538816]
[3906538848, 3906538864]
[3906538928, 3906538944]
[3906539040, 3906539072]
[3906539104, 3906539120]
[3906539184, 3906539200]
[3906539296, 3906539328]
[3906539360, 3906539376]
[3906539440, 3906539456]
[3906539552, 3906539584]
[3906539616, 3906539632]
[3906539696, 3906539712]
[3906539808, 3906539840]
[3906539872, 3906539888]
[3906539952, 3906539968]
[3906540064, 3906540096]
[3906540128, 3906540144]
[3906540208, 3906540224]
[3906540320, 3906540352]
[3906540384, 3906540400]
[3906540464, 3906540480]
[3906540576, 3906540608]
[3906540640, 3906540656]
[3906540720, 3906540736]
[3906540832, 3906540864]
[3906540896, 3906540912]
[3906540976, 3906540992]
[3906541088, 3906541120]
[3906541152, 3906541168]
[3906541232, 3906541248]
[3906541344, 3906541376]
[3906541408, 3906541424]
[3906541488, 3906541504]
[3906541600, 3906541632]
[3906541664, 3906541680]
[3906541744, 3906541760]
[3906541856, 3906541888]
[3906541920, 3906541936]
[3906542000, 3906542016]
[3906542112, 3906542144]
[3906542176, 3906542192]
[3906542256, 3906542272]
[3906542368, 3906542400]
[3906542432, 3906542448]
[3906542512, 3906542528]
[3906542624, 3906542656]
[3906542688, 3906542704]
[3906542768, 3906542784]
[3906542880, 3906542912]
[3906542944, 3906542960]
[3906543024, 3906543040]
[3906543136, 3906543168]
[3906543200, 3906543216]
[3906543280, 3906543296]
[3906543392, 3906543424]
[3906543456, 3906543472]
[3906543536, 3906543552]
[3906543648, 3906543680]
[3906543712, 3906543728]
[3906543792, 3906543808]
[3906543904, 3906543936]
[3906543968, 3906543984]
[3906544048, 3906544064]
[3906544160, 3906544192]
[3906544224, 3906544240]
[3906544304, 3906544320]
[3906544416, 3906544448]
[3906544480, 3906544496]
[3906544560, 3906544576]
[3906544672, 3906544704]
[3906544736, 3906544752]
[3906544816, 3906544832]
[3906544928, 3906544960]
[3906544992, 3906545008]
[3906545072, 3906545088]
[3906545184, 3906545216]
[3906545248, 3906545264]
[3906545328, 3906545344]
[3906545440, 3906545472]
[3906545504, 3906545520]
[3906545584, 3906545600]
[3906545696, 3906545728]
[3906545760, 3906545776]
[3906545840, 3906545856]
[3906545952, 3906545984]
[3906546016, 3906546032]
[3906546096, 3906546112]
[3906546208, 3906546240]
[3906546272, 3906546288]
[3906546352, 3906546368]
[3906546464, 3906546496]
[3906546528, 3906546544]
[3906546608, 3906546624]
[3906546720, 3906546752]
[3906546784, 3906546800]
[3906546864, 3906546880]
[3906546976, 3906547008]
[3906547040, 3906547056]
[3906547120, 3906547136]
[3906547232, 3906547264]
[3906547296, 3906547312]
[3906547376, 3906547392]
[3906547488, 3906547520]
[3906547552, 3906547568]
[3906547632, 3906547648]
[3906547744, 3906547776]
[3906547808, 3906547824]
[3906547888, 3906547904]
[3906548000, 3906548032]
[3906548064, 3906548080]
[3906548144, 3906548160]
[3906548256, 3906548288]
[3906548320, 3906548336]
[3906548400, 3906548416]
[3906548512, 3906548544]
[3906548576, 3906548592]
[3906548656, 3906548672]
[3906548768, 3906548800]
[3906548832, 3906548848]
[3906548912, 3906548928]
[3906549024, 3906549056]
[3906549088, 3906549104]
[3906549168, 3906549184]
[3906549280, 3906549312]
[3906549344, 3906549360]
[3906549424, 3906549440]
[3906549536, 3906549568]
[3906549600, 3906549616]
[3906549680, 3906549696]
[3906549792, 3906549824]
[3906549856, 3906549872]
[3906549936, 3906549952]
[3906550048, 3906550080]
[3906550112, 3906550128]
[3906550192, 3906550208]
[3906550304, 3906550336]
[3906550368, 3906550384]
[3906550448, 3906550464]
[3906550560, 3906550592]
[3906550624, 3906550640]
[3906550704, 3906550720]
[3906550816, 3906550848]
[3906550880, 3906550896]
[3906550960, 3906550976]
[3906551072, 3906551104]
[3906551136, 3906551152]
[3906551216, 3906551232]
[3906551328, 3906551360]
[3906551392, 3906551408]
[3906551472, 3906551488]
[3906551584, 3906551616]
[3906551648, 3906551664]
[3906551728, 3906551744]
[3906551840, 3906551872]
[3906551904, 3906551920]
[3906551984, 3906552000]
[3906552096, 3906552128]
[3906552160, 3906552176]
[3906552240, 3906552256]
[3906552352, 3906552384]
[3906552416, 3906552432]
[3906552496, 3906552512]
[3906552608, 3906552640]
[3906552672, 3906552688]
[3906552752, 3906552768]
[3906552864, 3906552896]
[3906552928, 3906552944]
[3906553008, 3906553024]
[3906553120, 3906553152]
[3906553184, 3906553200]
[3906553264, 3906553280]
[3906553376, 3906553408]
[3906553440, 3906553456]
[3906553520, 3906553536]
[3906553632, 3906553664]
[3906553696, 3906553712]
[3906553776, 3906553792]
[3906553888, 3906553920]
[3906553952, 3906553968]
[3906554032, 3906554048]
[3906554144, 3906554176]
[3906554208, 3906554224]
[3906554288, 3906554304]
[3906554400, 3906554432]
[3906554464, 3906554480]
[3906554544, 3906554560]
[3906554656, 3906554688]
[3906554720, 3906554736]
[3906554800, 3906554816]
[3906554912, 3906554944]
[3906554976, 3906554992]
[3906555056, 3906555072]
[3906555168, 3906555200]
[3906555232, 3906555248]
[3906555312, 3906555328]
[3906555424, 3906555456]
[3906555488, 3906555504]
[3906555568, 3906555584]
[3906555680, 3906555712]
[3906555744, 3906555760]
[3906555824, 3906555840]
[3906555936, 3906555968]
[3906556000, 3906556016]
[3906556080, 3906556096]
[3906556192, 3906556224]
[3906556256, 3906556272]
[3906556336, 3906556352]
[3906556448, 3906556480]
[3906556512, 3906556528]
[3906556592, 3906556608]
[3906556704, 3906556736]
[3906556768, 3906556784]
[3906556848, 3906556864]
[3906556960, 3906556992]
[3906557024, 3906557040]
[3906557104, 3906557120]
[3906557216, 3906557248]
[3906557280, 3906557296]
[3906557360, 3906557376]
[3906557472, 3906557504]
[3906557536, 3906557552]
[3906557616, 3906557632]
[3906557728, 3906557760]
[3906557792, 3906557808]
[3906557872, 3906557888]
[3906557984, 3906558016]
[3906558048, 3906558064]
[3906558128, 3906558144]
[3906558240, 3906558272]
[3906558304, 3906558320]
[3906558384, 3906558400]
[3906558496, 3906558528]
[3906558560, 3906558576]
[3906558640, 3906558656]
[3906558752, 3906558784]
[3906558816, 3906558832]
[3906558896, 3906558912]
[3906559008, 3906559040]
[3906559072, 3906559088]
[3906559152, 3906559168]
[3906559264, 3906559296]
[3906559328, 3906559344]
[3906559408, 3906559424]
[3906559520, 3906559552]
[3906559584, 3906559600]
[3906559664, 3906559680]
[3906559776, 3906559808]
[3906559840, 3906559856]
[3906559920, 3906559936]
[3906560032, 3906560064]
[3906560096, 3906560112]
[3906560176, 3906560192]
[3906560288, 3906560320]
[3906560352, 3906560368]
[3906560432, 3906560448]
[3906560544, 3906560576]
[3906560608, 3906560624]
[3906560688, 3906560704]
[3906560800, 3906560832]
[3906560864, 3906560880]
[3906560944, 3906560960]
[3906561056, 3906561088]
[3906561120, 3906561136]
[3906561200, 3906561216]
[3906561312, 3906561344]
[3906561376, 3906561392]
[3906561456, 3906561472]
[3906561568, 3906561600]
[3906561632, 3906561648]
[3906561712, 3906561728]
[3906561824, 3906561856]
[3906561888, 3906561904]
[3906561968, 3906561984]
[3906562080, 3906562112]
[3906562144, 3906562160]
[3906562224, 3906562240]
[3906562336, 3906562368]
[3906562400, 3906562416]
[3906562480, 3906562496]
[3906562592, 3906562624]
[3906562656, 3906562672]
[3906562736, 3906562752]
[3906562848, 3906562880]
[3906562912, 3906562928]
[3906562992, 3906563008]
[3906563104, 3906563136]
[3906563168, 3906563184]
[3906563248, 3906563264]
[3906563360, 3906563392]
[3906563424, 3906563440]
[3906563504, 3906563520]
[3906563616, 3906563648]
[3906563680, 3906563696]
[3906563760, 3906563776]
[3906563872, 3906563904]
[3906563936, 3906563952]
[3906564016, 3906564032]
[3906564128, 3906564160]
[3906564192, 3906564208]
[3906564272, 3906564288]
[3906564384, 3906564416]
[3906564448, 3906564464]
[3906564528, 3906564544]
[3906564640, 3906564672]
[3906564704, 3906564720]
[3906564784, 3906564800]
[3906564896, 3906564928]
[3906564960, 3906564976]
[3906565040, 3906565056]
[3906565152, 3906565184]
[3906565216, 3906565232]
[3906565296, 3906565312]
[3906565408, 3906565440]
[3906565472, 3906565488]
[3906565552, 3906565568]
[3906565664, 3906565696]
[3906565728, 3906565744]
[3906565808, 3906565824]
[3906565920, 3906565952]
[3906565984, 3906566000]
[3906566064, 3906566080]
[3906566176, 3906566208]
[3906566240, 3906566256]
[3906566320, 3906566336]
[3906566432, 3906566464]
[3906566496, 3906566512]
[3906566576, 3906566592]
[3906566688, 3906566720]
[3906566752, 3906566768]
[3906566832, 3906566848]
[3906566944, 3906566976]
[3906567008, 3906567024]
[3906567088, 3906567104]
[3906567200, 3906567232]
[3906567264, 3906567280]
[3906567344, 3906567360]
[3906567456, 3906567488]
[3906567520, 3906567536]
[3906567600, 3906567616]
[3906567712, 3906567744]
[3906567776, 3906567792]
[3906567856, 3906567872]
[3906567968, 3906568000]
[3906568032, 3906568048]
[3906568112, 3906568128]
[3906568224, 3906568256]
[3906568288, 3906568304]
[3906568368, 3906568384]
[3906568480, 3906568512]
[3906568544, 3906568560]
[3906568624, 3906568640]
[3906568736, 3906568768]
[3906568800, 3906568816]
[3906568880, 3906568896]
[3906568992, 3906569024]
[3906569056, 3906569072]
[3906569136, 3906569152]
[3906569248, 3906569280]
[3906569312, 3906569328]
[3906569392, 3906569408]
[3906569504, 3906569536]
[3906569568, 3906569584]
[3906569648, 3906569664]
[3906569760, 3906569792]
[3906569824, 3906569840]
[3906569904, 3906569920]
[3906570016, 3906570048]
[3906570080, 3906570096]
[3906570160, 3906570176]
[3906570272, 3906570304]
[3906570336, 3906570352]
[3906570416, 3906570432]
[3906570528, 3906570560]
[3906570592, 3906570608]
[3906570672, 3906570688]
[3906570784, 3906570816]
[3906570848, 3906570864]
[3906570928, 3906570944]
[3906571040, 3906571072]
[3906571104, 3906571120]
[3906571184, 3906571200]
[3906571296, 3906571328]
[3906571360, 3906571376]
[3906571440, 3906571456]
[3906571552, 3906571584]
[3906571616, 3906571632]
[3906571696, 3906571712]
[3906571808, 3906571840]
[3906571872, 3906571888]
[3906571952, 3906571968]
[3906572064, 3906572096]
[3906572128, 3906572144]
[3906572208, 3906572224]
[3906572320, 3906572352]
[3906572384, 3906572400]
[3906572464, 3906572480]
[3906572576, 3906572608]
[3906572640, 3906572656]
[3906572720, 3906572736]
[3906572832, 3906572864]
[3906572896, 3906572912]
[3906572976, 3906572992]
[3906573088, 3906573120]
[3906573152, 3906573168]
[3906573232, 3906573248]
[3906573344, 3906573376]
[3906573408, 3906573424]
[3906573488, 3906573504]
[3906573600, 3906573632]
[3906573664, 3906573680]
[3906573744, 3906573760]
[3906573856, 3906573888]
[3906573920, 3906573936]
[3906574000, 3906574016]
[3906574112, 3906574144]
[3906574176, 3906574192]
[3906574256, 3906574272]
[3906574368, 3906574400]
[3906574432, 3906574448]
[3906574512, 3906574528]
[3906574624, 3906574656]
[3906574688, 3906574704]
[3906574768, 3906574784]
[3906574880, 3906574912]
[3906574944, 3906574960]
[3906575024, 3906575040]
[3906575136, 3906575168]
[3906575200, 3906575216]
[3906575280, 3906575296]
[3906575392, 3906575424]
[3906575456, 3906575472]
[3906575536, 3906575552]
[3906575648, 3906575680]
[3906575712, 3906575728]
[3906575792, 3906575808]
[3906575904, 3906575936]
[3906575968, 3906575984]
[3906576048, 3906576064]
[3906576160, 3906576192]
[3906576224, 3906576240]
[3906576304, 3906576320]
[3906576416, 3906576448]
[3906576480, 3906576496]
[3906576560, 3906576576]
[3906576672, 3906576704]
[3906576736, 3906576752]
[3906576816, 3906576832]
[3906576928, 3906576960]
[3906576992, 3906577008]
[3906577072, 3906577088]
[3906577184, 3906577216]
[3906577248, 3906577264]
[3906577328, 3906577344]
[3906577440, 3906577472]
[3906577504, 3906577520]
[3906577584, 3906577600]
[3906577696, 3906577728]
[3906577760, 3906577776]
[3906577840, 3906577856]
[3906577952, 3906577984]
[3906578016, 3906578032]
[3906578096, 3906578112]
[3906578208, 3906578240]
[3906578272, 3906578288]
[3906578352, 3906578368]
[3906578464, 3906578496]
[3906578528, 3906578544]
[3906578608, 3906578624]
[3906578720, 3906578752]
[3906578784, 3906578800]
[3906578864, 3906578880]
[3906578976, 3906579008]
[3906579040, 3906579056]
[3906579120, 3906579136]
[3906579232, 3906579264]
[3906579296, 3906579312]
[3906579376, 3906579392]
[3906579488, 3906579520]
[3906579552, 3906579568]
[3906579632, 3906579648]
[3906579744, 3906579776]
[3906579808, 3906579824]
[3906579888, 3906579904]
[3906580000, 3906580032]
[3906580064, 3906580080]
[3906580144, 3906580160]
[3906580256, 3906580288]
[3906580320, 3906580336]
[3906580400, 3906580416]
[3906580512, 3906580544]
[3906580576, 3906580592]
[3906580656, 3906580672]
[3906580768, 3906580800]
[3906580832, 3906580848]
[3906580912, 3906580928]
[3906581024, 3906581056]
[3906581088, 3906581104]
[3906581168, 3906581184]
[3906581280, 3906581312]
[3906581344, 3906581360]
[3906581424, 3906581440]
[3906581536, 3906581568]
[3906581600, 3906581616]
[3906581680, 3906581696]
[3906581792, 3906581824]
[3906581856, 3906581872]
[3906581936, 3906581952]
[3906582048, 3906582080]
[3906582112, 3906582128]
[3906582192, 3906582208]
[3906582304, 3906582336]
[3906582368, 3906582384]
[3906582448, 3906582464]
[3906582560, 3906582592]
[3906582624, 3906582640]
[3906582704, 3906582720]
[3906582816, 3906582848]
[3906582880, 3906582896]
[3906582960, 3906582976]
[3906583072, 3906583104]
[3906583136, 3906583152]
[3906583216, 3906583232]
[3906583328, 3906583360]
[3906583392, 3906583408]
[3906583472, 3906583488]
[3906583584, 3906583616]
[3906583648, 3906583664]
[3906583728, 3906583744]
[3906583840, 3906583872]
[3906583904, 3906583920]
[3906583984, 3906584000]
[3906584096, 3906584128]
[3906584160, 3906584176]
[3906584240, 3906584256]
[3906584352, 3906584384]
[3906584416, 3906584432]
[3906584496, 3906584512]
[3906584608, 3906584640]
[3906584672, 3906584688]
[3906584752, 3906584768]
[3906584864, 3906584896]
[3906584928, 3906584944]
[3906585008, 3906585024]
[3906585120, 3906585152]
[3906585184, 3906585200]
[3906585264, 3906585280]
[3906585376, 3906585408]
[3906585440, 3906585456]
[3906585520, 3906585536]
[3906585632, 3906585664]
[3906585696, 3906585712]
[3906585776, 3906585792]
[3906585888, 3906585920]
[3906585952, 3906585968]
[3906586032, 3906586048]
[3906586144, 3906586176]
[3906586208, 3906586224]
[3906586288, 3906586304]
[3906586400, 3906586432]
[3906586464, 3906586480]
[3906586544, 3906586560]
[3906586656, 3906586688]
[3906586720, 3906586736]
[3906586800, 3906586816]
[3906586912, 3906586944]
[3906586976, 3906586992]
[3906587056, 3906587072]
[3906587168, 3906587200]
[3906587232, 3906587248]
[3906587312, 3906587328]
[3906587424, 3906587456]
[3906587488, 3906587504]
[3906587568, 3906587584]
[3906587680, 3906587712]
[3906587744, 3906587760]
[3906587824, 3906587840]
[3906587936, 3906587968]
[3906588000, 3906588016]
[3906588080, 3906588096]
[3906588192, 3906588224]
[3906588256, 3906588272]
[3906588336, 3906588352]
[3906588448, 3906588480]
[3906588512, 3906588528]
[3906588592, 3906588608]
[3906588704, 3906588736]
[3906588768, 3906588784]
[3906588848, 3906588864]
[3906588960, 3906588992]
[3906589024, 3906589040]
[3906589104, 3906589120]
[3906589216, 3906589248]
[3906589280, 3906589296]
[3906589360, 3906589376]
[3906589472, 3906589504]
[3906589536, 3906589552]
[3906589616, 3906589632]
[3906589728, 3906589760]
[3906589792, 3906589808]
[3906589872, 3906589888]
[3906589984, 3906590016]
[3906590048, 3906590064]
[3906590128, 3906590144]
[3906590240, 3906590272]
[3906590304, 3906590320]
[3906590384, 3906590400]
[3906590496, 3906590528]
[3906590560, 3906590576]
[3906590640, 3906590656]
[3906590752, 3906590784]
[3906590816, 3906590832]
[3906590896, 3906590912]
[3906591008, 3906591040]
[3906591072, 3906591088]
[3906591152, 3906591168]
[3906591264, 3906591296]
[3906591328, 3906591344]
[3906591408, 3906591424]
[3906591520, 3906591552]
[3906591584, 3906591600]
[3906591664, 3906591680]
[3906591776, 3906591808]
[3906591840, 3906591856]
[3906591920, 3906591936]
[3906592032, 3906592064]
[3906592096, 3906592112]
[3906592176, 3906592192]
[3906592288, 3906592320]
[3906592352, 3906592368]
[3906592432, 3906592448]
[3906592544, 3906592576]
[3906592608, 3906592624]
[3906592688, 3906592704]
[3906592800, 3906592832]
[3906592864, 3906592880]
[3906592944, 3906592960]
[3906593056, 3906593088]
[3906593120, 3906593136]
[3906593200, 3906593216]
[3906593312, 3906593344]
[3906593376, 3906593392]
[3906593456, 3906593472]
[3906593568, 3906593600]
[3906593632, 3906593648]
[3906593712, 3906593728]
[3906593824, 3906593856]
[3906593888, 3906593904]
[3906593968, 3906593984]
[3906594080, 3906594112]
[3906594144, 3906594160]
[3906594224, 3906594240]
[3906594336, 3906594368]
[3906594400, 3906594416]
[3906594480, 3906594496]
[3906594592, 3906594624]
[3906594656, 3906594672]
[3906594736, 3906594752]
[3906594848, 3906594880]
[3906594912, 3906594928]
[3906594992, 3906595008]
[3906595104, 3906595136]
[3906595168, 3906595184]
[3906595248, 3906595264]
[3906595360, 3906595392]
[3906595424, 3906595440]
[3906595504, 3906595520]
[3906595616, 3906595648]
[3906595680, 3906595696]
[3906595760, 3906595776]
[3906595872, 3906595904]
[3906595936, 3906595952]
[3906596016, 3906596032]
[3906596128, 3906596160]
[3906596192, 3906596208]
[3906596272, 3906596288]
[3906596384, 3906596416]
[3906596448, 3906596464]
[3906596528, 3906596544]
[3906596640, 3906596672]
[3906596704, 3906596720]
[3906596784, 3906596800]
[3906596896, 3906596928]
[3906596960, 3906596976]
[3906597040, 3906597056]
[3906597152, 3906597184]
[3906597216, 3906597232]
[3906597296, 3906597312]
[3906597408, 3906597440]
[3906597472, 3906597488]
[3906597552, 3906597568]
[3906597664, 3906597696]
[3906597728, 3906597744]
[3906597808, 3906597824]
[3906597920, 3906597952]
[3906597984, 3906598000]
[3906598064, 3906598080]
[3906598176, 3906598208]
[3906598240, 3906598256]
[3906598320, 3906598336]
[3906598432, 3906598464]
[3906598496, 3906598512]
[3906598576, 3906598592]
[3906598688, 3906598720]
[3906598752, 3906598768]
[3906598832, 3906598848]
[3906598944, 3906598976]
[3906599008, 3906599024]
[3906599088, 3906599104]
[3906599200, 3906599232]
[3906599264, 3906599280]
[3906599344, 3906599360]
[3906599456, 3906599488]
[3906599520, 3906599536]
[3906599600, 3906599616]
[3906599712, 3906599744]
[3906599776, 3906599792]
[3906599856, 3906599872]
[3906599968, 3906600000]
[3906600032, 3906600048]
[3906600112, 3906600128]
[3906600224, 3906600256]
[3906600288, 3906600304]
[3906600368, 3906600384]
[3906600480, 3906600512]
[3906600544, 3906600560]
[3906600624, 3906600640]
[3906600736, 3906600768]
[3906600800, 3906600816]
[3906600880, 3906600896]
[3906600992, 3906601024]
[3906601056, 3906601072]
[3906601136, 3906601152]
[3906601248, 3906601280]
[3906601312, 3906601328]
[3906601392, 3906601408]
[3906601504, 3906601536]
[3906601568, 3906601584]
[3906601648, 3906601664]
[3906601760, 3906601792]
[3906601824, 3906601840]
[3906601904, 3906601920]
[3906602016, 3906602048]
[3906602080, 3906602096]
[3906602160, 3906602176]
[3906602272, 3906602304]
[3906602336, 3906602352]
[3906602416, 3906602432]
[3906602528, 3906602560]
[3906602592, 3906602608]
[3906602672, 3906602688]
[3906602784, 3906602816]
[3906602848, 3906602864]
[3906602928, 3906602944]
[3906603040, 3906603072]
[3906603104, 3906603120]
[3906603184, 3906603200]
[3906603296, 3906603328]
[3906603360, 3906603376]
[3906603440, 3906603456]
[3906603552, 3906603584]
[3906603616, 3906603632]
[3906603696, 3906603712]
[3906603808, 3906603840]
[3906603872, 3906603888]
[3906603952, 3906603968]
[3906604064, 3906604096]
[3906604128, 3906604144]
[3906604208, 3906604224]
[3906604320, 3906604352]
[3906604384, 3906604400]
[3906604464, 3906604480]
[3906604576, 3906604608]
[3906604640, 3906604656]
[3906604720, 3906604736]
[3906604832, 3906604864]
[3906604896, 3906604912]
[3906604976, 3906604992]
[3906605088, 3906605120]
[3906605152, 3906605168]
[3906605232, 3906605248]
[3906605344, 3906605376]
[3906605408, 3906605424]
[3906605488, 3906605504]
[3906605600, 3906605632]
[3906605664, 3906605680]
[3906605744, 3906605760]
[3906605856, 3906605888]
[3906605920, 3906605936]
[3906606000, 3906606016]
[3906606112, 3906606144]
[3906606176, 3906606192]
[3906606256, 3906606272]
[3906606368, 3906606400]
[3906606432, 3906606448]
[3906606512, 3906606528]
[3906606624, 3906606656]
[3906606688, 3906606704]
[3906606768, 3906606784]
[3906606880, 3906606912]
[3906606944, 3906606960]
[3906607024, 3906607040]
[3906607136, 3906607168]
[3906607200, 3906607216]
[3906607280, 3906607296]
[3906607392, 3906607424]
[3906607456, 3906607472]
[3906607536, 3906607552]
[3906607648, 3906607680]
[3906607712, 3906607728]
[3906607792, 3906607808]
[3906607904, 3906607936]
[3906607968, 3906607984]
[3906608048, 3906608064]
[3906608160, 3906608192]
[3906608224, 3906608240]
[3906608304, 3906608320]
[3906608416, 3906608448]
[3906608480, 3906608496]
[3906608560, 3906608576]
[3906608672, 3906608704]
[3906608736, 3906608752]
[3906608816, 3906608832]
[3906608928, 3906608960]
[3906608992, 3906609008]
[3906609072, 3906609088]
[3906609184, 3906609216]
[3906609248, 3906609264]
[3906609328, 3906609344]
[3906609440, 3906609472]
[3906609504, 3906609520]
[3906609584, 3906609600]
[3906609696, 3906609728]
[3906609760, 3906609776]
[3906609840, 3906609856]
[3906609952, 3906609984]
[3906610016, 3906610032]
[3906610096, 3906610112]
[3906610208, 3906610240]
[3906610272, 3906610288]
[3906610352, 3906610368]
[3906610464, 3906610496]
[3906610528, 3906610544]
[3906610608, 3906610624]
[3906610720, 3906610752]
[3906610784, 3906610800]
[3906610864, 3906610880]
[3906610976, 3906611008]
[3906611040, 3906611056]
[3906611120, 3906611136]
[3906611232, 3906611264]
[3906611296, 3906611312]
[3906611376, 3906611392]
[3906611488, 3906611520]
[3906611552, 3906611568]
[3906611632, 3906611648]
[3906611744, 3906611776]
[3906611808, 3906611824]
[3906611888, 3906611904]
[3906612000, 3906612032]
[3906612064, 3906612080]
[3906612144, 3906612160]
[3906612256, 3906612288]
[3906612320, 3906612336]
[3906612400, 3906612416]
[3906612512, 3906612544]
[3906612576, 3906612592]
[3906612656, 3906612672]
[3906612768, 3906612800]
[3906612832, 3906612848]
[3906612912, 3906612928]
[3906613024, 3906613056]
[3906613088, 3906613104]
[3906613168, 3906613184]
[3906613280, 3906613312]
[3906613344, 3906613360]
[3906613424, 3906613440]
[3906613536, 3906613568]
[3906613600, 3906613616]
[3906613680, 3906613696]
[3906613792, 3906613824]
[3906613856, 3906613872]
[3906613936, 3906613952]
[3906614048, 3906614080]
[3906614112, 3906614128]
[3906614192, 3906614208]
[3906614304, 3906614336]
[3906614368, 3906614384]
[3906614448, 3906614464]
[3906614560, 3906614592]
[3906614624, 3906614640]
[3906614704, 3906614720]
[3906614816, 3906614848]
[3906614880, 3906614896]
[3906614960, 3906614976]
[3906615072, 3906615104]
[3906615136, 3906615152]
[3906615216, 3906615232]
[3906615328, 3906615360]
[3906615392, 3906615408]
[3906615472, 3906615488]
[3906615584, 3906615616]
[3906615648, 3906615664]
[3906615728, 3906615744]
[3906615840, 3906615872]
[3906615904, 3906615920]
[3906615984, 3906616000]
[3906616096, 3906616128]
[3906616160, 3906616176]
[3906616240, 3906616256]
[3906616352, 3906616384]
[3906616416, 3906616432]
[3906616496, 3906616512]
[3906616608, 3906616640]
[3906616672, 3906616688]
[3906616752, 3906616768]
[3906616864, 3906616896]
[3906616928, 3906616944]
[3906617008, 3906617024]
[3906617120, 3906617152]
[3906617184, 3906617200]
[3906617264, 3906617280]
[3906617376, 3906617408]
[3906617440, 3906617456]
[3906617520, 3906617536]
[3906617632, 3906617664]
[3906617696, 3906617712]
[3906617776, 3906617792]
[3906617888, 3906617920]
[3906617952, 3906617968]
[3906618032, 3906618048]
[3906618144, 3906618176]
[3906618208, 3906618224]
[3906618288, 3906618304]
[3906618400, 3906618432]
[3906618464, 3906618480]
[3906618544, 3906618560]
[3906618656, 3906618688]
[3906618720, 3906618736]
[3906618800, 3906618816]
[3906618912, 3906618944]
[3906618976, 3906618992]
[3906619056, 3906619072]
[3906619168, 3906619200]
[3906619232, 3906619248]
[3906619312, 3906619328]
[3906619424, 3906619456]
[3906619488, 3906619504]
[3906619568, 3906619584]
[3906619680, 3906619712]
[3906619744, 3906619760]
[3906619824, 3906619840]
[3906619936, 3906619968]
[3906620000, 3906620016]
[3906620080, 3906620096]
[3906620192, 3906620224]
[3906620256, 3906620272]
[3906620336, 3906620352]
[3906620448, 3906620480]
[3906620512, 3906620528]
[3906620592, 3906620608]
[3906620704, 3906620736]
[3906620768, 3906620784]
[3906620848, 3906620864]
[3906620960, 3906620992]
[3906621024, 3906621040]
[3906621104, 3906621120]
[3906621216, 3906621248]
[3906621280, 3906621296]
[3906621360, 3906621376]
[3906621472, 3906621504]
[3906621536, 3906621552]
[3906621616, 3906621632]
[3906621728, 3906621760]
[3906621792, 3906621808]
[3906621872, 3906621888]
[3906621984, 3906622016]
[3906622048, 3906622064]
[3906622128, 3906622144]
[3906622240, 3906622272]
[3906622304, 3906622320]
[3906622384, 3906622400]
[3906622496, 3906622528]
[3906622560, 3906622576]
[3906622640, 3906622656]
[3906622752, 3906622784]
[3906622816, 3906622832]
[3906622896, 3906622912]
[3906623008, 3906623040]
[3906623072, 3906623088]
[3906623152, 3906623168]
[3906623264, 3906623296]
[3906623328, 3906623344]
[3906623408, 3906623424]
[3906623520, 3906623552]
[3906623584, 3906623600]
[3906623664, 3906623680]
[3906623776, 3906623808]
[3906623840, 3906623856]
[3906623920, 3906623936]
[3906624032, 3906624064]
[3906624096, 3906624112]
[3906624176, 3906624192]
[3906624288, 3906624320]
[3906624352, 3906624368]
[3906624432, 3906624448]
[3906624544, 3906624576]
[3906624608, 3906624624]
[3906624688, 3906624704]
[3906624800, 3906624832]
[3906624864, 3906624880]
[3906624944, 3906624960]
[3906625056, 3906625088]
[3906625120, 3906625136]
[3906625200, 3906625216]
[3906625312, 3906625344]
[3906625376, 3906625392]
[3906625456, 3906625472]
[3906625568, 3906625600]
[3906625632, 3906625648]
[3906625712, 3906625728]
[3906625824, 3906625856]
[3906625888, 3906625904]
[3906625968, 3906625984]
[3906626080, 3906626112]
[3906626144, 3906626160]
[3906626224, 3906626240]
[3906626336, 3906626368]
[3906626400, 3906626416]
[3906626480, 3906626496]
[3906626592, 3906626624]
[3906626656, 3906626672]
[3906626736, 3906626752]
[3906626848, 3906626880]
[3906626912, 3906626928]
[3906626992, 3906627008]
[3906627104, 3906627136]
[3906627168, 3906627184]
[3906627248, 3906627264]
[3906627360, 3906627392]
[3906627424, 3906627440]
[3906627504, 3906627520]
[3906627616, 3906627648]
[3906627680, 3906627696]
[3906627760, 3906627776]
[3906627872, 3906627904]
[3906627936, 3906627952]
[3906628016, 3906628032]
[3906628128, 3906628160]
[3906628192, 3906628208]
[3906628272, 3906628288]
[3906628384, 3906628416]
[3906628448, 3906628464]
[3906628528, 3906628544]
[3906628640, 3906628672]
[3906628704, 3906628720]
[3906628784, 3906628800]
[3906628896, 3906628928]
[3906628960, 3906628976]
[3906629040, 3906629056]
[3906629152, 3906629184]
[3906629216, 3906629232]
[3906629296, 3906629312]
[3906629408, 3906629440]
[3906629472, 3906629488]
[3906629552, 3906629568]
[3906629664, 3906629696]
[3906629728, 3906629744]
[3906629808, 3906629824]
[3906629920, 3906629952]
[3906629984, 3906630000]
[3906630064, 3906630080]
[3906630176, 3906630208]
[3906630240, 3906630256]
[3906630320, 3906630336]
[3906630432, 3906630464]
[3906630496, 3906630512]
[3906630576, 3906630592]
[3906630688, 3906630720]
[3906630752, 3906630768]
[3906630832, 3906630848]
[3906630944, 3906630976]
[3906631008, 3906631024]
[3906631088, 3906631104]
[3906631200, 3906631232]
[3906631264, 3906631280]
[3906631344, 3906631360]
[3906631456, 3906631488]
[3906631520, 3906631536]
[3906631600, 3906631616]
[3906631712, 3906631744]
[3906631776, 3906631792]
[3906631856, 3906631872]
[3906631968, 3906632000]
[3906632032, 3906632048]
[3906632112, 3906632128]
[3906632224, 3906632256]
[3906632288, 3906632304]
[3906632368, 3906632384]
[3906632480, 3906632512]
[3906632544, 3906632560]
[3906632624, 3906632640]
[3906632736, 3906632768]
[3906632800, 3906632816]
[3906632880, 3906632896]
[3906632992, 3906633024]
[3906633056, 3906633072]
[3906633136, 3906633152]
[3906633248, 3906633280]
[3906633312, 3906633328]
[3906633392, 3906633408]
[3906633504, 3906633536]
[3906633568, 3906633584]
[3906633648, 3906633664]
[3906633760, 3906633792]
[3906633824, 3906633840]
[3906633904, 3906633920]
[3906634016, 3906634048]
[3906634080, 3906634096]
[3906634160, 3906634176]
[3906634272, 3906634304]
[3906634336, 3906634352]
[3906634416, 3906634432]
[3906634528, 3906634560]
[3906634592, 3906634608]
[3906634672, 3906634688]
[3906634784, 3906634816]
[3906634848, 3906634864]
[3906634928, 3906634944]
[3906635040, 3906635072]
[3906635104, 3906635120]
[3906635184, 3906635200]
[3906635296, 3906635328]
[3906635360, 3906635376]
[3906635440, 3906635456]
[3906635552, 3906635584]
[3906635616, 3906635632]
[3906635696, 3906635712]
[3906635808, 3906635840]
[3906635872, 3906635888]
[3906635952, 3906635968]
[3906636064, 3906636096]
[3906636128, 3906636144]
[3906636208, 3906636224]
[3906636320, 3906636352]
[3906636384, 3906636400]
[3906636464, 3906636480]
[3906636576, 3906636608]
[3906636640, 3906636656]
[3906636720, 3906636736]
[3906636832, 3906636864]
[3906636896, 3906636912]
[3906636976, 3906636992]
[3906637088, 3906637120]
[3906637152, 3906637168]
[3906637232, 3906637248]
[3906637344, 3906637376]
[3906637408, 3906637424]
[3906637488, 3906637504]
[3906637600, 3906637632]
[3906637664, 3906637680]
[3906637744, 3906637760]
[3906637856, 3906637888]
[3906637920, 3906637936]
[3906638000, 3906638016]
[3906638112, 3906638144]
[3906638176, 3906638192]
[3906638256, 3906638272]
[3906638368, 3906638400]
[3906638432, 3906638448]
[3906638512, 3906638528]
[3906638624, 3906638656]
[3906638688, 3906638704]
[3906638768, 3906638784]
[3906638880, 3906638912]
[3906638944, 3906638960]
[3906639024, 3906639040]
[3906639136, 3906639168]
[3906639200, 3906639216]
[3906639280, 3906639296]
[3906639392, 3906639424]
[3906639456, 3906639472]
[3906639536, 3906639552]
[3906639648, 3906639680]
[3906639712, 3906639728]
[3906639792, 3906639808]
[3906639904, 3906639936]
[3906639968, 3906639984]
[3906640048, 3906640064]
[3906640160, 3906640192]
[3906640224, 3906640240]
[3906640304, 3906640320]
[3906640416, 3906640448]
[3906640480, 3906640496]
[3906640560, 3906640576]
[3906640672, 3906640704]
[3906640736, 3906640752]
[3906640816, 3906640832]
[3906640928, 3906640960]
[3906640992, 3906641008]
[3906641072, 3906641088]
[3906641184, 3906641216]
[3906641248, 3906641264]
[3906641328, 3906641344]
[3906641440, 3906641472]
[3906641504, 3906641520]
[3906641584, 3906641600]
[3906641696, 3906641728]
[3906641760, 3906641776]
[3906641840, 3906641856]
[3906641952, 3906641984]
[3906642016, 3906642032]
[3906642096, 3906642112]
[3906642208, 3906642240]
[3906642272, 3906642288]
[3906642352, 3906642368]
[3906642464, 3906642496]
[3906642528, 3906642544]
[3906642608, 3906642624]
[3906642720, 3906642752]
[3906642784, 3906642800]
[3906642864, 3906642880]
[3906642976, 3906643008]
[3906643040, 3906643056]
[3906643120, 3906643136]
[3906643232, 3906643264]
[3906643296, 3906643312]
[3906643376, 3906643392]
[3906643488, 3906643520]
[3906643552, 3906643568]
[3906643632, 3906643648]
[3906643744, 3906643776]
[3906643808, 3906643824]
[3906643888, 3906643904]
[3906644000, 3906644032]
[3906644064, 3906644080]
[3906644144, 3906644160]
[3906644256, 3906644288]
[3906644320, 3906644336]
[3906644400, 3906644416]
[3906644512, 3906644544]
[3906644576, 3906644592]
[3906644656, 3906644672]
[3906644768, 3906644800]
[3906644832, 3906644848]
[3906644912, 3906644928]
[3906645024, 3906645056]
[3906645088, 3906645104]
[3906645168, 3906645184]
[3906645280, 3906645312]
[3906645344, 3906645360]
[3906645424, 3906645440]
[3906645536, 3906645568]
[3906645600, 3906645616]
[3906645680, 3906645696]
[3906645792, 3906645824]
[3906645856, 3906645872]
[3906645936, 3906645952]
[3906646048, 3906646080]
[3906646112, 3906646128]
[3906646192, 3906646208]
[3906646304, 3906646336]
[3906646368, 3906646384]
[3906646448, 3906646464]
[3906646560, 3906646592]
[3906646624, 3906646640]
[3906646704, 3906646720]
[3906646816, 3906646848]
[3906646880, 3906646896]
[3906646960, 3906646976]
[3906647072, 3906647104]
[3906647136, 3906647152]
[3906647216, 3906647232]
[3906647328, 3906647360]
[3906647392, 3906647408]
[3906647472, 3906647488]
[3906647584, 3906647616]
[3906647648, 3906647664]
[3906647728, 3906647744]
[3906647840, 3906647872]
[3906647904, 3906647920]
[3906647984, 3906648000]
[3906648096, 3906648128]
[3906648160, 3906648176]
[3906648240, 3906648256]
[3906648352, 3906648384]
[3906648416, 3906648432]
[3906648496, 3906648512]
[3906648608, 3906648640]
[3906648672, 3906648688]
[3906648752, 3906648768]
[3906648864, 3906648896]
[3906648928, 3906648944]
[3906649008, 3906649024]
[3906649120, 3906649152]
[3906649184, 3906649200]
[3906649264, 3906649280]
[3906649376, 3906649408]
[3906649440, 3906649456]
[3906649520, 3906649536]
[3906649632, 3906649664]
[3906649696, 3906649712]
[3906649776, 3906649792]
[3906649888, 3906649920]
[3906649952, 3906649968]
[3906650032, 3906650048]
[3906650144, 3906650176]
[3906650208, 3906650224]
[3906650288, 3906650304]
[3906650400, 3906650432]
[3906650464, 3906650480]
[3906650544, 3906650560]
[3906650656, 3906650688]
[3906650720, 3906650736]
[3906650800, 3906650816]
[3906650912, 3906650944]
[3906650976, 3906650992]
[3906651056, 3906651072]
[3906651168, 3906651200]
[3906651232, 3906651248]
[3906651312, 3906651328]
[3906651424, 3906651456]
[3906651488, 3906651504]
[3906651568, 3906651584]
[3906651680, 3906651712]
[3906651744, 3906651760]
[3906651824, 3906651840]
[3906651936, 3906651968]
[3906652000, 3906652016]
[3906652080, 3906652096]
[3906652192, 3906652224]
[3906652256, 3906652272]
[3906652336, 3906652352]
[3906652448, 3906652480]
[3906652512, 3906652528]
[3906652592, 3906652608]
[3906652704, 3906652736]
[3906652768, 3906652784]
[3906652848, 3906652864]
[3906652960, 3906652992]
[3906653024, 3906653040]
[3906653104, 3906653120]
[3906653216, 3906653248]
[3906653280, 3906653296]
[3906653360, 3906653376]
[3906653472, 3906653504]
[3906653536, 3906653552]
[3906653616, 3906653632]
[3906653728, 3906653760]
[3906653792, 3906653808]
[3906653872, 3906653888]
[3906653984, 3906654016]
[3906654048, 3906654064]
[3906654128, 3906654144]
[3906654240, 3906654272]
[3906654304, 3906654320]
[3906654384, 3906654400]
[3906654496, 3906654528]
[3906654560, 3906654576]
[3906654640, 3906654656]
[3906654752, 3906654784]
[3906654816, 3906654832]
[3906654896, 3906654912]
[3906655008, 3906655040]
[3906655072, 3906655088]
[3906655152, 3906655168]
[3906655264, 3906655296]
[3906655328, 3906655344]
[3906655408, 3906655424]
[3906655520, 3906655552]
[3906655584, 3906655600]
[3906655664, 3906655680]
[3906655776, 3906655808]
[3906655840, 3906655856]
[3906655920, 3906655936]
[3906656032, 3906656064]
[3906656096, 3906656112]
[3906656176, 3906656192]
[3906656288, 3906656320]
[3906656352, 3906656368]
[3906656432, 3906656448]
[3906656544, 3906656576]
[3906656608, 3906656624]
[3906656688, 3906656704]
[3906656800, 3906656832]
[3906656864, 3906656880]
[3906656944, 3906656960]
[3906657056, 3906657088]
[3906657120, 3906657136]
[3906657200, 3906657216]
[3906657312, 3906657344]
[3906657376, 3906657392]
[3906657456, 3906657472]
[3906657568, 3906657600]
[3906657632, 3906657648]
[3906657712, 3906657728]
[3906657824, 3906657856]
[3906657888, 3906657904]
[3906657968, 3906657984]
[3906658080, 3906658112]
[3906658144, 3906658160]
[3906658224, 3906658240]
[3906658336, 3906658368]
[3906658400, 3906658416]
[3906658480, 3906658496]
[3906658592, 3906658624]
[3906658656, 3906658672]
[3906658736, 3906658752]
[3906658848, 3906658880]
[3906658912, 3906658928]
[3906658992, 3906659008]
[3906659104, 3906659136]
[3906659168, 3906659184]
[3906659248, 3906659264]
[3906659360, 3906659392]
[3906659424, 3906659440]
[3906659504, 3906659520]
[3906659616, 3906659648]
[3906659680, 3906659696]
[3906659760, 3906659776]
[3906659872, 3906659904]
[3906659936, 3906659952]
[3906660016, 3906660032]
[3906660128, 3906660160]
[3906660192, 3906660208]
[3906660272, 3906660288]
[3906660384, 3906660416]
[3906660448, 3906660464]
[3906660528, 3906660544]
[3906660640, 3906660672]
[3906660704, 3906660720]
[3906660784, 3906660800]
[3906660896, 3906660928]
[3906660960, 3906660976]
[3906661040, 3906661056]
[3906661152, 3906661184]
[3906661216, 3906661232]
[3906661296, 3906661312]
[3906661408, 3906661440]
[3906661472, 3906661488]
[3906661552, 3906661568]
[3906661664, 3906661696]
[3906661728, 3906661744]
[3906661808, 3906661824]
[3906661920, 3906661952]
[3906661984, 3906662000]
[3906662064, 3906662080]
[3906662176, 3906662208]
[3906662240, 3906662256]
[3906662320, 3906662336]
[3906662432, 3906662464]
[3906662496, 3906662512]
[3906662576, 3906662592]
[3906662688, 3906662720]
[3906662752, 3906662768]
[3906662832, 3906662848]
[3906662944, 3906662976]
[3906663008, 3906663024]
[3906663088, 3906663104]
[3906663200, 3906663232]
[3906663264, 3906663280]
[3906663344, 3906663360]
[3906663456, 3906663488]
[3906663520, 3906663536]
[3906663600, 3906663616]
[3906663712, 3906663744]
[3906663776, 3906663792]
[3906663856, 3906663872]
[3906663968, 3906664000]
[3906664032, 3906664048]
[3906664112, 3906664128]
[3906664224, 3906664256]
[3906664288, 3906664304]
[3906664368, 3906664384]
[3906664480, 3906664512]
[3906664544, 3906664560]
[3906664624, 3906664640]
[3906664736, 3906664768]
[3906664800, 3906664816]
[3906664880, 3906664896]
[3906664992, 3906665024]
[3906665056, 3906665072]
[3906665136, 3906665152]
[3906665248, 3906665280]
[3906665312, 3906665328]
[3906665392, 3906665408]
[3906665504, 3906665536]
[3906665568, 3906665584]
[3906665648, 3906665664]
[3906665760, 3906665792]
[3906665824, 3906665840]
[3906665904, 3906665920]
[3906666016, 3906666048]
[3906666080, 3906666096]
[3906666160, 3906666176]
[3906666272, 3906666304]
[3906666336, 3906666352]
[3906666416, 3906666432]
[3906666528, 3906666560]
[3906666592, 3906666608]
[3906666672, 3906666688]
[3906666784, 3906666816]
[3906666848, 3906666864]
[3906666928, 3906666944]
[3906667040, 3906667072]
[3906667104, 3906667120]
[3906667184, 3906667200]
[3906667296, 3906667328]
[3906667360, 3906667376]
[3906667440, 3906667456]
[3906667552, 3906667584]
[3906667616, 3906667632]
[3906667696, 3906667712]
[3906667808, 3906667840]
[3906667872, 3906667888]
[3906667952, 3906667968]
[3906668064, 3906668096]
[3906668128, 3906668144]
[3906668208, 3906668224]
[3906668320, 3906668352]
[3906668384, 3906668400]
[3906668464, 3906668480]
[3906668576, 3906668608]
[3906668640, 3906668656]
[3906668720, 3906668736]
[3906668832, 3906668864]
[3906668896, 3906668912]
[3906668976, 3906668992]
[3906669088, 3906669120]
[3906669152, 3906669168]
[3906669232, 3906669248]
[3906669344, 3906669376]
[3906669408, 3906669424]
[3906669488, 3906669504]
[3906669600, 3906669632]
[3906669664, 3906669680]
[3906669744, 3906669760]
[3906669856, 3906669888]
[3906669920, 3906669936]
[3906670000, 3906670016]
[3906670112, 3906670144]
[3906670176, 3906670192]
[3906670256, 3906670272]
[3906670368, 3906670400]
[3906670432, 3906670448]
[3906670512, 3906670528]
[3906670624, 3906670656]
[3906670688, 3906670704]
[3906670768, 3906670784]
[3906670880, 3906670912]
[3906670944, 3906670960]
[3906671024, 3906671040]
[3906671136, 3906671168]
[3906671200, 3906671216]
[3906671280, 3906671296]
[3906671392, 3906671424]
[3906671456, 3906671472]
[3906671536, 3906671552]
[3906671648, 3906671680]
[3906671712, 3906671728]
[3906671792, 3906671808]
[3906671904, 3906671936]
[3906671968, 3906671984]
[3906672048, 3906672064]
[3906672160, 3906672192]
[3906672224, 3906672240]
[3906672304, 3906672320]
[3906672416, 3906672448]
[3906672480, 3906672496]
[3906672560, 3906672576]
[3906672672, 3906672704]
[3906672736, 3906672752]
[3906672816, 3906672832]
[3906672928, 3906672960]
[3906672992, 3906673008]
[3906673072, 3906673088]
[3906673184, 3906673216]
[3906673248, 3906673264]
[3906673328, 3906673344]
[3906673440, 3906673472]
[3906673504, 3906673520]
[3906673584, 3906673600]
[3906673696, 3906673728]
[3906673760, 3906673776]
[3906673840, 3906673856]
[3906673952, 3906673984]
[3906674016, 3906674032]
[3906674096, 3906674112]
[3906674208, 3906674240]
[3906674272, 3906674288]
[3906674352, 3906674368]
[3906674464, 3906674496]
[3906674528, 3906674544]
[3906674608, 3906674624]
[3906674720, 3906674752]
[3906674784, 3906674800]
[3906674864, 3906674880]
[3906674976, 3906675008]
[3906675040, 3906675056]
[3906675120, 3906675136]
[3906675232, 3906675264]
[3906675296, 3906675312]
[3906675376, 3906675392]
[3906675488, 3906675520]
[3906675552, 3906675568]
[3906675632, 3906675648]
[3906675744, 3906675776]
[3906675808, 3906675824]
[3906675888, 3906675904]
[3906676000, 3906676032]
[3906676064, 3906676080]
[3906676144, 3906676160]
[3906676256, 3906676288]
[3906676320, 3906676336]
[3906676400, 3906676416]
[3906676512, 3906676544]
[3906676576, 3906676592]
[3906676656, 3906676672]
[3906676768, 3906676800]
[3906676832, 3906676848]
[3906676912, 3906676928]
[3906677024, 3906677056]
[3906677088, 3906677104]
[3906677168, 3906677184]
[3906677280, 3906677312]
[3906677344, 3906677360]
[3906677424, 3906677440]
[3906677536, 3906677568]
[3906677600, 3906677616]
[3906677680, 3906677696]
[3906677792, 3906677824]
[3906677856, 3906677872]
[3906677936, 3906677952]
[3906678048, 3906678080]
[3906678112, 3906678128]
[3906678192, 3906678208]
[3906678304, 3906678336]
[3906678368, 3906678384]
[3906678448, 3906678464]
[3906678560, 3906678592]
[3906678624, 3906678640]
[3906678704, 3906678720]
[3906678816, 3906678848]
[3906678880, 3906678896]
[3906678960, 3906678976]
[3906679072, 3906679104]
[3906679136, 3906679152]
[3906679216, 3906679232]
[3906679328, 3906679360]
[3906679392, 3906679408]
[3906679472, 3906679488]
[3906679584, 3906679616]
[3906679648, 3906679664]
[3906679728, 3906679744]
[3906679840, 3906679872]
[3906679904, 3906679920]
[3906679984, 3906680000]
[3906680096, 3906680128]
[3906680160, 3906680176]
[3906680240, 3906680256]
[3906680352, 3906680384]
[3906680416, 3906680432]
[3906680496, 3906680512]
[3906680608, 3906680640]
[3906680672, 3906680688]
[3906680752, 3906680768]
[3906680864, 3906680896]
[3906680928, 3906680944]
[3906681008, 3906681024]
[3906681120, 3906681152]
[3906681184, 3906681200]
[3906681264, 3906681280]
[3906681376, 3906681408]
[3906681440, 3906681456]
[3906681520, 3906681536]
[3906681632, 3906681664]
[3906681696, 3906681712]
[3906681776, 3906681792]
[3906681888, 3906681920]
[3906681952, 3906681968]
[3906682032, 3906682048]
[3906682144, 3906682176]
[3906682208, 3906682224]
[3906682288, 3906682304]
[3906682400, 3906682432]
[3906682464, 3906682480]
[3906682544, 3906682560]
[3906682656, 3906682688]
[3906682720, 3906682736]
[3906682800, 3906682816]
[3906682912, 3906682944]
[3906682976, 3906682992]
[3906683056, 3906683072]
[3906683168, 3906683200]
[3906683232, 3906683248]
[3906683312, 3906683328]
[3906683424, 3906683456]
[3906683488, 3906683504]
[3906683568, 3906683584]
[3906683680, 3906683712]
[3906683744, 3906683760]
[3906683824, 3906683840]
[3906683936, 3906683968]
[3906684000, 3906684016]
[3906684080, 3906684096]
[3906684192, 3906684224]
[3906684256, 3906684272]
[3906684336, 3906684352]
[3906684448, 3906684480]
[3906684512, 3906684528]
[3906684592, 3906684608]
[3906684704, 3906684736]
[3906684768, 3906684784]
[3906684848, 3906684864]
[3906684960, 3906684992]
[3906685024, 3906685040]
[3906685104, 3906685120]
[3906685216, 3906685248]
[3906685280, 3906685296]
[3906685360, 3906685376]
[3906685472, 3906685504]
[3906685536, 3906685552]
[3906685616, 3906685632]
[3906685728, 3906685760]
[3906685792, 3906685808]
[3906685872, 3906685888]
[3906685984, 3906686016]
[3906686048, 3906686064]
[3906686128, 3906686144]
[3906686240, 3906686272]
[3906686304, 3906686320]
[3906686384, 3906686400]
[3906686496, 3906686528]
[3906686560, 3906686576]
[3906686640, 3906686656]
[3906686752, 3906686784]
[3906686816, 3906686832]
[3906686896, 3906686912]
[3906687008, 3906687040]
[3906687072, 3906687088]
[3906687152, 3906687168]
[3906687264, 3906687296]
[3906687328, 3906687344]
[3906687408, 3906687424]
[3906687520, 3906687552]
[3906687584, 3906687600]
[3906687664, 3906687680]
[3906687776, 3906687808]
[3906687840, 3906687856]
[3906687920, 3906687936]
[3906688032, 3906688064]
[3906688096, 3906688112]
[3906688176, 3906688192]
[3906688288, 3906688320]
[3906688352, 3906688368]
[3906688432, 3906688448]
[3906688544, 3906688576]
[3906688608, 3906688624]
[3906688688, 3906688704]
[3906688800, 3906688832]
[3906688864, 3906688880]
[3906688944, 3906688960]
[3906689056, 3906689088]
[3906689120, 3906689136]
[3906689200, 3906689216]
[3906689312, 3906689344]
[3906689376, 3906689392]
[3906689456, 3906689472]
[3906689568, 3906689600]
[3906689632, 3906689648]
[3906689712, 3906689728]
[3906689824, 3906689856]
[3906689888, 3906689904]
[3906689968, 3906689984]
[3906690080, 3906690112]
[3906690144, 3906690160]
[3906690224, 3906690240]
[3906690336, 3906690368]
[3906690400, 3906690416]
[3906690480, 3906690496]
[3906690592, 3906690624]
[3906690656, 3906690672]
[3906690736, 3906690752]
[3906690848, 3906690880]
[3906690912, 3906690928]
[3906690992, 3906691008]
[3906691104, 3906691136]
[3906691168, 3906691184]
[3906691248, 3906691264]
[3906691360, 3906691392]
[3906691424, 3906691440]
[3906691504, 3906691520]
[3906691616, 3906691648]
[3906691680, 3906691696]
[3906691760, 3906691776]
[3906691872, 3906691904]
[3906691936, 3906691952]
[3906692016, 3906692032]
[3906692128, 3906692160]
[3906692192, 3906692208]
[3906692272, 3906692288]
[3906692384, 3906692416]
[3906692448, 3906692464]
[3906692528, 3906692544]
[3906692640, 3906692672]
[3906692704, 3906692720]
[3906692784, 3906692800]
[3906692896, 3906692928]
[3906692960, 3906692976]
[3906693040, 3906693056]
[3906693152, 3906693184]
[3906693216, 3906693232]
[3906693296, 3906693312]
[3906693408, 3906693440]
[3906693472, 3906693488]
[3906693552, 3906693568]
[3906693664, 3906693696]
[3906693728, 3906693744]
[3906693808, 3906693824]
[3906693920, 3906693952]
[3906693984, 3906694000]
[3906694064, 3906694080]
[3906694176, 3906694208]
[3906694240, 3906694256]
[3906694320, 3906694336]
[3906694432, 3906694464]
[3906694496, 3906694512]
[3906694576, 3906694592]
[3906694688, 3906694720]
[3906694752, 3906694768]
[3906694832, 3906694848]
[3906694944, 3906694976]
[3906695008, 3906695024]
[3906695088, 3906695104]
[3906695200, 3906695232]
[3906695264, 3906695280]
[3906695344, 3906695360]
[3906695456, 3906695488]
[3906695520, 3906695536]
[3906695600, 3906695616]
[3906695712, 3906695744]
[3906695776, 3906695792]
[3906695856, 3906695872]
[3906695968, 3906696000]
[3906696032, 3906696048]
[3906696112, 3906696128]
[3906696224, 3906696256]
[3906696288, 3906696304]
[3906696368, 3906696384]
[3906696480, 3906696512]
[3906696544, 3906696560]
[3906696624, 3906696640]
[3906696736, 3906696768]
[3906696800, 3906696816]
[3906696880, 3906696896]
[3906696992, 3906697024]
[3906697056, 3906697072]
[3906697136, 3906697152]
[3906697248, 3906697280]
[3906697312, 3906697328]
[3906697392, 3906697408]
[3906697504, 3906697536]
[3906697568, 3906697584]
[3906697648, 3906697664]
[3906697760, 3906697792]
[3906697824, 3906697840]
[3906697904, 3906697920]
[3906698016, 3906698048]
[3906698080, 3906698096]
[3906698160, 3906698176]
[3906698272, 3906698304]
[3906698336, 3906698352]
[3906698416, 3906698432]
[3906698528, 3906698560]
[3906698592, 3906698608]
[3906698672, 3906698688]
[3906698784, 3906698816]
[3906698848, 3906698864]
[3906698928, 3906698944]
[3906699040, 3906699072]
[3906699104, 3906699120]
[3906699184, 3906699200]
[3906699296, 3906699328]
[3906699360, 3906699376]
[3906699440, 3906699456]
[3906699552, 3906699584]
[3906699616, 3906699632]
[3906699696, 3906699712]
[3906699808, 3906699840]
[3906699872, 3906699888]
[3906699952, 3906699968]
[3906700064, 3906700096]
[3906700128, 3906700144]
[3906700208, 3906700224]
[3906700320, 3906700352]
[3906700384, 3906700400]
[3906700464, 3906700480]
[3906700576, 3906700608]
[3906700640, 3906700656]
[3906700720, 3906700736]
[3906700832, 3906700864]
[3906700896, 3906700912]
[3906700976, 3906700992]
[3906701088, 3906701120]
[3906701152, 3906701168]
[3906701232, 3906701248]
[3906701344, 3906701376]
[3906701408, 3906701424]
[3906701488, 3906701504]
[3906701600, 3906701632]
[3906701664, 3906701680]
[3906701744, 3906701760]
[3906701856, 3906701888]
[3906701920, 3906701936]
[3906702000, 3906702016]
[3906702112, 3906702144]
[3906702176, 3906702192]
[3906702256, 3906702272]
[3906702368, 3906702400]
[3906702432, 3906702448]
[3906702512, 3906702528]
[3906702624, 3906702656]
[3906702688, 3906702704]
[3906702768, 3906702784]
[3906702880, 3906702912]
[3906702944, 3906702960]
[3906703024, 3906703040]
[3906703136, 3906703168]
[3906703200, 3906703216]
[3906703280, 3906703296]
[3906703392, 3906703424]
[3906703456, 3906703472]
[3906703536, 3906703552]
[3906703648, 3906703680]
[3906703712, 3906703728]
[3906703792, 3906703808]
[3906703904, 3906703936]
[3906703968, 3906703984]
[3906704048, 3906704064]
[3906704160, 3906704192]
[3906704224, 3906704240]
[3906704304, 3906704320]
[3906704416, 3906704448]
[3906704480, 3906704496]
[3906704560, 3906704576]
[3906704672, 3906704704]
[3906704736, 3906704752]
[3906704816, 3906704832]
[3906704928, 3906704960]
[3906704992, 3906705008]
[3906705072, 3906705088]
[3906705184, 3906705216]
[3906705248, 3906705264]
[3906705328, 3906705344]
[3906705440, 3906705472]
[3906705504, 3906705520]
[3906705584, 3906705600]
[3906705696, 3906705728]
[3906705760, 3906705776]
[3906705840, 3906705856]
[3906705952, 3906705984]
[3906706016, 3906706032]
[3906706096, 3906706112]
[3906706208, 3906706240]
[3906706272, 3906706288]
[3906706352, 3906706368]
[3906706464, 3906706496]
[3906706528, 3906706544]
[3906706608, 3906706624]
[3906706720, 3906706752]
[3906706784, 3906706800]
[3906706864, 3906706880]
[3906706976, 3906707008]
[3906707040, 3906707056]
[3906707120, 3906707136]
[3906707232, 3906707264]
[3906707296, 3906707312]
[3906707376, 3906707392]
[3906707488, 3906707520]
[3906707552, 3906707568]
[3906707632, 3906707648]
[3906707744, 3906707776]
[3906707808, 3906707824]
[3906707888, 3906707904]
[3906708000, 3906708032]
[3906708064, 3906708080]
[3906708144, 3906708160]
[3906708256, 3906708288]
[3906708320, 3906708336]
[3906708400, 3906708416]
[3906708512, 3906708544]
[3906708576, 3906708592]
[3906708656, 3906708672]
[3906708768, 3906708800]
[3906708832, 3906708848]
[3906708912, 3906708928]
[3906709024, 3906709056]
[3906709088, 3906709104]
[3906709168, 3906709184]
[3906709280, 3906709312]
[3906709344, 3906709360]
[3906709424, 3906709440]
[3906709536, 3906709568]
[3906709600, 3906709616]
[3906709680, 3906709696]
[3906709792, 3906709824]
[3906709856, 3906709872]
[3906709936, 3906709952]
[3906710048, 3906710080]
[3906710112, 3906710128]
[3906710192, 3906710208]
[3906710304, 3906710336]
[3906710368, 3906710384]
[3906710448, 3906710464]
[3906710560, 3906710592]
[3906710624, 3906710640]
[3906710704, 3906710720]
[3906710816, 3906710848]
[3906710880, 3906710896]
[3906710960, 3906710976]
[3906711072, 3906711104]
[3906711136, 3906711152]
[3906711216, 3906711232]
[3906711328, 3906711360]
[3906711392, 3906711408]
[3906711472, 3906711488]
[3906711584, 3906711616]
[3906711648, 3906711664]
[3906711728, 3906711744]
[3906711840, 3906711872]
[3906711904, 3906711920]
[3906711984, 3906712000]
[3906712096, 3906712128]
[3906712160, 3906712176]
[3906712240, 3906712256]
[3906712352, 3906712384]
[3906712416, 3906712432]
[3906712496, 3906712512]
[3906712608, 3906712640]
[3906712672, 3906712688]
[3906712752, 3906712768]
[3906712864, 3906712896]
[3906712928, 3906712944]
[3906713008, 3906713024]
[3906713120, 3906713152]
[3906713184, 3906713200]
[3906713264, 3906713280]
[3906713376, 3906713408]
[3906713440, 3906713456]
[3906713520, 3906713536]
[3906713632, 3906713664]
[3906713696, 3906713712]
[3906713776, 3906713792]
[3906713888, 3906713920]
[3906713952, 3906713968]
[3906714032, 3906714048]
[3906714144, 3906714176]
[3906714208, 3906714224]
[3906714288, 3906714304]
[3906714400, 3906714432]
[3906714464, 3906714480]
[3906714544, 3906714560]
[3906714656, 3906714688]
[3906714720, 3906714736]
[3906714800, 3906714816]
[3906714912, 3906714944]
[3906714976, 3906714992]
[3906715056, 3906715072]
[3906715168, 3906715200]
[3906715232, 3906715248]
[3906715312, 3906715328]
[3906715424, 3906715456]
[3906715488, 3906715504]
[3906715568, 3906715584]
[3906715680, 3906715712]
[3906715744, 3906715760]
[3906715824, 3906715840]
[3906715936, 3906715968]
[3906716000, 3906716016]
[3906716080, 3906716096]
[3906716192, 3906716224]
[3906716256, 3906716272]
[3906716336, 3906716352]
[3906716448, 3906716480]
[3906716512, 3906716528]
[3906716592, 3906716608]
[3906716704, 3906716736]
[3906716768, 3906716784]
[3906716848, 3906716864]
[3906716960, 3906716992]
[3906717024, 3906717040]
[3906717104, 3906717120]
[3906717216, 3906717248]
[3906717280, 3906717296]
[3906717360, 3906717376]
[3906717472, 3906717504]
[3906717536, 3906717552]
[3906717616, 3906717632]
[3906717728, 3906717760]
[3906717792, 3906717808]
[3906717872, 3906717888]
[3906717984, 3906718016]
[3906718048, 3906718064]
[3906718128, 3906718144]
[3906718240, 3906718272]
[3906718304, 3906718320]
[3906718384, 3906718400]
[3906718496, 3906718528]
[3906718560, 3906718576]
[3906718640, 3906718656]
[3906718752, 3906718784]
[3906718816, 3906718832]
[3906718896, 3906718912]
[3906719008, 3906719040]
[3906719072, 3906719088]
[3906719152, 3906719168]
[3906719264, 3906719296]
[3906719328, 3906719344]
[3906719408, 3906719424]
[3906719520, 3906719552]
[3906719584, 3906719600]
[3906719664, 3906719680]
[3906719776, 3906719808]
[3906719840, 3906719856]
[3906719920, 3906719936]
[3906720032, 3906720064]
[3906720096, 3906720112]
[3906720176, 3906720192]
[3906720288, 3906720320]
[3906720352, 3906720368]
[3906720432, 3906720448]
[3906720544, 3906720576]
[3906720608, 3906720624]
[3906720688, 3906720704]
[3906720800, 3906720832]
[3906720864, 3906720880]
[3906720944, 3906720960]
[3906721056, 3906721088]
[3906721120, 3906721136]
[3906721200, 3906721216]
[3906721312, 3906721344]
[3906721376, 3906721392]
[3906721456, 3906721472]
[3906721568, 3906721600]
[3906721632, 3906721648]
[3906721712, 3906721728]
[3906721824, 3906721856]
[3906721888, 3906721904]
[3906721968, 3906721984]
[3906722080, 3906722112]
[3906722144, 3906722160]
[3906722224, 3906722240]
[3906722336, 3906722368]
[3906722400, 3906722416]
[3906722480, 3906722496]
[3906722592, 3906722624]
[3906722656, 3906722672]
[3906722736, 3906722752]
[3906722848, 3906722880]
[3906722912, 3906722928]
[3906722992, 3906723008]
[3906723104, 3906723136]
[3906723168, 3906723184]
[3906723248, 3906723264]
[3906723360, 3906723392]
[3906723424, 3906723440]
[3906723504, 3906723520]
[3906723616, 3906723648]
[3906723680, 3906723696]
[3906723760, 3906723776]
[3906723872, 3906723904]
[3906723936, 3906723952]
[3906724016, 3906724032]
[3906724128, 3906724160]
[3906724192, 3906724208]
[3906724272, 3906724288]
[3906724384, 3906724416]
[3906724448, 3906724464]
[3906724528, 3906724544]
[3906724640, 3906724672]
[3906724704, 3906724720]
[3906724784, 3906724800]
[3906724896, 3906724928]
[3906724960, 3906724976]
[3906725040, 3906725056]
[3906725152, 3906725184]
[3906725216, 3906725232]
[3906725296, 3906725312]
[3906725408, 3906725440]
[3906725472, 3906725488]
[3906725552, 3906725568]
[3906725664, 3906725696]
[3906725728, 3906725744]
[3906725808, 3906725824]
[3906725920, 3906725952]
[3906725984, 3906726000]
[3906726064, 3906726080]
[3906726176, 3906726208]
[3906726240, 3906726256]
[3906726320, 3906726336]
[3906726432, 3906726464]
[3906726496, 3906726512]
[3906726576, 3906726592]
[3906726688, 3906726720]
[3906726752, 3906726768]
[3906726832, 3906726848]
[3906726944, 3906726976]
[3906727008, 3906727024]
[3906727088, 3906727104]
[3906727200, 3906727232]
[3906727264, 3906727280]
[3906727344, 3906727360]
[3906727456, 3906727488]
[3906727520, 3906727536]
[3906727600, 3906727616]
[3906727712, 3906727744]
[3906727776, 3906727792]
[3906727856, 3906727872]
[3906727968, 3906728000]
[3906728032, 3906728048]
[3906728112, 3906728128]
[3906728224, 3906728256]
[3906728288, 3906728304]
[3906728368, 3906728384]
[3906728480, 3906728512]
[3906728544, 3906728560]
[3906728624, 3906728640]
[3906728736, 3906728768]
[3906728800, 3906728816]
[3906728880, 3906728896]
[3906728992, 3906729024]
[3906729056, 3906729072]
[3906729136, 3906729152]
[3906729248, 3906729280]
[3906729312, 3906729328]
[3906729392, 3906729408]
[3906729504, 3906729536]
[3906729568, 3906729584]
[3906729648, 3906729664]
[3906729760, 3906729792]
[3906729824, 3906729840]
[3906729904, 3906729920]
[3906730016, 3906730048]
[3906730080, 3906730096]
[3906730160, 3906730176]
[3906730272, 3906730304]
[3906730336, 3906730352]
[3906730416, 3906730432]
[3906730528, 3906730560]
[3906730592, 3906730608]
[3906730672, 3906730688]
[3906730784, 3906730816]
[3906730848, 3906730864]
[3906730928, 3906730944]
[3906731040, 3906731072]
[3906731104, 3906731120]
[3906731184, 3906731200]
[3906731296, 3906731328]
[3906731360, 3906731376]
[3906731440, 3906731456]
[3906731552, 3906731584]
[3906731616, 3906731632]
[3906731696, 3906731712]
[3906731808, 3906731840]
[3906731872, 3906731888]
[3906731952, 3906731968]
[3906732064, 3906732096]
[3906732128, 3906732144]
[3906732208, 3906732224]
[3906732320, 3906732352]
[3906732384, 3906732400]
[3906732464, 3906732480]
[3906732576, 3906732608]
[3906732640, 3906732656]
[3906732720, 3906732736]
[3906732832, 3906732864]
[3906732896, 3906732912]
[3906732976, 3906732992]
[3906733088, 3906733120]
[3906733152, 3906733168]
[3906733232, 3906733248]
[3906733344, 3906733376]
[3906733408, 3906733424]
[3906733488, 3906733504]
[3906733600, 3906733632]
[3906733664, 3906733680]
[3906733744, 3906733760]
[3906733856, 3906733888]
[3906733920, 3906733936]
[3906734000, 3906734016]
[3906734112, 3906734144]
[3906734176, 3906734192]
[3906734256, 3906734272]
[3906734368, 3906734400]
[3906734432, 3906734448]
[3906734512, 3906734528]
[3906734624, 3906734656]
[3906734688, 3906734704]
[3906734768, 3906734784]
[3906734880, 3906734912]
[3906734944, 3906734960]
[3906735024, 3906735040]
[3906735136, 3906735168]
[3906735200, 3906735216]
[3906735280, 3906735296]
[3906735392, 3906735424]
[3906735456, 3906735472]
[3906735536, 3906735552]
[3906735648, 3906735680]
[3906735712, 3906735728]
[3906735792, 3906735808]
[3906735904, 3906735936]
[3906735968, 3906735984]
[3906736048, 3906736064]
[3906736160, 3906736192]
[3906736224, 3906736240]
[3906736304, 3906736320]
[3906736416, 3906736448]
[3906736480, 3906736496]
[3906736560, 3906736576]
[3906736672, 3906736704]
[3906736736, 3906736752]
[3906736816, 3906736832]
[3906736928, 3906736960]
[3906736992, 3906737008]
[3906737072, 3906737088]
[3906737184, 3906737216]
[3906737248, 3906737264]
[3906737328, 3906737344]
[3906737440, 3906737472]
[3906737504, 3906737520]
[3906737584, 3906737600]
[3906737696, 3906737728]
[3906737760, 3906737776]
[3906737840, 3906737856]
[3906737952, 3906737984]
[3906738016, 3906738032]
[3906738096, 3906738112]
[3906738208, 3906738240]
[3906738272, 3906738288]
[3906738352, 3906738368]
[3906738464, 3906738496]
[3906738528, 3906738544]
[3906738608, 3906738624]
[3906738720, 3906738752]
[3906738784, 3906738800]
[3906738864, 3906738880]
[3906738976, 3906739008]
[3906739040, 3906739056]
[3906739120, 3906739136]
[3906739232, 3906739264]
[3906739296, 3906739312]
[3906739376, 3906739392]
[3906739488, 3906739520]
[3906739552, 3906739568]
[3906739632, 3906739648]
[3906739744, 3906739776]
[3906739808, 3906739824]
[3906739888, 3906739904]
[3906740000, 3906740032]
[3906740064, 3906740080]
[3906740144, 3906740160]
[3906740256, 3906740288]
[3906740320, 3906740336]
[3906740400, 3906740416]
[3906740512, 3906740544]
[3906740576, 3906740592]
[3906740656, 3906740672]
[3906740768, 3906740800]
[3906740832, 3906740848]
[3906740912, 3906740928]
[3906741024, 3906741056]
[3906741088, 3906741104]
[3906741168, 3906741184]
[3906741280, 3906741312]
[3906741344, 3906741360]
[3906741424, 3906741440]
[3906741536, 3906741568]
[3906741600, 3906741616]
[3906741680, 3906741696]
[3906741792, 3906741824]
[3906741856, 3906741872]
[3906741936, 3906741952]
[3906742048, 3906742080]
[3906742112, 3906742128]
[3906742192, 3906742208]
[3906742304, 3906742336]
[3906742368, 3906742384]
[3906742448, 3906742464]
[3906742560, 3906742592]
[3906742624, 3906742640]
[3906742704, 3906742720]
[3906742816, 3906742848]
[3906742880, 3906742896]
[3906742960, 3906742976]
[3906743072, 3906743104]
[3906743136, 3906743152]
[3906743216, 3906743232]
[3906743328, 3906743360]
[3906743392, 3906743408]
[3906743472, 3906743488]
[3906743584, 3906743616]
[3906743648, 3906743664]
[3906743728, 3906743744]
[3906743840, 3906743872]
[3906743904, 3906743920]
[3906743984, 3906744000]
[3906744096, 3906744128]
[3906744160, 3906744176]
[3906744240, 3906744256]
[3906744352, 3906744384]
[3906744416, 3906744432]
[3906744496, 3906744512]
[3906744608, 3906744640]
[3906744672, 3906744688]
[3906744752, 3906744768]
[3906744864, 3906744896]
[3906744928, 3906744944]
[3906745008, 3906745024]
[3906745120, 3906745152]
[3906745184, 3906745200]
[3906745264, 3906745280]
[3906745376, 3906745408]
[3906745440, 3906745456]
[3906745520, 3906745536]
[3906745632, 3906745664]
[3906745696, 3906745712]
[3906745776, 3906745792]
[3906745888, 3906745920]
[3906745952, 3906745968]
[3906746032, 3906746048]
[3906746144, 3906746176]
[3906746208, 3906746224]
[3906746288, 3906746304]
[3906746400, 3906746432]
[3906746464, 3906746480]
[3906746544, 3906746560]
[3906746656, 3906746688]
[3906746720, 3906746736]
[3906746800, 3906746816]
[3906746912, 3906746944]
[3906746976, 3906746992]
[3906747056, 3906747072]
[3906747168, 3906747200]
[3906747232, 3906747248]
[3906747312, 3906747328]
[3906747424, 3906747456]
[3906747488, 3906747504]
[3906747568, 3906747584]
[3906747680, 3906747712]
[3906747744, 3906747760]
[3906747824, 3906747840]
[3906747936, 3906747968]
[3906748000, 3906748016]
[3906748080, 3906748096]
[3906748192, 3906748224]
[3906748256, 3906748272]
[3906748336, 3906748352]
[3906748448, 3906748480]
[3906748512, 3906748528]
[3906748592, 3906748608]
[3906748704, 3906748736]
[3906748768, 3906748784]
[3906748848, 3906748864]
[3906748960, 3906748992]
[3906749024, 3906749040]
[3906749104, 3906749120]
[3906749216, 3906749248]
[3906749280, 3906749296]
[3906749360, 3906749376]
[3906749472, 3906749504]
[3906749536, 3906749552]
[3906749616, 3906749632]
[3906749728, 3906749760]
[3906749792, 3906749808]
[3906749872, 3906749888]
[3906749984, 3906750016]
[3906750048, 3906750064]
[3906750128, 3906750144]
[3906750240, 3906750272]
[3906750304, 3906750320]
[3906750384, 3906750400]
[3906750496, 3906750528]
[3906750560, 3906750576]
[3906750640, 3906750656]
[3906750752, 3906750784]
[3906750816, 3906750832]
[3906750896, 3906750912]
[3906751008, 3906751040]
[3906751072, 3906751088]
[3906751152, 3906751168]
[3906751264, 3906751296]
[3906751328, 3906751344]
[3906751408, 3906751424]
[3906751520, 3906751552]
[3906751584, 3906751600]
[3906751664, 3906751680]
[3906751776, 3906751808]
[3906751840, 3906751856]
[3906751920, 3906751936]
[3906752032, 3906752064]
[3906752096, 3906752112]
[3906752176, 3906752192]
[3906752288, 3906752320]
[3906752352, 3906752368]
[3906752432, 3906752448]
[3906752544, 3906752576]
[3906752608, 3906752624]
[3906752688, 3906752704]
[3906752800, 3906752832]
[3906752864, 3906752880]
[3906752944, 3906752960]
[3906753056, 3906753088]
[3906753120, 3906753136]
[3906753200, 3906753216]
[3906753312, 3906753344]
[3906753376, 3906753392]
[3906753456, 3906753472]
[3906753568, 3906753600]
[3906753632, 3906753648]
[3906753712, 3906753728]
[3906753824, 3906753856]
[3906753888, 3906753904]
[3906753968, 3906753984]
[3906754080, 3906754112]
[3906754144, 3906754160]
[3906754224, 3906754240]
[3906754336, 3906754368]
[3906754400, 3906754416]
[3906754480, 3906754496]
[3906754592, 3906754624]
[3906754656, 3906754672]
[3906754736, 3906754752]
[3906754848, 3906754880]
[3906754912, 3906754928]
[3906754992, 3906755008]
[3906755104, 3906755136]
[3906755168, 3906755184]
[3906755248, 3906755264]
[3906755360, 3906755392]
[3906755424, 3906755440]
[3906755504, 3906755520]
[3906755616, 3906755648]
[3906755680, 3906755696]
[3906755760, 3906755776]
[3906755872, 3906755904]
[3906755936, 3906755952]
[3906756016, 3906756032]
[3906756128, 3906756160]
[3906756192, 3906756208]
[3906756272, 3906756288]
[3906756384, 3906756416]
[3906756448, 3906756464]
[3906756528, 3906756544]
[3906756640, 3906756672]
[3906756704, 3906756720]
[3906756784, 3906756800]
[3906756896, 3906756928]
[3906756960, 3906756976]
[3906757040, 3906757056]
[3906757152, 3906757184]
[3906757216, 3906757232]
[3906757296, 3906757312]
[3906757408, 3906757440]
[3906757472, 3906757488]
[3906757552, 3906757568]
[3906757664, 3906757696]
[3906757728, 3906757744]
[3906757808, 3906757824]
[3906757920, 3906757952]
[3906757984, 3906758000]
[3906758064, 3906758080]
[3906758176, 3906758208]
[3906758240, 3906758256]
[3906758320, 3906758336]
[3906758432, 3906758464]
[3906758496, 3906758512]
[3906758576, 3906758592]
[3906758688, 3906758720]
[3906758752, 3906758768]
[3906758832, 3906758848]
[3906758944, 3906758976]
[3906759008, 3906759024]
[3906759088, 3906759104]
[3906759200, 3906759232]
[3906759264, 3906759280]
[3906759344, 3906759360]
[3906759456, 3906759488]
[3906759520, 3906759536]
[3906759600, 3906759616]
[3906759712, 3906759744]
[3906759776, 3906759792]
[3906759856, 3906759872]
[3906759968, 3906760000]
[3906760032, 3906760048]
[3906760112, 3906760128]
[3906760224, 3906760256]
[3906760288, 3906760304]
[3906760368, 3906760384]
[3906760480, 3906760512]
[3906760544, 3906760560]
[3906760624, 3906760640]
[3906760736, 3906760768]
[3906760800, 3906760816]
[3906760880, 3906760896]
[3906760992, 3906761024]
[3906761056, 3906761072]
[3906761136, 3906761152]
[3906761248, 3906761280]
[3906761312, 3906761328]
[3906761392, 3906761408]
[3906761504, 3906761536]
[3906761568, 3906761584]
[3906761648, 3906761664]
[3906761760, 3906761792]
[3906761824, 3906761840]
[3906761904, 3906761920]
[3906762016, 3906762048]
[3906762080, 3906762096]
[3906762160, 3906762176]
[3906762272, 3906762304]
[3906762336, 3906762352]
[3906762416, 3906762432]
[3906762528, 3906762560]
[3906762592, 3906762608]
[3906762672, 3906762688]
[3906762784, 3906762816]
[3906762848, 3906762864]
[3906762928, 3906762944]
[3906763040, 3906763072]
[3906763104, 3906763120]
[3906763184, 3906763200]
[3906763296, 3906763328]
[3906763360, 3906763376]
[3906763440, 3906763456]
[3906763552, 3906763584]
[3906763616, 3906763632]
[3906763696, 3906763712]
[3906763808, 3906763840]
[3906763872, 3906763888]
[3906763952, 3906763968]
[3906764064, 3906764096]
[3906764128, 3906764144]
[3906764208, 3906764224]
[3906764320, 3906764352]
[3906764384, 3906764400]
[3906764464, 3906764480]
[3906764576, 3906764608]
[3906764640, 3906764656]
[3906764720, 3906764736]
[3906764832, 3906764864]
[3906764896, 3906764912]
[3906764976, 3906764992]
[3906765088, 3906765120]
[3906765152, 3906765168]
[3906765232, 3906765248]
[3906765344, 3906765376]
[3906765408, 3906765424]
[3906765488, 3906765504]
[3906765600, 3906765632]
[3906765664, 3906765680]
[3906765744, 3906765760]
[3906765856, 3906765888]
[3906765920, 3906765936]
[3906766000, 3906766016]
[3906766112, 3906766144]
[3906766176, 3906766192]
[3906766256, 3906766272]
[3906766368, 3906766400]
[3906766432, 3906766448]
[3906766512, 3906766528]
[3906766624, 3906766656]
[3906766688, 3906766704]
[3906766768, 3906766784]
[3906766880, 3906766912]
[3906766944, 3906766960]
[3906767024, 3906767040]
[3906767136, 3906767168]
[3906767200, 3906767216]
[3906767280, 3906767296]
[3906767392, 3906767424]
[3906767456, 3906767472]
[3906767536, 3906767552]
[3906767648, 3906767680]
[3906767712, 3906767728]
[3906767792, 3906767808]
[3906767904, 3906767936]
[3906767968, 3906767984]
[3906768048, 3906768064]
[3906768160, 3906768192]
[3906768224, 3906768240]
[3906768304, 3906768320]
[3906768416, 3906768448]
[3906768480, 3906768496]
[3906768560, 3906768576]
[3906768672, 3906768704]
[3906768736, 3906768752]
[3906768816, 3906768832]
[3906768928, 3906768960]
[3906768992, 3906769008]
[3906769072, 3906769088]
[3906769184, 3906769216]
[3906769248, 3906769264]
[3906769328, 3906769344]
[3906769440, 3906769472]
[3906769504, 3906769520]
[3906769584, 3906769600]
[3906769696, 3906769728]
[3906769760, 3906769776]
[3906769840, 3906769856]
[3906769952, 3906769984]
[3906770016, 3906770032]
[3906770096, 3906770112]
[3906770208, 3906770240]
[3906770272, 3906770288]
[3906770352, 3906770368]
[3906770464, 3906770496]
[3906770528, 3906770544]
[3906770608, 3906770624]
[3906770720, 3906770752]
[3906770784, 3906770800]
[3906770864, 3906770880]
[3906770976, 3906771008]
[3906771040, 3906771056]
[3906771120, 3906771136]
[3906771232, 3906771264]
[3906771296, 3906771312]
[3906771376, 3906771392]
[3906771488, 3906771520]
[3906771552, 3906771568]
[3906771632, 3906771648]
[3906771744, 3906771776]
[3906771808, 3906771824]
[3906771888, 3906771904]
[3906772000, 3906772032]
[3906772064, 3906772080]
[3906772144, 3906772160]
[3906772256, 3906772288]
[3906772320, 3906772336]
[3906772400, 3906772416]
[3906772512, 3906772544]
[3906772576, 3906772592]
[3906772656, 3906772672]
[3906772768, 3906772800]
[3906772832, 3906772848]
[3906772912, 3906772928]
[3906773024, 3906773056]
[3906773088, 3906773104]
[3906773168, 3906773184]
[3906773280, 3906773312]
[3906773344, 3906773360]
[3906773424, 3906773440]
[3906773536, 3906773568]
[3906773600, 3906773616]
[3906773680, 3906773696]
[3906773792, 3906773824]
[3906773856, 3906773872]
[3906773936, 3906773952]
[3906774048, 3906774080]
[3906774112, 3906774128]
[3906774192, 3906774208]
[3906774304, 3906774336]
[3906774368, 3906774384]
[3906774448, 3906774464]
[3906774560, 3906774592]
[3906774624, 3906774640]
[3906774704, 3906774720]
[3906774816, 3906774848]
[3906774880, 3906774896]
[3906774960, 3906774976]
[3906775072, 3906775104]
[3906775136, 3906775152]
[3906775216, 3906775232]
[3906775328, 3906775360]
[3906775392, 3906775408]
[3906775472, 3906775488]
[3906775584, 3906775616]
[3906775648, 3906775664]
[3906775728, 3906775744]
[3906775840, 3906775872]
[3906775904, 3906775920]
[3906775984, 3906776000]
[3906776096, 3906776128]
[3906776160, 3906776176]
[3906776240, 3906776256]
[3906776352, 3906776384]
[3906776416, 3906776432]
[3906776496, 3906776512]
[3906776608, 3906776640]
[3906776672, 3906776688]
[3906776752, 3906776768]
[3906776864, 3906776896]
[3906776928, 3906776944]
[3906777008, 3906777024]
[3906777120, 3906777152]
[3906777184, 3906777200]
[3906777264, 3906777280]
[3906777376, 3906777408]
[3906777440, 3906777456]
[3906777520, 3906777536]
[3906777632, 3906777664]
[3906777696, 3906777712]
[3906777776, 3906777792]
[3906777888, 3906777920]
[3906777952, 3906777968]
[3906778032, 3906778048]
[3906778144, 3906778176]
[3906778208, 3906778224]
[3906778288, 3906778304]
[3906778400, 3906778432]
[3906778464, 3906778480]
[3906778544, 3906778560]
[3906778656, 3906778688]
[3906778720, 3906778736]
[3906778800, 3906778816]
[3906778912, 3906778944]
[3906778976, 3906778992]
[3906779056, 3906779072]
[3906779168, 3906779200]
[3906779232, 3906779248]
[3906779312, 3906779328]
[3906779424, 3906779456]
[3906779488, 3906779504]
[3906779568, 3906779584]
[3906779680, 3906779712]
[3906779744, 3906779760]
[3906779824, 3906779840]
[3906779936, 3906779968]
[3906780000, 3906780016]
[3906780080, 3906780096]
[3906780192, 3906780224]
[3906780256, 3906780272]
[3906780336, 3906780352]
[3906780448, 3906780480]
[3906780512, 3906780528]
[3906780592, 3906780608]
[3906780704, 3906780736]
[3906780768, 3906780784]
[3906780848, 3906780864]
[3906780960, 3906780992]
[3906781024, 3906781040]
[3906781104, 3906781120]
[3906781216, 3906781248]
[3906781280, 3906781296]
[3906781360, 3906781376]
[3906781472, 3906781504]
[3906781536, 3906781552]
[3906781616, 3906781632]
[3906781728, 3906781760]
[3906781792, 3906781808]
[3906781872, 3906781888]
[3906781984, 3906782016]
[3906782048, 3906782064]
[3906782128, 3906782144]
[3906782240, 3906782272]
[3906782304, 3906782320]
[3906782384, 3906782400]
[3906782496, 3906782528]
[3906782560, 3906782576]
[3906782640, 3906782656]
[3906782752, 3906782784]
[3906782816, 3906782832]
[3906782896, 3906782912]
[3906783008, 3906783040]
[3906783072, 3906783088]
[3906783152, 3906783168]
[3906783264, 3906783296]
[3906783328, 3906783344]
[3906783408, 3906783424]
[3906783520, 3906783552]
[3906783584, 3906783600]
[3906783664, 3906783680]
[3906783776, 3906783808]
[3906783840, 3906783856]
[3906783920, 3906783936]
[3906784032, 3906784064]
[3906784096, 3906784112]
[3906784176, 3906784192]
[3906784288, 3906784320]
[3906784352, 3906784368]
[3906784432, 3906784448]
[3906784544, 3906784576]
[3906784608, 3906784624]
[3906784688, 3906784704]
[3906784800, 3906784832]
[3906784864, 3906784880]
[3906784944, 3906784960]
[3906785056, 3906785088]
[3906785120, 3906785136]
[3906785200, 3906785216]
[3906785312, 3906785344]
[3906785376, 3906785392]
[3906785456, 3906785472]
[3906785568, 3906785600]
[3906785632, 3906785648]
[3906785712, 3906785728]
[3906785824, 3906785856]
[3906785888, 3906785904]
[3906785968, 3906785984]
[3906786080, 3906786112]
[3906786144, 3906786160]
[3906786224, 3906786240]
[3906786336, 3906786368]
[3906786400, 3906786416]
[3906786480, 3906786496]
[3906786592, 3906786624]
[3906786656, 3906786672]
[3906786736, 3906786752]
[3906786848, 3906786880]
[3906786912, 3906786928]
[3906786992, 3906787008]
[3906787104, 3906787136]
[3906787168, 3906787184]
[3906787248, 3906787264]
[3906787360, 3906787392]
[3906787424, 3906787440]
[3906787504, 3906787520]
[3906787616, 3906787648]
[3906787680, 3906787696]
[3906787760, 3906787776]
[3906787872, 3906787904]
[3906787936, 3906787952]
[3906788016, 3906788032]
[3906788128, 3906788160]
[3906788192, 3906788208]
[3906788272, 3906788288]
[3906788384, 3906788416]
[3906788448, 3906788464]
[3906788528, 3906788544]
[3906788640, 3906788672]
[3906788704, 3906788720]
[3906788784, 3906788800]
[3906788896, 3906788928]
[3906788960, 3906788976]
[3906789040, 3906789056]
[3906789152, 3906789184]
[3906789216, 3906789232]
[3906789296, 3906789312]
[3906789408, 3906789440]
[3906789472, 3906789488]
[3906789552, 3906789568]
[3906789664, 3906789696]
[3906789728, 3906789744]
[3906789808, 3906789824]
[3906789920, 3906789952]
[3906789984, 3906790000]
[3906790064, 3906790080]
[3906790176, 3906790208]
[3906790240, 3906790256]
[3906790320, 3906790336]
[3906790432, 3906790464]
[3906790496, 3906790512]
[3906790576, 3906790592]
[3906790688, 3906790720]
[3906790752, 3906790768]
[3906790832, 3906790848]
[3906790944, 3906790976]
[3906791008, 3906791024]
[3906791088, 3906791104]
[3906791200, 3906791232]
[3906791264, 3906791280]
[3906791344, 3906791360]
[3906791456, 3906791488]
[3906791520, 3906791536]
[3906791600, 3906791616]
[3906791712, 3906791744]
[3906791776, 3906791792]
[3906791856, 3906791872]
[3906791968, 3906792000]
[3906792032, 3906792048]
[3906792112, 3906792128]
[3906792224, 3906792256]
[3906792288, 3906792304]
[3906792368, 3906792384]
[3906792480, 3906792512]
[3906792544, 3906792560]
[3906792624, 3906792640]
[3906792736, 3906792768]
[3906792800, 3906792816]
[3906792880, 3906792896]
[3906792992, 3906793024]
[3906793056, 3906793072]
[3906793136, 3906793152]
[3906793248, 3906793280]
[3906793312, 3906793328]
[3906793392, 3906793408]
[3906793504, 3906793536]
[3906793568, 3906793584]
[3906793648, 3906793664]
[3906793760, 3906793792]
[3906793824, 3906793840]
[3906793904, 3906793920]
[3906794016, 3906794048]
[3906794080, 3906794096]
[3906794160, 3906794176]
[3906794272, 3906794304]
[3906794336, 3906794352]
[3906794416, 3906794432]
[3906794528, 3906794560]
[3906794592, 3906794608]
[3906794672, 3906794688]
[3906794784, 3906794816]
[3906794848, 3906794864]
[3906794928, 3906794944]
[3906795040, 3906795072]
[3906795104, 3906795120]
[3906795184, 3906795200]
[3906795296, 3906795328]
[3906795360, 3906795376]
[3906795440, 3906795456]
[3906795552, 3906795584]
[3906795616, 3906795632]
[3906795696, 3906795712]
[3906795808, 3906795840]
[3906795872, 3906795888]
[3906795952, 3906795968]
[3906796064, 3906796096]
[3906796128, 3906796144]
[3906796208, 3906796224]
[3906796320, 3906796352]
[3906796384, 3906796400]
[3906796464, 3906796480]
[3906796576, 3906796608]
[3906796640, 3906796656]
[3906796720, 3906796736]
[3906796832, 3906796864]
[3906796896, 3906796912]
[3906796976, 3906796992]
[3906797088, 3906797120]
[3906797152, 3906797168]
[3906797232, 3906797248]
[3906797344, 3906797376]
[3906797408, 3906797424]
[3906797488, 3906797504]
[3906797600, 3906797632]
[3906797664, 3906797680]
[3906797744, 3906797760]
[3906797856, 3906797888]
[3906797920, 3906797936]
[3906798000, 3906798016]
[3906798112, 3906798144]
[3906798176, 3906798192]
[3906798256, 3906798272]
[3906798368, 3906798400]
[3906798432, 3906798448]
[3906798512, 3906798528]
[3906798624, 3906798656]
[3906798688, 3906798704]
[3906798768, 3906798784]
[3906798880, 3906798912]
[3906798944, 3906798960]
[3906799024, 3906799040]
[3906799136, 3906799168]
[3906799200, 3906799216]
[3906799280, 3906799296]
[3906799392, 3906799424]
[3906799456, 3906799472]
[3906799536, 3906799552]
[3906799648, 3906799680]
[3906799712, 3906799728]
[3906799792, 3906799808]
[3906799904, 3906799936]
[3906799968, 3906799984]
[3906800048, 3906800064]
[3906800160, 3906800192]
[3906800224, 3906800240]
[3906800304, 3906800320]
[3906800416, 3906800448]
[3906800480, 3906800496]
[3906800560, 3906800576]
[3906800672, 3906800704]
[3906800736, 3906800752]
[3906800816, 3906800832]
[3906800928, 3906800960]
[3906800992, 3906801008]
[3906801072, 3906801088]
[3906801184, 3906801216]
[3906801248, 3906801264]
[3906801328, 3906801344]
[3906801440, 3906801472]
[3906801504, 3906801520]
[3906801584, 3906801600]
[3906801696, 3906801728]
[3906801760, 3906801776]
[3906801840, 3906801856]
[3906801952, 3906801984]
[3906802016, 3906802032]
[3906802096, 3906802112]
[3906802208, 3906802240]
[3906802272, 3906802288]
[3906802352, 3906802368]
[3906802464, 3906802496]
[3906802528, 3906802544]
[3906802608, 3906802624]
[3906802720, 3906802752]
[3906802784, 3906802800]
[3906802864, 3906802880]
[3906802976, 3906803008]
[3906803040, 3906803056]
[3906803120, 3906803136]
[3906803232, 3906803264]
[3906803296, 3906803312]
[3906803376, 3906803392]
[3906803488, 3906803520]
[3906803552, 3906803568]
[3906803632, 3906803648]
[3906803744, 3906803776]
[3906803808, 3906803824]
[3906803888, 3906803904]
[3906804000, 3906804032]
[3906804064, 3906804080]
[3906804144, 3906804160]
[3906804256, 3906804288]
[3906804320, 3906804336]
[3906804400, 3906804416]
[3906804512, 3906804544]
[3906804576, 3906804592]
[3906804656, 3906804672]
[3906804768, 3906804800]
[3906804832, 3906804848]
[3906804912, 3906804928]
[3906805024, 3906805056]
[3906805088, 3906805104]
[3906805168, 3906805184]
[3906805280, 3906805312]
[3906805344, 3906805360]
[3906805424, 3906805440]
[3906805536, 3906805568]
[3906805600, 3906805616]
[3906805680, 3906805696]
[3906805792, 3906805824]
[3906805856, 3906805872]
[3906805936, 3906805952]
[3906806048, 3906806080]
[3906806112, 3906806128]
[3906806192, 3906806208]
[3906806304, 3906806336]
[3906806368, 3906806384]
[3906806448, 3906806464]
[3906806560, 3906806592]
[3906806624, 3906806640]
[3906806704, 3906806720]
[3906806816, 3906806848]
[3906806880, 3906806896]
[3906806960, 3906806976]
[3906807072, 3906807104]
[3906807136, 3906807152]
[3906807216, 3906807232]
[3906807328, 3906807360]
[3906807392, 3906807408]
[3906807472, 3906807488]
[3906807584, 3906807616]
[3906807648, 3906807664]
[3906807728, 3906807744]
[3906807840, 3906807872]
[3906807904, 3906807920]
[3906807984, 3906808000]
[3906808096, 3906808128]
[3906808160, 3906808176]
[3906808240, 3906808256]
[3906808352, 3906808384]
[3906808416, 3906808432]
[3906808496, 3906808512]
[3906808608, 3906808640]
[3906808672, 3906808688]
[3906808752, 3906808768]
[3906808864, 3906808896]
[3906808928, 3906808944]
[3906809008, 3906809024]
[3906809120, 3906809152]
[3906809184, 3906809200]
[3906809264, 3906809280]
[3906809376, 3906809408]
[3906809440, 3906809456]
[3906809520, 3906809536]
[3906809632, 3906809664]
[3906809696, 3906809712]
[3906809776, 3906809792]
[3906809888, 3906809920]
[3906809952, 3906809968]
[3906810032, 3906810048]
[3906810144, 3906810176]
[3906810208, 3906810224]
[3906810288, 3906810304]
[3906810400, 3906810432]
[3906810464, 3906810480]
[3906810544, 3906810560]
[3906810656, 3906810688]
[3906810720, 3906810736]
[3906810800, 3906810816]
[3906810912, 3906810944]
[3906810976, 3906810992]
[3906811056, 3906811072]
[3906811168, 3906811200]
[3906811232, 3906811248]
[3906811312, 3906811328]
[3906811424, 3906811456]
[3906811488, 3906811504]
[3906811568, 3906811584]
[3906811680, 3906811712]
[3906811744, 3906811760]
[3906811824, 3906811840]
[3906811936, 3906811968]
[3906812000, 3906812016]
[3906812080, 3906812096]
[3906812192, 3906812224]
[3906812256, 3906812272]
[3906812336, 3906812352]
[3906812448, 3906812480]
[3906812512, 3906812528]
[3906812592, 3906812608]
[3906812704, 3906812736]
[3906812768, 3906812784]
[3906812848, 3906812864]
[3906812960, 3906812992]
[3906813024, 3906813040]
[3906813104, 3906813120]
[3906813216, 3906813248]
[3906813280, 3906813296]
[3906813360, 3906813376]
[3906813472, 3906813504]
[3906813536, 3906813552]
[3906813616, 3906813632]
[3906813728, 3906813760]
[3906813792, 3906813808]
[3906813872, 3906813888]
[3906813984, 3906814016]
[3906814048, 3906814064]
[3906814128, 3906814144]
[3906814240, 3906814272]
[3906814304, 3906814320]
[3906814384, 3906814400]
[3906814496, 3906814528]
[3906814560, 3906814576]
[3906814640, 3906814656]
[3906814752, 3906814784]
[3906814816, 3906814832]
[3906814896, 3906814912]
[3906815008, 3906815040]
[3906815072, 3906815088]
[3906815152, 3906815168]
[3906815264, 3906815296]
[3906815328, 3906815344]
[3906815408, 3906815424]
[3906815520, 3906815552]
[3906815584, 3906815600]
[3906815664, 3906815680]
[3906815776, 3906815808]
[3906815840, 3906815856]
[3906815920, 3906815936]
[3906816032, 3906816064]
[3906816096, 3906816112]
[3906816176, 3906816192]
[3906816288, 3906816320]
[3906816352, 3906816368]
[3906816432, 3906816448]
[3906816544, 3906816576]
[3906816608, 3906816624]
[3906816688, 3906816704]
[3906816800, 3906816832]
[3906816864, 3906816880]
[3906816944, 3906816960]
[3906817056, 3906817088]
[3906817120, 3906817136]
[3906817200, 3906817216]
[3906817312, 3906817344]
[3906817376, 3906817392]
[3906817456, 3906817472]
[3906817568, 3906817600]
[3906817632, 3906817648]
[3906817712, 3906817728]
[3906817824, 3906817856]
[3906817888, 3906817904]
[3906817968, 3906817984]
[3906818080, 3906818112]
[3906818144, 3906818160]
[3906818224, 3906818240]
[3906818336, 3906818368]
[3906818400, 3906818416]
[3906818480, 3906818496]
[3906818592, 3906818624]
[3906818656, 3906818672]
[3906818736, 3906818752]
[3906818848, 3906818880]
[3906818912, 3906818928]
[3906818992, 3906819008]
[3906819104, 3906819136]
[3906819168, 3906819184]
[3906819248, 3906819264]
[3906819360, 3906819392]
[3906819424, 3906819440]
[3906819504, 3906819520]
[3906819616, 3906819648]
[3906819680, 3906819696]
[3906819760, 3906819776]
[3906819872, 3906819904]
[3906819936, 3906819952]
[3906820016, 3906820032]
[3906820128, 3906820160]
[3906820192, 3906820208]
[3906820272, 3906820288]
[3906820384, 3906820416]
[3906820448, 3906820464]
[3906820528, 3906820544]
[3906820640, 3906820672]
[3906820704, 3906820720]
[3906820784, 3906820800]
[3906820896, 3906820928]
[3906820960, 3906820976]
[3906821040, 3906821056]
[3906821152, 3906821184]
[3906821216, 3906821232]
[3906821296, 3906821312]
[3906821408, 3906821440]
[3906821472, 3906821488]
[3906821552, 3906821568]
[3906821664, 3906821696]
[3906821728, 3906821744]
[3906821808, 3906821824]
[3906821920, 3906821952]
[3906821984, 3906822000]
[3906822064, 3906822080]
[3906822176, 3906822208]
[3906822240, 3906822256]
[3906822320, 3906822336]
[3906822432, 3906822464]
[3906822496, 3906822512]
[3906822576, 3906822592]
[3906822688, 3906822720]
[3906822752, 3906822768]
[3906822832, 3906822848]
[3906822944, 3906822976]
[3906823008, 3906823024]
[3906823088, 3906823104]
[3906823200, 3906823232]
[3906823264, 3906823280]
[3906823344, 3906823360]
[3906823456, 3906823488]
[3906823520, 3906823536]
[3906823600, 3906823616]
[3906823712, 3906823744]
[3906823776, 3906823792]
[3906823856, 3906823872]
[3906823968, 3906824000]
[3906824032, 3906824048]
[3906824112, 3906824128]
[3906824224, 3906824256]
[3906824288, 3906824304]
[3906824368, 3906824384]
[3906824480, 3906824512]
[3906824544, 3906824560]
[3906824624, 3906824640]
[3906824736, 3906824768]
[3906824800, 3906824816]
[3906824880, 3906824896]
[3906824992, 3906825024]
[3906825056, 3906825072]
[3906825136, 3906825152]
[3906825248, 3906825280]
[3906825312, 3906825328]
[3906825392, 3906825408]
[3906825504, 3906825536]
[3906825568, 3906825584]
[3906825648, 3906825664]
[3906825760, 3906825792]
[3906825824, 3906825840]
[3906825904, 3906825920]
[3906826016, 3906826048]
[3906826080, 3906826096]
[3906826160, 3906826176]
[3906826272, 3906826304]
[3906826336, 3906826352]
[3906826416, 3906826432]
[3906826528, 3906826560]
[3906826592, 3906826608]
[3906826672, 3906826688]
[3906826784, 3906826816]
[3906826848, 3906826864]
[3906826928, 3906826944]
[3906827040, 3906827072]
[3906827104, 3906827120]
[3906827184, 3906827200]
[3906827296, 3906827328]
[3906827360, 3906827376]
[3906827440, 3906827456]
[3906827552, 3906827584]
[3906827616, 3906827632]
[3906827696, 3906827712]
[3906827808, 3906827840]
[3906827872, 3906827888]
[3906827952, 3906827968]
[3906828064, 3906828096]
[3906828128, 3906828144]
[3906828208, 3906828224]
[3906828320, 3906828352]
[3906828384, 3906828400]
[3906828464, 3906828480]
[3906828576, 3906828608]
[3906828640, 3906828656]
[3906828720, 3906828736]
[3906828832, 3906828864]
[3906828896, 3906828912]
[3906828976, 3906828992]
[3906829088, 3906829120]
[3906829152, 3906829168]
[3906829232, 3906829248]
[3906829344, 3906829376]
[3906829408, 3906829424]
[3906829488, 3906829504]
[3906829600, 3906829632]
[3906829664, 3906829680]
[3906829744, 3906829760]
[3906829856, 3906829888]
[3906829920, 3906829936]
[3906830000, 3906830016]
[3906830112, 3906830144]
[3906830176, 3906830192]
[3906830256, 3906830272]
[3906830368, 3906830400]
[3906830432, 3906830448]
[3906830512, 3906830528]
[3906830624, 3906830656]
[3906830688, 3906830704]
[3906830768, 3906830784]
[3906830880, 3906830912]
[3906830944, 3906830960]
[3906831024, 3906831040]
[3906831136, 3906831168]
[3906831200, 3906831216]
[3906831280, 3906831296]
[3906831392, 3906831424]
[3906831456, 3906831472]
[3906831536, 3906831552]
[3906831648, 3906831680]
[3906831712, 3906831728]
[3906831792, 3906831808]
[3906831904, 3906831936]
[3906831968, 3906831984]
[3906832048, 3906832064]
[3906832160, 3906832192]
[3906832224, 3906832240]
[3906832304, 3906832320]
[3906832416, 3906832448]
[3906832480, 3906832496]
[3906832560, 3906832576]
[3906832672, 3906832704]
[3906832736, 3906832752]
[3906832816, 3906832832]
[3906832928, 3906832960]
[3906832992, 3906833008]
[3906833072, 3906833088]
[3906833184, 3906833216]
[3906833248, 3906833264]
[3906833328, 3906833344]
[3906833440, 3906833472]
[3906833504, 3906833520]
[3906833584, 3906833600]
[3906833696, 3906833728]
[3906833760, 3906833776]
[3906833840, 3906833856]
[3906833952, 3906833984]
[3906834016, 3906834032]
[3906834096, 3906834112]
[3906834208, 3906834240]
[3906834272, 3906834288]
[3906834352, 3906834368]
[3906834464, 3906834496]
[3906834528, 3906834544]
[3906834608, 3906834624]
[3906834720, 3906834752]
[3906834784, 3906834800]
[3906834864, 3906834880]
[3906834976, 3906835008]
[3906835040, 3906835056]
[3906835120, 3906835136]
[3906835232, 3906835264]
[3906835296, 3906835312]
[3906835376, 3906835392]
[3906835488, 3906835520]
[3906835552, 3906835568]
[3906835632, 3906835648]
[3906835744, 3906835776]
[3906835808, 3906835824]
[3906835888, 3906835904]
[3906836000, 3906836032]
[3906836064, 3906836080]
[3906836144, 3906836160]
[3906836256, 3906836288]
[3906836320, 3906836336]
[3906836400, 3906836416]
[3906836512, 3906836544]
[3906836576, 3906836592]
[3906836656, 3906836672]
[3906836768, 3906836800]
[3906836832, 3906836848]
[3906836912, 3906836928]
[3906837024, 3906837056]
[3906837088, 3906837104]
[3906837168, 3906837184]
[3906837280, 3906837312]
[3906837344, 3906837360]
[3906837424, 3906837440]
[3906837536, 3906837568]
[3906837600, 3906837616]
[3906837680, 3906837696]
[3906837792, 3906837824]
[3906837856, 3906837872]
[3906837936, 3906837952]
[3906838048, 3906838080]
[3906838112, 3906838128]
[3906838192, 3906838208]
[3906838304, 3906838336]
[3906838368, 3906838384]
[3906838448, 3906838464]
[3906838560, 3906838592]
[3906838624, 3906838640]
[3906838704, 3906838720]
[3906838816, 3906838848]
[3906838880, 3906838896]
[3906838960, 3906838976]
[3906839072, 3906839104]
[3906839136, 3906839152]
[3906839216, 3906839232]
[3906839328, 3906839360]
[3906839392, 3906839408]
[3906839472, 3906839488]
[3906839584, 3906839616]
[3906839648, 3906839664]
[3906839728, 3906839744]
[3906839840, 3906839872]
[3906839904, 3906839920]
[3906839984, 3906840000]
[3906840096, 3906840128]
[3906840160, 3906840176]
[3906840240, 3906840256]
[3906840352, 3906840384]
[3906840416, 3906840432]
[3906840496, 3906840512]
[3906840608, 3906840640]
[3906840672, 3906840688]
[3906840752, 3906840768]
[3906840864, 3906840896]
[3906840928, 3906840944]
[3906841008, 3906841024]
[3906841120, 3906841152]
[3906841184, 3906841200]
[3906841264, 3906841280]
[3906841376, 3906841408]
[3906841440, 3906841456]
[3906841520, 3906841536]
[3906841632, 3906841664]
[3906841696, 3906841712]
[3906841776, 3906841792]
[3906841888, 3906841920]
[3906841952, 3906841968]
[3906842032, 3906842048]
[3906842144, 3906842176]
[3906842208, 3906842224]
[3906842288, 3906842304]
[3906842400, 3906842432]
[3906842464, 3906842480]
[3906842544, 3906842560]
[3906842656, 3906842688]
[3906842720, 3906842736]
[3906842800, 3906842816]
[3906842912, 3906842944]
[3906842976, 3906842992]
[3906843056, 3906843072]
[3906843168, 3906843200]
[3906843232, 3906843248]
[3906843312, 3906843328]
[3906843424, 3906843456]
[3906843488, 3906843504]
[3906843568, 3906843584]
[3906843680, 3906843712]
[3906843744, 3906843760]
[3906843824, 3906843840]
[3906843936, 3906843968]
[3906844000, 3906844016]
[3906844080, 3906844096]
[3906844192, 3906844224]
[3906844256, 3906844272]
[3906844336, 3906844352]
[3906844448, 3906844480]
[3906844512, 3906844528]
[3906844592, 3906844608]
[3906844704, 3906844736]
[3906844768, 3906844784]
[3906844848, 3906844864]
[3906844960, 3906844992]
[3906845024, 3906845040]
[3906845104, 3906845120]
[3906845216, 3906845248]
[3906845280, 3906845296]
[3906845360, 3906845376]
[3906845472, 3906845504]
[3906845536, 3906845552]
[3906845616, 3906845632]
[3906845728, 3906845760]
[3906845792, 3906845808]
[3906845872, 3906845888]
[3906845984, 3906846016]
[3906846048, 3906846064]
[3906846128, 3906846144]
[3906846240, 3906846272]
[3906846304, 3906846320]
[3906846384, 3906846400]
[3906846496, 3906846528]
[3906846560, 3906846576]
[3906846640, 3906846656]
[3906846752, 3906846784]
[3906846816, 3906846832]
[3906846896, 3906846912]
[3906847008, 3906847040]
[3906847072, 3906847088]
[3906847152, 3906847168]
[3906847264, 3906847296]
[3906847328, 3906847344]
[3906847408, 3906847424]
[3906847520, 3906847552]
[3906847584, 3906847600]
[3906847664, 3906847680]
[3906847776, 3906847808]
[3906847840, 3906847856]
[3906847920, 3906847936]
[3906848032, 3906848064]
[3906848096, 3906848112]
[3906848176, 3906848192]
[3906848288, 3906848320]
[3906848352, 3906848368]
[3906848432, 3906848448]
[3906848544, 3906848576]
[3906848608, 3906848624]
[3906848688, 3906848704]
[3906848800, 3906848832]
[3906848864, 3906848880]
[3906848944, 3906848960]
[3906849056, 3906849088]
[3906849120, 3906849136]
[3906849200, 3906849216]
[3906849312, 3906849344]
[3906849376, 3906849392]
[3906849456, 3906849472]
[3906849568, 3906849600]
[3906849632, 3906849648]
[3906849712, 3906849728]
[3906849824, 3906849856]
[3906849888, 3906849904]
[3906849968, 3906849984]
[3906850080, 3906850112]
[3906850144, 3906850160]
[3906850224, 3906850240]
[3906850336, 3906850368]
[3906850400, 3906850416]
[3906850480, 3906850496]
[3906850592, 3906850624]
[3906850656, 3906850672]
[3906850736, 3906850752]
[3906850848, 3906850880]
[3906850912, 3906850928]
[3906850992, 3906851008]
[3906851104, 3906851136]
[3906851168, 3906851184]
[3906851248, 3906851264]
[3906851360, 3906851392]
[3906851424, 3906851440]
[3906851504, 3906851520]
[3906851616, 3906851648]
[3906851680, 3906851696]
[3906851760, 3906851776]
[3906851872, 3906851904]
[3906851936, 3906851952]
[3906852016, 3906852032]
[3906852128, 3906852160]
[3906852192, 3906852208]
[3906852272, 3906852288]
[3906852384, 3906852416]
[3906852448, 3906852464]
[3906852528, 3906852544]
[3906852640, 3906852672]
[3906852704, 3906852720]
[3906852784, 3906852800]
[3906852896, 3906852928]
[3906852960, 3906852976]
[3906853040, 3906853056]
[3906853152, 3906853184]
[3906853216, 3906853232]
[3906853296, 3906853312]
[3906853408, 3906853440]
[3906853472, 3906853488]
[3906853552, 3906853568]
[3906853664, 3906853696]
[3906853728, 3906853744]
[3906853808, 3906853824]
[3906853920, 3906853952]
[3906853984, 3906854000]
[3906854064, 3906854080]
[3906854176, 3906854208]
[3906854240, 3906854256]
[3906854320, 3906854336]
[3906854432, 3906854464]
[3906854496, 3906854512]
[3906854576, 3906854592]
[3906854688, 3906854720]
[3906854752, 3906854768]
[3906854832, 3906854848]
[3906854944, 3906854976]
[3906855008, 3906855024]
[3906855088, 3906855104]
[3906855200, 3906855232]
[3906855264, 3906855280]
[3906855344, 3906855360]
[3906855456, 3906855488]
[3906855520, 3906855536]
[3906855600, 3906855616]
[3906855712, 3906855744]
[3906855776, 3906855792]
[3906855856, 3906855872]
[3906855968, 3906856000]
[3906856032, 3906856048]
[3906856112, 3906856128]
[3906856224, 3906856256]
[3906856288, 3906856304]
[3906856368, 3906856384]
[3906856480, 3906856512]
[3906856544, 3906856560]
[3906856624, 3906856640]
[3906856736, 3906856768]
[3906856800, 3906856816]
[3906856880, 3906856896]
[3906856992, 3906857024]
[3906857056, 3906857072]
[3906857136, 3906857152]
[3906857248, 3906857280]
[3906857312, 3906857328]
[3906857392, 3906857408]
[3906857504, 3906857536]
[3906857568, 3906857584]
[3906857648, 3906857664]
[3906857760, 3906857792]
[3906857824, 3906857840]
[3906857904, 3906857920]
[3906858016, 3906858048]
[3906858080, 3906858096]
[3906858160, 3906858176]
[3906858272, 3906858304]
[3906858336, 3906858352]
[3906858416, 3906858432]
[3906858528, 3906858560]
[3906858592, 3906858608]
[3906858672, 3906858688]
[3906858784, 3906858816]
[3906858848, 3906858864]
[3906858928, 3906858944]
[3906859040, 3906859072]
[3906859104, 3906859120]
[3906859184, 3906859200]
[3906859296, 3906859328]
[3906859360, 3906859376]
[3906859440, 3906859456]
[3906859552, 3906859584]
[3906859616, 3906859632]
[3906859696, 3906859712]
[3906859808, 3906859840]
[3906859872, 3906859888]
[3906859952, 3906859968]
[3906860064, 3906860096]
[3906860128, 3906860144]
[3906860208, 3906860224]
[3906860320, 3906860352]
[3906860384, 3906860400]
[3906860464, 3906860480]
[3906860576, 3906860608]
[3906860640, 3906860656]
[3906860720, 3906860736]
[3906860832, 3906860864]
[3906860896, 3906860912]
[3906860976, 3906860992]
[3906861088, 3906861120]
[3906861152, 3906861168]
[3906861232, 3906861248]
[3906861344, 3906861376]
[3906861408, 3906861424]
[3906861488, 3906861504]
[3906861600, 3906861632]
[3906861664, 3906861680]
[3906861744, 3906861760]
[3906861856, 3906861888]
[3906861920, 3906861936]
[3906862000, 3906862016]
[3906862112, 3906862144]
[3906862176, 3906862192]
[3906862256, 3906862272]
[3906862368, 3906862400]
[3906862432, 3906862448]
[3906862512, 3906862528]
[3906862624, 3906862656]
[3906862688, 3906862704]
[3906862768, 3906862784]
[3906862880, 3906862912]
[3906862944, 3906862960]
[3906863024, 3906863040]
[3906863136, 3906863168]
[3906863200, 3906863216]
[3906863280, 3906863296]
[3906863392, 3906863424]
[3906863456, 3906863472]
[3906863536, 3906863552]
[3906863648, 3906863680]
[3906863712, 3906863728]
[3906863792, 3906863808]
[3906863904, 3906863936]
[3906863968, 3906863984]
[3906864048, 3906864064]
[3906864160, 3906864192]
[3906864224, 3906864240]
[3906864304, 3906864320]
[3906864416, 3906864448]
[3906864480, 3906864496]
[3906864560, 3906864576]
[3906864672, 3906864704]
[3906864736, 3906864752]
[3906864816, 3906864832]
[3906864928, 3906864960]
[3906864992, 3906865008]
[3906865072, 3906865088]
[3906865184, 3906865216]
[3906865248, 3906865264]
[3906865328, 3906865344]
[3906865440, 3906865472]
[3906865504, 3906865520]
[3906865584, 3906865600]
[3906865696, 3906865728]
[3906865760, 3906865776]
[3906865840, 3906865856]
[3906865952, 3906865984]
[3906866016, 3906866032]
[3906866096, 3906866112]
[3906866208, 3906866240]
[3906866272, 3906866288]
[3906866352, 3906866368]
[3906866464, 3906866496]
[3906866528, 3906866544]
[3906866608, 3906866624]
[3906866720, 3906866752]
[3906866784, 3906866800]
[3906866864, 3906866880]
[3906866976, 3906867008]
[3906867040, 3906867056]
[3906867120, 3906867136]
[3906867232, 3906867264]
[3906867296, 3906867312]
[3906867376, 3906867392]
[3906867488, 3906867520]
[3906867552, 3906867568]
[3906867632, 3906867648]
[3906867744, 3906867776]
[3906867808, 3906867824]
[3906867888, 3906867904]
[3906868000, 3906868032]
[3906868064, 3906868080]
[3906868144, 3906868160]
[3906868256, 3906868288]
[3906868320, 3906868336]
[3906868400, 3906868416]
[3906868512, 3906868544]
[3906868576, 3906868592]
[3906868656, 3906868672]
[3906868768, 3906868800]
[3906868832, 3906868848]
[3906868912, 3906868928]
[3906869024, 3906869056]
[3906869088, 3906869104]
[3906869168, 3906869184]
[3906869280, 3906869312]
[3906869344, 3906869360]
[3906869424, 3906869440]
[3906869536, 3906869568]
[3906869600, 3906869616]
[3906869680, 3906869696]
[3906869792, 3906869824]
[3906869856, 3906869872]
[3906869936, 3906869952]
[3906870048, 3906870080]
[3906870112, 3906870128]
[3906870192, 3906870208]
[3906870304, 3906870336]
[3906870368, 3906870384]
[3906870448, 3906870464]
[3906870560, 3906870592]
[3906870624, 3906870640]
[3906870704, 3906870720]
[3906870816, 3906870848]
[3906870880, 3906870896]
[3906870960, 3906870976]
[3906871072, 3906871104]
[3906871136, 3906871152]
[3906871216, 3906871232]
[3906871328, 3906871360]
[3906871392, 3906871408]
[3906871472, 3906871488]
[3906871584, 3906871616]
[3906871648, 3906871664]
[3906871728, 3906871744]
[3906871840, 3906871872]
[3906871904, 3906871920]
[3906871984, 3906872000]
[3906872096, 3906872128]
[3906872160, 3906872176]
[3906872240, 3906872256]
[3906872352, 3906872384]
[3906872416, 3906872432]
[3906872496, 3906872512]
[3906872608, 3906872640]
[3906872672, 3906872688]
[3906872752, 3906872768]
[3906872864, 3906872896]
[3906872928, 3906872944]
[3906873008, 3906873024]
[3906873120, 3906873152]
[3906873184, 3906873200]
[3906873264, 3906873280]
[3906873376, 3906873408]
[3906873440, 3906873456]
[3906873520, 3906873536]
[3906873632, 3906873664]
[3906873696, 3906873712]
[3906873776, 3906873792]
[3906873888, 3906873920]
[3906873952, 3906873968]
[3906874032, 3906874048]
[3906874144, 3906874176]
[3906874208, 3906874224]
[3906874288, 3906874304]
[3906874400, 3906874432]
[3906874464, 3906874480]
[3906874544, 3906874560]
[3906874656, 3906874688]
[3906874720, 3906874736]
[3906874800, 3906874816]
[3906874912, 3906874944]
[3906874976, 3906874992]
[3906875056, 3906875072]
[3906875168, 3906875200]
[3906875232, 3906875248]
[3906875312, 3906875328]
[3906875424, 3906875456]
[3906875488, 3906875504]
[3906875568, 3906875584]
[3906875680, 3906875712]
[3906875744, 3906875760]
[3906875824, 3906875840]
[3906875936, 3906875968]
[3906876000, 3906876016]
[3906876080, 3906876096]
[3906876192, 3906876224]
[3906876256, 3906876272]
[3906876336, 3906876352]
[3906876448, 3906876480]
[3906876512, 3906876528]
[3906876592, 3906876608]
[3906876704, 3906876736]
[3906876768, 3906876784]
[3906876848, 3906876864]
[3906876960, 3906876992]
[3906877024, 3906877040]
[3906877104, 3906877120]
[3906877216, 3906877248]
[3906877280, 3906877296]
[3906877360, 3906877376]
[3906877472, 3906877504]
[3906877536, 3906877552]
[3906877616, 3906877632]
[3906877728, 3906877760]
[3906877792, 3906877808]
[3906877872, 3906877888]
[3906877984, 3906878016]
[3906878048, 3906878064]
[3906878128, 3906878144]
[3906878240, 3906878272]
[3906878304, 3906878320]
[3906878384, 3906878400]
[3906878496, 3906878528]
[3906878560, 3906878576]
[3906878640, 3906878656]
[3906878752, 3906878784]
[3906878816, 3906878832]
[3906878896, 3906878912]
[3906879008, 3906879040]
[3906879072, 3906879088]
[3906879152, 3906879168]
[3906879264, 3906879296]
[3906879328, 3906879344]
[3906879408, 3906879424]
[3906879520, 3906879552]
[3906879584, 3906879600]
[3906879664, 3906879680]
[3906879776, 3906879808]
[3906879840, 3906879856]
[3906879920, 3906879936]
[3906880032, 3906880064]
[3906880096, 3906880112]
[3906880176, 3906880192]
[3906880288, 3906880320]
[3906880352, 3906880368]
[3906880432, 3906880448]
[3906880544, 3906880576]
[3906880608, 3906880624]
[3906880688, 3906880704]
[3906880800, 3906880832]
[3906880864, 3906880880]
[3906880944, 3906880960]
[3906881056, 3906881088]
[3906881120, 3906881136]
[3906881200, 3906881216]
[3906881312, 3906881344]
[3906881376, 3906881392]
[3906881456, 3906881472]
[3906881568, 3906881600]
[3906881632, 3906881648]
[3906881712, 3906881728]
[3906881824, 3906881856]
[3906881888, 3906881904]
[3906881968, 3906881984]
[3906882080, 3906882112]
[3906882144, 3906882160]
[3906882224, 3906882240]
[3906882336, 3906882368]
[3906882400, 3906882416]
[3906882480, 3906882496]
[3906882592, 3906882624]
[3906882656, 3906882672]
[3906882736, 3906882752]
[3906882848, 3906882880]
[3906882912, 3906882928]
[3906882992, 3906883008]
[3906883104, 3906883136]
[3906883168, 3906883184]
[3906883248, 3906883264]
[3906883360, 3906883392]
[3906883424, 3906883440]
[3906883504, 3906883520]
[3906883616, 3906883648]
[3906883680, 3906883696]
[3906883760, 3906883776]
[3906883872, 3906883904]
[3906883936, 3906883952]
[3906884016, 3906884032]
[3906884128, 3906884160]
[3906884192, 3906884208]
[3906884272, 3906884288]
[3906884384, 3906884416]
[3906884448, 3906884464]
[3906884528, 3906884544]
[3906884640, 3906884672]
[3906884704, 3906884720]
[3906884784, 3906884800]
[3906884896, 3906884928]
[3906884960, 3906884976]
[3906885040, 3906885056]
[3906885152, 3906885184]
[3906885216, 3906885232]
[3906885296, 3906885312]
[3906885408, 3906885440]
[3906885472, 3906885488]
[3906885552, 3906885568]
[3906885664, 3906885696]
[3906885728, 3906885744]
[3906885808, 3906885824]
[3906885920, 3906885952]
[3906885984, 3906886000]
[3906886064, 3906886080]
[3906886176, 3906886208]
[3906886240, 3906886256]
[3906886320, 3906886336]
[3906886432, 3906886464]
[3906886496, 3906886512]
[3906886576, 3906886592]
[3906886688, 3906886720]
[3906886752, 3906886768]
[3906886832, 3906886848]
[3906886944, 3906886976]
[3906887008, 3906887024]
[3906887088, 3906887104]
[3906887200, 3906887232]
[3906887264, 3906887280]
[3906887344, 3906887360]
[3906887456, 3906887488]
[3906887520, 3906887536]
[3906887600, 3906887616]
[3906887712, 3906887744]
[3906887776, 3906887792]
[3906887856, 3906887872]
[3906887968, 3906888000]
[3906888032, 3906888048]
[3906888112, 3906888128]
[3906888224, 3906888256]
[3906888288, 3906888304]
[3906888368, 3906888384]
[3906888480, 3906888512]
[3906888544, 3906888560]
[3906888624, 3906888640]
[3906888736, 3906888768]
[3906888800, 3906888816]
[3906888880, 3906888896]
[3906888992, 3906889024]
[3906889056, 3906889072]
[3906889136, 3906889152]
[3906889248, 3906889280]
[3906889312, 3906889328]
[3906889392, 3906889408]
[3906889504, 3906889536]
[3906889568, 3906889584]
[3906889648, 3906889664]
[3906889760, 3906889792]
[3906889824, 3906889840]
[3906889904, 3906889920]
[3906890016, 3906890048]
[3906890080, 3906890096]
[3906890160, 3906890176]
[3906890272, 3906890304]
[3906890336, 3906890352]
[3906890416, 3906890432]
[3906890528, 3906890560]
[3906890592, 3906890608]
[3906890672, 3906890688]
[3906890784, 3906890816]
[3906890848, 3906890864]
[3906890928, 3906890944]
[3906891040, 3906891072]
[3906891104, 3906891120]
[3906891184, 3906891200]
[3906891296, 3906891328]
[3906891360, 3906891376]
[3906891440, 3906891456]
[3906891552, 3906891584]
[3906891616, 3906891632]
[3906891696, 3906891712]
[3906891808, 3906891840]
[3906891872, 3906891888]
[3906891952, 3906891968]
[3906892064, 3906892096]
[3906892128, 3906892144]
[3906892208, 3906892224]
[3906892320, 3906892352]
[3906892384, 3906892400]
[3906892464, 3906892480]
[3906892576, 3906892608]
[3906892640, 3906892656]
[3906892720, 3906892736]
[3906892832, 3906892864]
[3906892896, 3906892912]
[3906892976, 3906892992]
[3906893088, 3906893120]
[3906893152, 3906893168]
[3906893232, 3906893248]
[3906893344, 3906893376]
[3906893408, 3906893424]
[3906893488, 3906893504]
[3906893600, 3906893632]
[3906893664, 3906893680]
[3906893744, 3906893760]
[3906893856, 3906893888]
[3906893920, 3906893936]
[3906894000, 3906894016]
[3906894112, 3906894144]
[3906894176, 3906894192]
[3906894256, 3906894272]
[3906894368, 3906894400]
[3906894432, 3906894448]
[3906894512, 3906894528]
[3906894624, 3906894656]
[3906894688, 3906894704]
[3906894768, 3906894784]
[3906894880, 3906894912]
[3906894944, 3906894960]
[3906895024, 3906895040]
[3906895136, 3906895168]
[3906895200, 3906895216]
[3906895280, 3906895296]
[3906895392, 3906895424]
[3906895456, 3906895472]
[3906895536, 3906895552]
[3906895648, 3906895680]
[3906895712, 3906895728]
[3906895792, 3906895808]
[3906895904, 3906895936]
[3906895968, 3906895984]
[3906896048, 3906896064]
[3906896160, 3906896192]
[3906896224, 3906896240]
[3906896304, 3906896320]
[3906896416, 3906896448]
[3906896480, 3906896496]
[3906896560, 3906896576]
[3906896672, 3906896704]
[3906896736, 3906896752]
[3906896816, 3906896832]
[3906896928, 3906896960]
[3906896992, 3906897008]
[3906897072, 3906897088]
[3906897184, 3906897216]
[3906897248, 3906897264]
[3906897328, 3906897344]
[3906897440, 3906897472]
[3906897504, 3906897520]
[3906897584, 3906897600]
[3906897696, 3906897728]
[3906897760, 3906897776]
[3906897840, 3906897856]
[3906897952, 3906897984]
[3906898016, 3906898032]
[3906898096, 3906898112]
[3906898208, 3906898240]
[3906898272, 3906898288]
[3906898352, 3906898368]
[3906898464, 3906898496]
[3906898528, 3906898544]
[3906898608, 3906898624]
[3906898720, 3906898752]
[3906898784, 3906898800]
[3906898864, 3906898880]
[3906898976, 3906899008]
[3906899040, 3906899056]
[3906899120, 3906899136]
[3906899232, 3906899264]
[3906899296, 3906899312]
[3906899376, 3906899392]
[3906899488, 3906899520]
[3906899552, 3906899568]
[3906899632, 3906899648]
[3906899744, 3906899776]
[3906899808, 3906899824]
[3906899888, 3906899904]
[3906900000, 3906900032]
[3906900064, 3906900080]
[3906900144, 3906900160]
[3906900256, 3906900288]
[3906900320, 3906900336]
[3906900400, 3906900416]
[3906900512, 3906900544]
[3906900576, 3906900592]
[3906900656, 3906900672]
[3906900768, 3906900800]
[3906900832, 3906900848]
[3906900912, 3906900928]
[3906901024, 3906901056]
[3906901088, 3906901104]
[3906901168, 3906901184]
[3906901280, 3906901312]
[3906901344, 3906901360]
[3906901424, 3906901440]
[3906901536, 3906901568]
[3906901600, 3906901616]
[3906901680, 3906901696]
[3906901792, 3906901824]
[3906901856, 3906901872]
[3906901936, 3906901952]
[3906902048, 3906902080]
[3906902112, 3906902128]
[3906902192, 3906902208]
[3906902304, 3906902336]
[3906902368, 3906902384]
[3906902448, 3906902464]
[3906902560, 3906902592]
[3906902624, 3906902640]
[3906902704, 3906902720]
[3906902816, 3906902848]
[3906902880, 3906902896]
[3906902960, 3906902976]
[3906903072, 3906903104]
[3906903136, 3906903152]
[3906903216, 3906903232]
[3906903328, 3906903360]
[3906903392, 3906903408]
[3906903472, 3906903488]
[3906903584, 3906903616]
[3906903648, 3906903664]
[3906903728, 3906903744]
[3906903840, 3906903872]
[3906903904, 3906903920]
[3906903984, 3906904000]
[3906904096, 3906904128]
[3906904160, 3906904176]
[3906904240, 3906904256]
[3906904352, 3906904384]
[3906904416, 3906904432]
[3906904496, 3906904512]
[3906904608, 3906904640]
[3906904672, 3906904688]
[3906904752, 3906904768]
[3906904864, 3906904896]
[3906904928, 3906904944]
[3906905008, 3906905024]
[3906905120, 3906905152]
[3906905184, 3906905200]
[3906905264, 3906905280]
[3906905376, 3906905408]
[3906905440, 3906905456]
[3906905520, 3906905536]
[3906905632, 3906905664]
[3906905696, 3906905712]
[3906905776, 3906905792]
[3906905888, 3906905920]
[3906905952, 3906905968]
[3906906032, 3906906048]
[3906906144, 3906906176]
[3906906208, 3906906224]
[3906906288, 3906906304]
[3906906400, 3906906432]
[3906906464, 3906906480]
[3906906544, 3906906560]
[3906906656, 3906906688]
[3906906720, 3906906736]
[3906906800, 3906906816]
[3906906912, 3906906944]
[3906906976, 3906906992]
[3906907056, 3906907072]
[3906907168, 3906907200]
[3906907232, 3906907248]
[3906907312, 3906907328]
[3906907424, 3906907456]
[3906907488, 3906907504]
[3906907568, 3906907584]
[3906907680, 3906907712]
[3906907744, 3906907760]
[3906907824, 3906907840]
[3906907936, 3906907968]
[3906908000, 3906908016]
[3906908080, 3906908096]
[3906908192, 3906908224]
[3906908256, 3906908272]
[3906908336, 3906908352]
[3906908448, 3906908480]
[3906908512, 3906908528]
[3906908592, 3906908608]
[3906908704, 3906908736]
[3906908768, 3906908784]
[3906908848, 3906908864]
[3906908960, 3906908992]
[3906909024, 3906909040]
[3906909104, 3906909120]
[3906909216, 3906909248]
[3906909280, 3906909296]
[3906909360, 3906909376]
[3906909472, 3906909504]
[3906909536, 3906909552]
[3906909616, 3906909632]
[3906909728, 3906909760]
[3906909792, 3906909808]
[3906909872, 3906909888]
[3906909984, 3906910016]
[3906910048, 3906910064]
[3906910128, 3906910144]
[3906910240, 3906910272]
[3906910304, 3906910320]
[3906910384, 3906910400]
[3906910496, 3906910528]
[3906910560, 3906910576]
[3906910640, 3906910656]
[3906910752, 3906910784]
[3906910816, 3906910832]
[3906910896, 3906910912]
[3906911008, 3906911040]
[3906911072, 3906911088]
[3906911152, 3906911168]
[3906911264, 3906911296]
[3906911328, 3906911344]
[3906911408, 3906911424]
[3906911520, 3906911552]
[3906911584, 3906911600]
[3906911664, 3906911680]
[3906911776, 3906911808]
[3906911840, 3906911856]
[3906911920, 3906911936]
[3906912032, 3906912064]
[3906912096, 3906912112]
[3906912176, 3906912192]
[3906912288, 3906912320]
[3906912352, 3906912368]
[3906912432, 3906912448]
[3906912544, 3906912576]
[3906912608, 3906912624]
[3906912688, 3906912704]
[3906912800, 3906912832]
[3906912864, 3906912880]
[3906912944, 3906912960]
[3906913056, 3906913088]
[3906913120, 3906913136]
[3906913200, 3906913216]
[3906913312, 3906913344]
[3906913376, 3906913392]
[3906913456, 3906913472]
[3906913568, 3906913600]
[3906913632, 3906913648]
[3906913712, 3906913728]
[3906913824, 3906913856]
[3906913888, 3906913904]
[3906913968, 3906913984]
[3906914080, 3906914112]
[3906914144, 3906914160]
[3906914224, 3906914240]
[3906914336, 3906914368]
[3906914400, 3906914416]
[3906914480, 3906914496]
[3906914592, 3906914624]
[3906914656, 3906914672]
[3906914736, 3906914752]
[3906914848, 3906914880]
[3906914912, 3906914928]
[3906914992, 3906915008]
[3906915104, 3906915136]
[3906915168, 3906915184]
[3906915248, 3906915264]
[3906915360, 3906915392]
[3906915424, 3906915440]
[3906915504, 3906915520]
[3906915616, 3906915648]
[3906915680, 3906915696]
[3906915760, 3906915776]
[3906915872, 3906915904]
[3906915936, 3906915952]
[3906916016, 3906916032]
[3906916128, 3906916160]
[3906916192, 3906916208]
[3906916272, 3906916288]
[3906916384, 3906916416]
[3906916448, 3906916464]
[3906916528, 3906916544]
[3906916640, 3906916672]
[3906916704, 3906916720]
[3906916784, 3906916800]
[3906916896, 3906916928]
[3906916960, 3906916976]
[3906917040, 3906917056]
[3906917152, 3906917184]
[3906917216, 3906917232]
[3906917296, 3906917312]
[3906917408, 3906917440]
[3906917472, 3906917488]
[3906917552, 3906917568]
[3906917664, 3906917696]
[3906917728, 3906917744]
[3906917808, 3906917824]
[3906917920, 3906917952]
[3906917984, 3906918000]
[3906918064, 3906918080]
[3906918176, 3906918208]
[3906918240, 3906918256]
[3906918320, 3906918336]
[3906918432, 3906918464]
[3906918496, 3906918512]
[3906918576, 3906918592]
[3906918688, 3906918720]
[3906918752, 3906918768]
[3906918832, 3906918848]
[3906918944, 3906918976]
[3906919008, 3906919024]
[3906919088, 3906919104]
[3906919200, 3906919232]
[3906919264, 3906919280]
[3906919344, 3906919360]
[3906919456, 3906919488]
[3906919520, 3906919536]
[3906919600, 3906919616]
[3906919712, 3906919744]
[3906919776, 3906919792]
[3906919856, 3906919872]
[3906919968, 3906920000]
[3906920032, 3906920048]
[3906920112, 3906920128]
[3906920224, 3906920256]
[3906920288, 3906920304]
[3906920368, 3906920384]
[3906920480, 3906920512]
[3906920544, 3906920560]
[3906920624, 3906920640]
[3906920736, 3906920768]
[3906920800, 3906920816]
[3906920880, 3906920896]
[3906920992, 3906921024]
[3906921056, 3906921072]
[3906921136, 3906921152]
[3906921248, 3906921280]
[3906921312, 3906921328]
[3906921392, 3906921408]
[3906921504, 3906921536]
[3906921568, 3906921584]
[3906921648, 3906921664]
[3906921760, 3906921792]
[3906921824, 3906921840]
[3906921904, 3906921920]
[3906922016, 3906922048]
[3906922080, 3906922096]
[3906922160, 3906922176]
[3906922272, 3906922304]
[3906922336, 3906922352]
[3906922416, 3906922432]
[3906922528, 3906922560]
[3906922592, 3906922608]
[3906922672, 3906922688]
[3906922784, 3906922816]
[3906922848, 3906922864]
[3906922928, 3906922944]
[3906923040, 3906923072]
[3906923104, 3906923120]
[3906923184, 3906923200]
[3906923296, 3906923328]
[3906923360, 3906923376]
[3906923440, 3906923456]
[3906923552, 3906923584]
[3906923616, 3906923632]
[3906923696, 3906923712]
[3906923808, 3906923840]
[3906923872, 3906923888]
[3906923952, 3906923968]
[3906924064, 3906924096]
[3906924128, 3906924144]
[3906924208, 3906924224]
[3906924320, 3906924352]
[3906924384, 3906924400]
[3906924464, 3906924480]
[3906924576, 3906924608]
[3906924640, 3906924656]
[3906924720, 3906924736]
[3906924832, 3906924864]
[3906924896, 3906924912]
[3906924976, 3906924992]
[3906925088, 3906925120]
[3906925152, 3906925168]
[3906925232, 3906925248]
[3906925344, 3906925376]
[3906925408, 3906925424]
[3906925488, 3906925504]
[3906925600, 3906925632]
[3906925664, 3906925680]
[3906925744, 3906925760]
[3906925856, 3906925888]
[3906925920, 3906925936]
[3906926000, 3906926016]
[3906926112, 3906926144]
[3906926176, 3906926192]
[3906926256, 3906926272]
[3906926368, 3906926400]
[3906926432, 3906926448]
[3906926512, 3906926528]
[3906926624, 3906926656]
[3906926688, 3906926704]
[3906926768, 3906926784]
[3906926880, 3906926912]
[3906926944, 3906926960]
[3906927024, 3906927040]
[3906927136, 3906927168]
[3906927200, 3906927216]
[3906927280, 3906927296]
[3906927392, 3906927424]
[3906927456, 3906927472]
[3906927536, 3906927552]
[3906927648, 3906927680]
[3906927712, 3906927728]
[3906927792, 3906927808]
[3906927904, 3906927936]
[3906927968, 3906927984]
[3906928048, 3906928064]
[3906928160, 3906928192]
[3906928224, 3906928240]
[3906928304, 3906928320]
[3906928416, 3906928448]
[3906928480, 3906928496]
[3906928560, 3906928576]
[3906928672, 3906928704]
[3906928736, 3906928752]
[3906928816, 3906928832]
[3906928928, 3906928960]
[3906928992, 3906929008]
[3906929072, 3906929088]
[3906929184, 3906929216]
[3906929248, 3906929264]
[3906929328, 3906929344]
[3906929440, 3906929472]
[3906929504, 3906929520]
[3906929584, 3906929600]
[3906929696, 3906929728]
[3906929760, 3906929776]
[3906929840, 3906929856]
[3906929952, 3906929984]
[3906930016, 3906930032]
[3906930096, 3906930112]
[3906930208, 3906930240]
[3906930272, 3906930288]
[3906930352, 3906930368]
[3906930464, 3906930496]
[3906930528, 3906930544]
[3906930608, 3906930624]
[3906930720, 3906930752]
[3906930784, 3906930800]
[3906930864, 3906930880]
[3906930976, 3906931008]
[3906931040, 3906931056]
[3906931120, 3906931136]
[3906931232, 3906931264]
[3906931296, 3906931312]
[3906931376, 3906931392]
[3906931488, 3906931520]
[3906931552, 3906931568]
[3906931632, 3906931648]
[3906931744, 3906931776]
[3906931808, 3906931824]
[3906931888, 3906931904]
[3906932000, 3906932032]
[3906932064, 3906932080]
[3906932144, 3906932160]
[3906932256, 3906932288]
[3906932320, 3906932336]
[3906932400, 3906932416]
[3906932512, 3906932544]
[3906932576, 3906932592]
[3906932656, 3906932672]
[3906932768, 3906932800]
[3906932832, 3906932848]
[3906932912, 3906932928]
[3906933024, 3906933056]
[3906933088, 3906933104]
[3906933168, 3906933184]
[3906933280, 3906933312]
[3906933344, 3906933360]
[3906933424, 3906933440]
[3906933536, 3906933568]
[3906933600, 3906933616]
[3906933680, 3906933696]
[3906933792, 3906933824]
[3906933856, 3906933872]
[3906933936, 3906933952]
[3906934048, 3906934080]
[3906934112, 3906934128]
[3906934192, 3906934208]
[3906934304, 3906934336]
[3906934368, 3906934384]
[3906934448, 3906934464]
[3906934560, 3906934592]
[3906934624, 3906934640]
[3906934704, 3906934720]
[3906934816, 3906934848]
[3906934880, 3906934896]
[3906934960, 3906934976]
[3906935072, 3906935104]
[3906935136, 3906935152]
[3906935216, 3906935232]
[3906935328, 3906935360]
[3906935392, 3906935408]
[3906935472, 3906935488]
[3906935584, 3906935616]
[3906935648, 3906935664]
[3906935728, 3906935744]
[3906935840, 3906935872]
[3906935904, 3906935920]
[3906935984, 3906936000]
[3906936096, 3906936128]
[3906936160, 3906936176]
[3906936240, 3906936256]
[3906936352, 3906936384]
[3906936416, 3906936432]
[3906936496, 3906936512]
[3906936608, 3906936640]
[3906936672, 3906936688]
[3906936752, 3906936768]
[3906936864, 3906936896]
[3906936928, 3906936944]
[3906937008, 3906937024]
[3906937120, 3906937152]
[3906937184, 3906937200]
[3906937264, 3906937280]
[3906937376, 3906937408]
[3906937440, 3906937456]
[3906937520, 3906937536]
[3906937632, 3906937664]
[3906937696, 3906937712]
[3906937776, 3906937792]
[3906937888, 3906937920]
[3906937952, 3906937968]
[3906938032, 3906938048]
[3906938144, 3906938176]
[3906938208, 3906938224]
[3906938288, 3906938304]
[3906938400, 3906938432]
[3906938464, 3906938480]
[3906938544, 3906938560]
[3906938656, 3906938688]
[3906938720, 3906938736]
[3906938800, 3906938816]
[3906938912, 3906938944]
[3906938976, 3906938992]
[3906939056, 3906939072]
[3906939168, 3906939200]
[3906939232, 3906939248]
[3906939312, 3906939328]
[3906939424, 3906939456]
[3906939488, 3906939504]
[3906939568, 3906939584]
[3906939680, 3906939712]
[3906939744, 3906939760]
[3906939824, 3906939840]
[3906939936, 3906939968]
[3906940000, 3906940016]
[3906940080, 3906940096]
[3906940192, 3906940224]
[3906940256, 3906940272]
[3906940336, 3906940352]
[3906940448, 3906940480]
[3906940512, 3906940528]
[3906940592, 3906940608]
[3906940704, 3906940736]
[3906940768, 3906940784]
[3906940848, 3906940864]
[3906940960, 3906940992]
[3906941024, 3906941040]
[3906941104, 3906941120]
[3906941216, 3906941248]
[3906941280, 3906941296]
[3906941360, 3906941376]
[3906941472, 3906941504]
[3906941536, 3906941552]
[3906941616, 3906941632]
[3906941728, 3906941760]
[3906941792, 3906941808]
[3906941872, 3906941888]
[3906941984, 3906942016]
[3906942048, 3906942064]
[3906942128, 3906942144]
[3906942240, 3906942272]
[3906942304, 3906942320]
[3906942384, 3906942400]
[3906942496, 3906942528]
[3906942560, 3906942576]
[3906942640, 3906942656]
[3906942752, 3906942784]
[3906942816, 3906942832]
[3906942896, 3906942912]
[3906943008, 3906943040]
[3906943072, 3906943088]
[3906943152, 3906943168]
[3906943264, 3906943296]
[3906943328, 3906943344]
[3906943408, 3906943424]
[3906943520, 3906943552]
[3906943584, 3906943600]
[3906943664, 3906943680]
[3906943776, 3906943808]
[3906943840, 3906943856]
[3906943920, 3906943936]
[3906944032, 3906944064]
[3906944096, 3906944112]
[3906944176, 3906944192]
[3906944288, 3906944320]
[3906944352, 3906944368]
[3906944432, 3906944448]
[3906944544, 3906944576]
[3906944608, 3906944624]
[3906944688, 3906944704]
[3906944800, 3906944832]
[3906944864, 3906944880]
[3906944944, 3906944960]
[3906945056, 3906945088]
[3906945120, 3906945136]
[3906945200, 3906945216]
[3906945312, 3906945344]
[3906945376, 3906945392]
[3906945456, 3906945472]
[3906945568, 3906945600]
[3906945632, 3906945648]
[3906945712, 3906945728]
[3906945824, 3906945856]
[3906945888, 3906945904]
[3906945968, 3906945984]
[3906946080, 3906946112]
[3906946144, 3906946160]
[3906946224, 3906946240]
[3906946336, 3906946368]
[3906946400, 3906946416]
[3906946480, 3906946496]
[3906946592, 3906946624]
[3906946656, 3906946672]
[3906946736, 3906946752]
[3906946848, 3906946880]
[3906946912, 3906946928]
[3906946992, 3906947008]
[3906947104, 3906947136]
[3906947168, 3906947184]
[3906947248, 3906947264]
[3906947360, 3906947392]
[3906947424, 3906947440]
[3906947504, 3906947520]
[3906947616, 3906947648]
[3906947680, 3906947696]
[3906947760, 3906947776]
[3906947872, 3906947904]
[3906947936, 3906947952]
[3906948016, 3906948032]
[3906948128, 3906948160]
[3906948192, 3906948208]
[3906948272, 3906948288]
[3906948384, 3906948416]
[3906948448, 3906948464]
[3906948528, 3906948544]
[3906948640, 3906948672]
[3906948704, 3906948720]
[3906948784, 3906948800]
[3906948896, 3906948928]
[3906948960, 3906948976]
[3906949040, 3906949056]
[3906949152, 3906949184]
[3906949216, 3906949232]
[3906949296, 3906949312]
[3906949408, 3906949440]
[3906949472, 3906949488]
[3906949552, 3906949568]
[3906949664, 3906949696]
[3906949728, 3906949744]
[3906949808, 3906949824]
[3906949920, 3906949952]
[3906949984, 3906950000]
[3906950064, 3906950080]
[3906950176, 3906950208]
[3906950240, 3906950256]
[3906950320, 3906950336]
[3906950432, 3906950464]
[3906950496, 3906950512]
[3906950576, 3906950592]
[3906950688, 3906950720]
[3906950752, 3906950768]
[3906950832, 3906950848]
[3906950944, 3906950976]
[3906951008, 3906951024]
[3906951088, 3906951104]
[3906951200, 3906951232]
[3906951264, 3906951280]
[3906951344, 3906951360]
[3906951456, 3906951488]
[3906951520, 3906951536]
[3906951600, 3906951616]
[3906951712, 3906951744]
[3906951776, 3906951792]
[3906951856, 3906951872]
[3906951968, 3906952000]
[3906952032, 3906952048]
[3906952112, 3906952128]
[3906952224, 3906952256]
[3906952288, 3906952304]
[3906952368, 3906952384]
[3906952480, 3906952512]
[3906952544, 3906952560]
[3906952624, 3906952640]
[3906952736, 3906952768]
[3906952800, 3906952816]
[3906952880, 3906952896]
[3906952992, 3906953024]
[3906953056, 3906953072]
[3906953136, 3906953152]
[3906953248, 3906953280]
[3906953312, 3906953328]
[3906953392, 3906953408]
[3906953504, 3906953536]
[3906953568, 3906953584]
[3906953648, 3906953664]
[3906953760, 3906953792]
[3906953824, 3906953840]
[3906953904, 3906953920]
[3906954016, 3906954048]
[3906954080, 3906954096]
[3906954160, 3906954176]
[3906954272, 3906954304]
[3906954336, 3906954352]
[3906954416, 3906954432]
[3906954528, 3906954560]
[3906954592, 3906954608]
[3906954672, 3906954688]
[3906954784, 3906954816]
[3906954848, 3906954864]
[3906954928, 3906954944]
[3906955040, 3906955072]
[3906955104, 3906955120]
[3906955184, 3906955200]
[3906955296, 3906955328]
[3906955360, 3906955376]
[3906955440, 3906955456]
[3906955552, 3906955584]
[3906955616, 3906955632]
[3906955696, 3906955712]
[3906955808, 3906955840]
[3906955872, 3906955888]
[3906955952, 3906955968]
[3906956064, 3906956096]
[3906956128, 3906956144]
[3906956208, 3906956224]
[3906956320, 3906956352]
[3906956384, 3906956400]
[3906956464, 3906956480]
[3906956576, 3906956608]
[3906956640, 3906956656]
[3906956720, 3906956736]
[3906956832, 3906956864]
[3906956896, 3906956912]
[3906956976, 3906956992]
[3906957088, 3906957120]
[3906957152, 3906957168]
[3906957232, 3906957248]
[3906957344, 3906957376]
[3906957408, 3906957424]
[3906957488, 3906957504]
[3906957600, 3906957632]
[3906957664, 3906957680]
[3906957744, 3906957760]
[3906957856, 3906957888]
[3906957920, 3906957936]
[3906958000, 3906958016]
[3906958112, 3906958144]
[3906958176, 3906958192]
[3906958256, 3906958272]
[3906958368, 3906958400]
[3906958432, 3906958448]
[3906958512, 3906958528]
[3906958624, 3906958656]
[3906958688, 3906958704]
[3906958768, 3906958784]
[3906958880, 3906958912]
[3906958944, 3906958960]
[3906959024, 3906959040]
[3906959136, 3906959168]
[3906959200, 3906959216]
[3906959280, 3906959296]
[3906959392, 3906959424]
[3906959456, 3906959472]
[3906959536, 3906959552]
[3906959648, 3906959680]
[3906959712, 3906959728]
[3906959792, 3906959808]
[3906959904, 3906959936]
[3906959968, 3906959984]
[3906960048, 3906960064]
[3906960160, 3906960192]
[3906960224, 3906960240]
[3906960304, 3906960320]
[3906960416, 3906960448]
[3906960480, 3906960496]
[3906960560, 3906960576]
[3906960672, 3906960704]
[3906960736, 3906960752]
[3906960816, 3906960832]
[3906960928, 3906960960]
[3906960992, 3906961008]
[3906961072, 3906961088]
[3906961184, 3906961216]
[3906961248, 3906961264]
[3906961328, 3906961344]
[3906961440, 3906961472]
[3906961504, 3906961520]
[3906961584, 3906961600]
[3906961696, 3906961728]
[3906961760, 3906961776]
[3906961840, 3906961856]
[3906961952, 3906961984]
[3906962016, 3906962032]
[3906962096, 3906962112]
[3906962208, 3906962240]
[3906962272, 3906962288]
[3906962352, 3906962368]
[3906962464, 3906962496]
[3906962528, 3906962544]
[3906962608, 3906962624]
[3906962720, 3906962752]
[3906962784, 3906962800]
[3906962864, 3906962880]
[3906962976, 3906963008]
[3906963040, 3906963056]
[3906963120, 3906963136]
[3906963232, 3906963264]
[3906963296, 3906963312]
[3906963376, 3906963392]
[3906963488, 3906963520]
[3906963552, 3906963568]
[3906963632, 3906963648]
[3906963744, 3906963776]
[3906963808, 3906963824]
[3906963888, 3906963904]
[3906964000, 3906964032]
[3906964064, 3906964080]
[3906964144, 3906964160]
[3906964256, 3906964288]
[3906964320, 3906964336]
[3906964400, 3906964416]
[3906964512, 3906964544]
[3906964576, 3906964592]
[3906964656, 3906964672]
[3906964768, 3906964800]
[3906964832, 3906964848]
[3906964912, 3906964928]
[3906965024, 3906965056]
[3906965088, 3906965104]
[3906965168, 3906965184]
[3906965280, 3906965312]
[3906965344, 3906965360]
[3906965424, 3906965440]
[3906965536, 3906965568]
[3906965600, 3906965616]
[3906965680, 3906965696]
[3906965792, 3906965824]
[3906965856, 3906965872]
[3906965936, 3906965952]
[3906966048, 3906966080]
[3906966112, 3906966128]
[3906966192, 3906966208]
[3906966304, 3906966336]
[3906966368, 3906966384]
[3906966448, 3906966464]
[3906966560, 3906966592]
[3906966624, 3906966640]
[3906966704, 3906966720]
[3906966816, 3906966848]
[3906966880, 3906966896]
[3906966960, 3906966976]
[3906967072, 3906967104]
[3906967136, 3906967152]
[3906967216, 3906967232]
[3906967328, 3906967360]
[3906967392, 3906967408]
[3906967472, 3906967488]
[3906967584, 3906967616]
[3906967648, 3906967664]
[3906967728, 3906967744]
[3906967840, 3906967872]
[3906967904, 3906967920]
[3906967984, 3906968000]
[3906968096, 3906968128]
[3906968160, 3906968176]
[3906968240, 3906968256]
[3906968352, 3906968384]
[3906968416, 3906968432]
[3906968496, 3906968512]
[3906968608, 3906968640]
[3906968672, 3906968688]
[3906968752, 3906968768]
[3906968864, 3906968896]
[3906968928, 3906968944]
[3906969008, 3906969024]
[3906969120, 3906969152]
[3906969184, 3906969200]
[3906969264, 3906969280]
[3906969376, 3906969408]
[3906969440, 3906969456]
[3906969520, 3906969536]
[3906969632, 3906969664]
[3906969696, 3906969712]
[3906969776, 3906969792]
[3906969888, 3906969920]
[3906969952, 3906969968]
[3906970032, 3906970048]
[3906970144, 3906970176]
[3906970208, 3906970224]
[3906970288, 3906970304]
[3906970400, 3906970432]
[3906970464, 3906970480]
[3906970544, 3906970560]
[3906970656, 3906970688]
[3906970720, 3906970736]
[3906970800, 3906970816]
[3906970912, 3906970944]
[3906970976, 3906970992]
[3906971056, 3906971072]
[3906971168, 3906971200]
[3906971232, 3906971248]
[3906971312, 3906971328]
[3906971424, 3906971456]
[3906971488, 3906971504]
[3906971568, 3906971584]
[3906971680, 3906971712]
[3906971744, 3906971760]
[3906971824, 3906971840]
[3906971936, 3906971968]
[3906972000, 3906972016]
[3906972080, 3906972096]
[3906972192, 3906972224]
[3906972256, 3906972272]
[3906972336, 3906972352]
[3906972448, 3906972480]
[3906972512, 3906972528]
[3906972592, 3906972608]
[3906972704, 3906972736]
[3906972768, 3906972784]
[3906972848, 3906972864]
[3906972960, 3906972992]
[3906973024, 3906973040]
[3906973104, 3906973120]
[3906973216, 3906973248]
[3906973280, 3906973296]
[3906973360, 3906973376]
[3906973472, 3906973504]
[3906973536, 3906973552]
[3906973616, 3906973632]
[3906973728, 3906973760]
[3906973792, 3906973808]
[3906973872, 3906973888]
[3906973984, 3906974016]
[3906974048, 3906974064]
[3906974128, 3906974144]
[3906974240, 3906974272]
[3906974304, 3906974320]
[3906974384, 3906974400]
[3906974496, 3906974528]
[3906974560, 3906974576]
[3906974640, 3906974656]
[3906974752, 3906974784]
[3906974816, 3906974832]
[3906974896, 3906974912]
[3906975008, 3906975040]
[3906975072, 3906975088]
[3906975152, 3906975168]
[3906975264, 3906975296]
[3906975328, 3906975344]
[3906975408, 3906975424]
[3906975520, 3906975552]
[3906975584, 3906975600]
[3906975664, 3906975680]
[3906975776, 3906975808]
[3906975840, 3906975856]
[3906975920, 3906975936]
[3906976032, 3906976064]
[3906976096, 3906976112]
[3906976176, 3906976192]
[3906976288, 3906976320]
[3906976352, 3906976368]
[3906976432, 3906976448]
[3906976544, 3906976576]
[3906976608, 3906976624]
[3906976688, 3906976704]
[3906976800, 3906976832]
[3906976864, 3906976880]
[3906976944, 3906976960]
[3906977056, 3906977088]
[3906977120, 3906977136]
[3906977200, 3906977216]
[3906977312, 3906977344]
[3906977376, 3906977392]
[3906977456, 3906977472]
[3906977568, 3906977600]
[3906977632, 3906977648]
[3906977712, 3906977728]
[3906977824, 3906977856]
[3906977888, 3906977904]
[3906977968, 3906977984]
[3906978080, 3906978112]
[3906978144, 3906978160]
[3906978224, 3906978240]
[3906978336, 3906978368]
[3906978400, 3906978416]
[3906978480, 3906978496]
[3906978592, 3906978624]
[3906978656, 3906978672]
[3906978736, 3906978752]
[3906978848, 3906978880]
[3906978912, 3906978928]
[3906978992, 3906979008]
[3906979104, 3906979136]
[3906979168, 3906979184]
[3906979248, 3906979264]
[3906979360, 3906979392]
[3906979424, 3906979440]
[3906979504, 3906979520]
[3906979616, 3906979648]
[3906979680, 3906979696]
[3906979760, 3906979776]
[3906979872, 3906979904]
[3906979936, 3906979952]
[3906980016, 3906980032]
[3906980128, 3906980160]
[3906980192, 3906980208]
[3906980272, 3906980288]
[3906980384, 3906980416]
[3906980448, 3906980464]
[3906980528, 3906980544]
[3906980640, 3906980672]
[3906980704, 3906980720]
[3906980784, 3906980800]
[3906980896, 3906980928]
[3906980960, 3906980976]
[3906981040, 3906981056]
[3906981152, 3906981184]
[3906981216, 3906981232]
[3906981296, 3906981312]
[3906981408, 3906981440]
[3906981472, 3906981488]
[3906981552, 3906981568]
[3906981664, 3906981696]
[3906981728, 3906981744]
[3906981808, 3906981824]
[3906981920, 3906981952]
[3906981984, 3906982000]
[3906982064, 3906982080]
[3906982176, 3906982208]
[3906982240, 3906982256]
[3906982320, 3906982336]
[3906982432, 3906982464]
[3906982496, 3906982512]
[3906982576, 3906982592]
[3906982688, 3906982720]
[3906982752, 3906982768]
[3906982832, 3906982848]
[3906982944, 3906982976]
[3906983008, 3906983024]
[3906983088, 3906983104]
[3906983200, 3906983232]
[3906983264, 3906983280]
[3906983344, 3906983360]
[3906983456, 3906983488]
[3906983520, 3906983536]
[3906983600, 3906983616]
[3906983712, 3906983744]
[3906983776, 3906983792]
[3906983856, 3906983872]
[3906983968, 3906984000]
[3906984032, 3906984048]
[3906984112, 3906984128]
[3906984224, 3906984256]
[3906984288, 3906984304]
[3906984368, 3906984384]
[3906984480, 3906984512]
[3906984544, 3906984560]
[3906984624, 3906984640]
[3906984736, 3906984768]
[3906984800, 3906984816]
[3906984880, 3906984896]
[3906984992, 3906985024]
[3906985056, 3906985072]
[3906985136, 3906985152]
[3906985248, 3906985280]
[3906985312, 3906985328]
[3906985392, 3906985408]
[3906985504, 3906985536]
[3906985568, 3906985584]
[3906985648, 3906985664]
[3906985760, 3906985792]
[3906985824, 3906985840]
[3906985904, 3906985920]
[3906986016, 3906986048]
[3906986080, 3906986096]
[3906986160, 3906986176]
[3906986272, 3906986304]
[3906986336, 3906986352]
[3906986416, 3906986432]
[3906986528, 3906986560]
[3906986592, 3906986608]
[3906986672, 3906986688]
[3906986784, 3906986816]
[3906986848, 3906986864]
[3906986928, 3906986944]
[3906987040, 3906987072]
[3906987104, 3906987120]
[3906987184, 3906987200]
[3906987296, 3906987328]
[3906987360, 3906987376]
[3906987440, 3906987456]
[3906987552, 3906987584]
[3906987616, 3906987632]
[3906987696, 3906987712]
[3906987808, 3906987840]
[3906987872, 3906987888]
[3906987952, 3906987968]
[3906988064, 3906988096]
[3906988128, 3906988144]
[3906988208, 3906988224]
[3906988320, 3906988352]
[3906988384, 3906988400]
[3906988464, 3906988480]
[3906988576, 3906988608]
[3906988640, 3906988656]
[3906988720, 3906988736]
[3906988832, 3906988864]
[3906988896, 3906988912]
[3906988976, 3906988992]
[3906989088, 3906989120]
[3906989152, 3906989168]
[3906989232, 3906989248]
[3906989344, 3906989376]
[3906989408, 3906989424]
[3906989488, 3906989504]
[3906989600, 3906989632]
[3906989664, 3906989680]
[3906989744, 3906989760]
[3906989856, 3906989888]
[3906989920, 3906989936]
[3906990000, 3906990016]
[3906990112, 3906990144]
[3906990176, 3906990192]
[3906990256, 3906990272]
[3906990368, 3906990400]
[3906990432, 3906990448]
[3906990512, 3906990528]
[3906990624, 3906990656]
[3906990688, 3906990704]
[3906990768, 3906990784]
[3906990880, 3906990912]
[3906990944, 3906990960]
[3906991024, 3906991040]
[3906991136, 3906991168]
[3906991200, 3906991216]
[3906991280, 3906991296]
[3906991392, 3906991424]
[3906991456, 3906991472]
[3906991536, 3906991552]
[3906991648, 3906991680]
[3906991712, 3906991728]
[3906991792, 3906991808]
[3906991904, 3906991936]
[3906991968, 3906991984]
[3906992048, 3906992064]
[3906992160, 3906992192]
[3906992224, 3906992240]
[3906992304, 3906992320]
[3906992416, 3906992448]
[3906992480, 3906992496]
[3906992560, 3906992576]
[3906992672, 3906992704]
[3906992736, 3906992752]
[3906992816, 3906992832]
[3906992928, 3906992960]
[3906992992, 3906993008]
[3906993072, 3906993088]
[3906993184, 3906993216]
[3906993248, 3906993264]
[3906993328, 3906993344]
[3906993440, 3906993472]
[3906993504, 3906993520]
[3906993584, 3906993600]
[3906993696, 3906993728]
[3906993760, 3906993776]
[3906993840, 3906993856]
[3906993952, 3906993984]
[3906994016, 3906994032]
[3906994096, 3906994112]
[3907977216, 3908042752]
[3909025792, 3909091328]
